customerID,churn_probability,risk_tier,tenure,adoption_score,opportunity_value,health_score,Contract,InternetService,PaymentMethod,MonthlyCharges,TotalCharges
7590-VHVEG,0.8022255,High Risk,1,0.16666666666666666,69.85094063549555,13.638726472854614,Month-to-month,DSL,Electronic check,29.85,29.85
5575-GNVDE,0.12118291,Low Risk,34,0.3333333333333333,63.62766722473353,64.77418740590413,One year,DSL,Mailed check,56.95,1889.5
3668-QPYBK,0.6616686,High Risk,2,0.3333333333333333,66.70527605705252,24.4165700674057,Month-to-month,DSL,Mailed check,53.85,108.15
7795-CFOCW,0.12566823,Low Risk,45,0.5,57.53421322144395,72.46658861637115,One year,DSL,Bank transfer (automatic),42.3,1840.75
9237-HQITU,0.816978,High Risk,2,0.0,80.99453605766122,9.984434445699057,Month-to-month,Fiber optic,Electronic check,70.7,151.65
9305-CDSKC,0.88672715,High Risk,8,0.5,20.382714003898286,18.996975620587666,Month-to-month,Fiber optic,Electronic check,99.65,820.5
1452-KIOVK,0.6405539,High Risk,22,0.3333333333333333,46.501889381793205,33.80563875039419,Month-to-month,Fiber optic,Credit card (automatic),89.1,1949.4
6713-OKOMC,0.40321705,Medium Risk,10,0.16666666666666666,77.84887147921819,37.33914613723755,Month-to-month,DSL,Mailed check,29.75,301.9
7892-POOKP,0.7596841,High Risk,28,0.6666666666666666,14.289260000608706,37.01579570770264,Month-to-month,Fiber optic,Electronic check,104.8,3046.05
6388-TABGU,0.09719361,Low Risk,62,0.3333333333333333,66.70527605705252,77.64032006263733,One year,DSL,Bank transfer (automatic),56.15,3487.95
9763-GRSKD,0.3643689,Medium Risk,13,0.16666666666666666,77.84887147921819,40.531554222106934,Month-to-month,DSL,Mailed check,49.95,587.45
7469-LKBCI,0.081547715,Low Risk,16,0.0,0.0,52.58927981058756,Two year,No,Credit card (automatic),18.95,326.8
8091-TTVAX,0.43661854,Medium Risk,58,0.5,20.382714003898286,62.33573834101359,One year,Fiber optic,Credit card (automatic),100.35,5681.1
0280-XJGEX,0.6777607,High Risk,49,0.6666666666666666,9.239118581732612,49.861963987350464,Month-to-month,Fiber optic,Bank transfer (automatic),103.7,5036.3
5129-JLPIS,0.67659384,High Risk,25,0.8333333333333334,11.143595422165674,43.253641327222184,Month-to-month,Fiber optic,Electronic check,105.5,2686.05
3655-SNQYZ,0.079294115,Low Risk,69,1.0,0.0,94.78529572486877,Two year,Fiber optic,Credit card (automatic),113.25,7895.15
8191-XWSZG,0.076704115,Low Risk,52,0.0,0.0,67.83145944277446,One year,No,Mailed check,20.65,1022.95
9959-WOFKT,0.34966123,Medium Risk,71,0.6666666666666666,17.237049425455254,75.43360511461894,Two year,Fiber optic,Bank transfer (automatic),106.7,7382.25
4190-MFLUW,0.39783594,Medium Risk,10,0.3333333333333333,60.67987779988698,40.941534837087,Month-to-month,DSL,Credit card (automatic),55.2,528.35
4183-MYFRB,0.72903323,High Risk,21,0.5,32.588169835434954,32.298338413238525,Month-to-month,Fiber optic,Electronic check,90.05,1862.9
8779-QRDMV,0.85804427,High Risk,1,0.3333333333333333,43.73176525760063,14.181119998296102,Month-to-month,DSL,Electronic check,39.65,39.65
1680-VDCWW,0.16551743,Low Risk,12,0.0,0.0,46.724127531051636,One year,No,Bank transfer (automatic),19.8,202.25
1066-JKSGK,0.6056778,High Risk,1,0.0,0.0,20.132777492205303,Month-to-month,No,Mailed check,20.15,20.15
3638-WEABW,0.063646816,Low Risk,58,0.3333333333333333,63.75748663220597,77.6509936650594,Two year,DSL,Credit card (automatic),59.9,3505.1
6322-HRPFA,0.22368456,Low Risk,49,0.5,60.611822053762936,69.2324392000834,Month-to-month,DSL,Credit card (automatic),59.6,2970.3
6865-JZNKO,0.2616498,Low Risk,30,0.3333333333333333,66.70527605705252,56.08417729536692,Month-to-month,DSL,Bank transfer (automatic),55.3,1530.6
6467-CHFZW,0.7125848,High Risk,47,0.5,23.460322836217273,43.954093654950455,Month-to-month,Fiber optic,Electronic check,99.35,4749.15
8665-UTDHZ,0.73822504,High Risk,1,0.16666666666666666,69.85094063549555,16.83874785900116,Month-to-month,DSL,Electronic check,30.2,30.2
5248-YGIJN,0.041115217,Low Risk,72,1.0,0.0,97.94423878192902,Two year,DSL,Credit card (automatic),90.25,6369.45
8773-HHUOZ,0.4602227,Medium Risk,17,0.3333333333333333,34.60391825838295,40.73886394500732,Month-to-month,DSL,Mailed check,64.7,1093.1
3841-NFECX,0.08770438,Low Risk,71,0.6666666666666666,46.390617799278274,88.53144864241283,Two year,Fiber optic,Credit card (automatic),96.35,6766.95
4929-XIHVW,0.8625856,High Risk,2,0.5,20.382714003898286,17.70405312379201,Month-to-month,Fiber optic,Credit card (automatic),95.5,181.65
6827-IEAUQ,0.12414384,Low Risk,27,0.6666666666666666,46.390617799278274,68.37614138921101,One year,DSL,Mailed check,66.15,1874.45
7310-EGVHZ,0.5745852,Medium Risk,1,0.0,0.0,21.687406698862713,Month-to-month,No,Bank transfer (automatic),20.2,20.2
3413-BMNZE,0.7382786,High Risk,1,0.0,80.99453605766122,13.502735296885174,Month-to-month,DSL,Bank transfer (automatic),45.25,45.25
6234-RAAPL,0.06123718,Low Risk,72,0.6666666666666666,37.26277080006059,90.27147551377614,Two year,Fiber optic,Bank transfer (automatic),99.9,7251.7
6047-YHPVI,0.80264544,High Risk,5,0.0,80.99453605766122,11.951061089833576,Month-to-month,Fiber optic,Electronic check,69.7,316.9
6572-ADKRS,0.5017043,Medium Risk,46,0.16666666666666666,66.77333180317656,47.41478621959686,Month-to-month,Fiber optic,Credit card (automatic),74.8,3548.3
5380-WJKOV,0.7552332,High Risk,34,0.6666666666666666,9.239118581732612,39.738338589668274,Month-to-month,Fiber optic,Electronic check,106.35,3549.25
8168-UQWWF,0.8540174,High Risk,11,0.5,20.382714003898286,21.882464488347374,Month-to-month,Fiber optic,Bank transfer (automatic),97.85,1105.4
8865-TNMNX,0.2536399,Low Risk,10,0.16666666666666666,69.85094063549555,44.81800317764282,One year,DSL,Mailed check,49.55,475.7
9489-DEDVP,0.10698586,Low Risk,70,0.5,43.35622480335017,83.81737331549326,Two year,DSL,Credit card (automatic),69.2,4872.35
9867-JCZSP,0.09924918,Low Risk,17,0.0,0.0,52.12087412675221,One year,No,Mailed check,20.75,418.25
4671-VJLCL,0.08466073,Low Risk,63,0.8333333333333334,23.041566545575932,88.68363122145335,Two year,DSL,Credit card (automatic),79.85,4861.45
4080-IIARD,0.50201106,Medium Risk,13,0.6666666666666666,37.26277080006059,43.649446964263916,Month-to-month,DSL,Electronic check,76.2,981.45
3714-NTNFO,0.68720067,High Risk,49,0.16666666666666666,57.95296951208529,39.3899667263031,Month-to-month,Fiber optic,Electronic check,84.5,3906.7
5948-UJZLF,0.64061457,High Risk,2,0.16666666666666666,69.85094063549555,22.13593820730845,Month-to-month,DSL,Mailed check,49.25,97.0
7760-OYPDY,0.8455601,High Risk,2,0.16666666666666666,57.64548480395888,11.888662974039713,Month-to-month,Fiber optic,Electronic check,80.65,144.15
7639-LIAYI,0.07418985,Low Risk,52,0.6666666666666666,25.364799676650335,81.2905079126358,Two year,DSL,Credit card (automatic),79.75,4217.8
2954-PIBKO,0.05840209,Low Risk,69,0.5,57.53421322144395,85.82989692687988,Two year,DSL,Credit card (automatic),64.15,4254.1
8012-SOUDQ,0.6937922,High Risk,43,0.3333333333333333,46.501889381793205,39.89372213681539,Month-to-month,Fiber optic,Electronic check,90.25,3838.75
9420-LOJKX,0.7773665,High Risk,15,0.6666666666666666,20.31465825777424,30.71500738461812,Month-to-month,Fiber optic,Credit card (automatic),99.1,1426.4
6575-SUVOI,0.30479896,Medium Risk,25,0.5,48.40636622222627,55.17671863238016,Month-to-month,DSL,Credit card (automatic),69.5,1752.65
7495-OOKFY,0.8191048,High Risk,8,0.16666666666666666,69.85094063549555,15.711427132288613,Month-to-month,Fiber optic,Credit card (automatic),80.65,633.3
4667-QONEA,0.18418984,Low Risk,60,0.8333333333333334,23.349051253702342,82.45717386404674,One year,DSL,Credit card (automatic),74.85,4456.35
1658-BYGOY,0.80833477,High Risk,18,0.3333333333333333,34.60391825838295,23.74992827574412,Month-to-month,Fiber optic,Electronic check,95.45,1752.55
8769-KKTPH,0.3448898,Medium Risk,63,0.5,31.458253679939915,69.00551199913025,One year,Fiber optic,Credit card (automatic),99.65,6311.2
5067-XJQFU,0.4211066,Medium Risk,66,0.8333333333333334,3.145664578443032,73.11133782068889,One year,Fiber optic,Electronic check,108.45,7076.35
3957-SQXML,0.063639544,Low Risk,34,0.0,0.0,60.98469058672586,Two year,No,Credit card (automatic),24.95,894.3
5954-BDFSG,0.12687127,Low Risk,72,0.6666666666666666,14.289260000608706,86.98976894219716,Two year,Fiber optic,Credit card (automatic),107.5,7853.7
0434-CSFON,0.73395544,High Risk,47,0.5,20.382714003898286,42.88556118806203,Month-to-month,Fiber optic,Electronic check,100.5,4707.1
1215-FIGMP,0.4331342,Medium Risk,60,0.3333333333333333,46.501889381793205,60.00995675722758,Month-to-month,Fiber optic,Bank transfer (automatic),89.9,5450.7
0526-SXDJP,0.055975527,Low Risk,72,0.5,52.484071802567854,87.20122218132019,Two year,DSL,Bank transfer (automatic),42.1,2962.0
0557-ASKVU,0.22894578,Low Risk,18,0.3333333333333333,60.67987779988698,52.71937708059947,One year,DSL,Credit card (automatic),54.4,957.1
5698-BQJOH,0.8233276,High Risk,9,0.3333333333333333,34.60391825838295,19.25028661886851,Month-to-month,Fiber optic,Electronic check,94.4,857.25
5122-CYFXA,0.65996826,High Risk,3,0.6666666666666666,17.366868832927693,31.584920485814415,Month-to-month,DSL,Electronic check,75.3,244.1
8627-ZYGSZ,0.36279193,Medium Risk,47,0.16666666666666666,69.85094063549555,54.77707187334696,One year,Fiber optic,Electronic check,78.9,3650.35
3410-YOQBQ,0.07075004,Low Risk,31,0.8333333333333334,3.145664578443032,76.04583044846854,Two year,DSL,Mailed check,79.2,2497.2
3170-NMYVV,0.053223144,Low Risk,50,0.0,0.0,68.17217667897542,Two year,No,Bank transfer (automatic),20.15,930.9
7410-OIEDU,0.6800308,High Risk,10,0.3333333333333333,63.62766722473353,26.83179219563802,Month-to-month,Fiber optic,Mailed check,79.85,887.35
2273-QCKXA,0.6269451,High Risk,1,0.16666666666666666,74.90108205437164,22.402746081352234,Month-to-month,DSL,Mailed check,49.05,49.05
0731-EBJQB,0.105712436,Low Risk,52,0.0,0.0,66.38104597727458,One year,No,Electronic check,20.4,1090.65
1891-QRQSA,0.25034449,Low Risk,64,0.8333333333333334,11.143595422165674,80.81610759099324,Two year,Fiber optic,Bank transfer (automatic),111.6,7099.0
8028-PNXHQ,0.046969067,Low Risk,62,0.0,0.0,73.48488052686055,Two year,No,Bank transfer (automatic),24.25,1424.6
5630-AHZIL,0.53053826,Medium Risk,3,0.5,48.71385093035268,34.723086953163154,Month-to-month,DSL,Bank transfer (automatic),64.5,177.4
2673-CXQEU,0.44101518,Medium Risk,56,0.8333333333333334,6.09345400328958,67.94924080371858,One year,Fiber optic,Electronic check,110.5,6139.5
6416-JNVRK,0.2251337,Low Risk,46,0.16666666666666666,57.95296951208529,61.243314146995544,One year,DSL,Credit card (automatic),55.65,2688.85
5590-ZSKRV,0.36059046,Medium Risk,8,0.3333333333333333,66.70527605705252,41.97047710418701,Month-to-month,DSL,Mailed check,54.65,482.25
0191-ZHSKZ,0.39286745,Medium Risk,30,0.6666666666666666,20.31465825777424,56.18996103604634,Month-to-month,DSL,Electronic check,74.75,2111.3
3887-PBQAO,0.11021276,Low Risk,45,0.0,0.0,63.239362835884094,One year,No,Credit card (automatic),25.9,1216.6
5919-TMRGD,0.9030978,High Risk,1,0.16666666666666666,57.64548480395888,8.595109581947327,Month-to-month,Fiber optic,Electronic check,79.35,79.35
8108-UXRQN,0.56029284,Medium Risk,11,0.5,31.458253679939915,36.56869133313497,Month-to-month,DSL,Electronic check,50.55,565.35
9191-MYQKX,0.7661157,High Risk,7,0.16666666666666666,66.77333180317656,17.94421374797821,Month-to-month,Fiber optic,Bank transfer (automatic),75.15,496.9
9919-YLNNG,0.56977785,Medium Risk,42,0.8333333333333334,3.145664578443032,55.67777434984844,Month-to-month,Fiber optic,Bank transfer (automatic),103.8,4327.5
0318-ZOPWS,0.05514675,Low Risk,49,0.0,0.0,67.65932897726694,Two year,No,Bank transfer (automatic),20.15,973.35
4445-ZJNMU,0.8601694,High Risk,9,0.5,23.460322836217273,20.74152946472168,Month-to-month,Fiber optic,Credit card (automatic),99.3,918.75
4808-YNLEU,0.14202076,Low Risk,35,0.3333333333333333,54.49982022551585,64.14896190166472,One year,DSL,Bank transfer (automatic),62.15,2215.45
1862-QRWPE,0.056462493,Low Risk,48,0.0,0.0,67.17687666416168,Two year,No,Bank transfer (automatic),20.65,1057.0
2796-NNUFI,0.05168813,Low Risk,46,0.0,0.0,66.5822599331538,Two year,No,Mailed check,19.95,927.1
3016-KSVCP,0.4309603,Medium Risk,29,0.16666666666666666,57.64548480395888,43.86865178743998,Month-to-month,DSL,Mailed check,33.75,1009.25
4767-HZZHQ,0.4852418,Medium Risk,30,0.3333333333333333,55.629736381010886,44.90457812945048,Month-to-month,Fiber optic,Bank transfer (automatic),82.05,2570.2
2424-WVHPL,0.7836847,High Risk,1,0.16666666666666666,74.90108205437164,14.565766453742981,Month-to-month,Fiber optic,Electronic check,74.7,74.7
7233-PAHHL,0.06795881,Low Risk,66,0.8333333333333334,11.143595422165674,90.7687250773112,Two year,DSL,Mailed check,84.0,5714.25
6067-NGCEU,0.38470656,Medium Risk,65,0.8333333333333334,6.09345400328958,74.51467216014862,Month-to-month,Fiber optic,Credit card (automatic),111.05,7107.0
9848-JQJTX,0.14554825,Low Risk,72,0.6666666666666666,9.239118581732612,86.05592211087544,Two year,Fiber optic,Bank transfer (automatic),100.9,7459.05
8637-XJIVR,0.77605426,High Risk,12,0.16666666666666666,77.84887147921819,19.530620177586872,Month-to-month,Fiber optic,Electronic check,78.95,927.35
9803-FTJCG,0.09328203,Low Risk,71,0.5,60.611822053762936,84.91923113663992,One year,DSL,Credit card (automatic),66.85,4748.7
0278-YXOOG,0.34037635,Medium Risk,5,0.0,0.0,35.064514478047684,Month-to-month,No,Mailed check,21.05,113.85
3212-KXOCR,0.059138894,Low Risk,52,0.0,0.0,68.70972196261089,Two year,No,Bank transfer (automatic),21.0,1107.2
4598-XLKNJ,0.77998143,High Risk,25,0.6666666666666666,9.239118581732612,34.75092828273773,Month-to-month,Fiber optic,Electronic check,98.5,2514.5
6380-ARCEH,0.5938612,Medium Risk,1,0.0,0.0,20.723605553309124,Month-to-month,No,Mailed check,20.2,20.2
3679-XASPY,0.540217,Medium Risk,1,0.0,0.0,23.40581754843394,Month-to-month,No,Electronic check,19.45,19.45
7123-WQUHX,0.20463118,Low Risk,38,0.5,37.33082654618464,65.60177286465962,One year,Fiber optic,Bank transfer (automatic),95.0,3605.6
5386-THSLQ,0.18407376,Low Risk,66,0.5,32.280685127308544,78.29631268978117,One year,DSL,Bank transfer (automatic),45.55,3027.25
3192-NQECA,0.42136642,Medium Risk,68,0.8333333333333334,3.145664578443032,73.93167734146118,Two year,Fiber optic,Bank transfer (automatic),110.0,7611.85
6180-YBIQI,0.57835734,Medium Risk,5,0.0,80.99453605766122,23.165466388066612,Month-to-month,DSL,Mailed check,24.3,100.2
6728-DKUCO,0.20526923,Low Risk,72,0.6666666666666666,20.31465825777424,83.06987245877583,One year,Fiber optic,Electronic check,104.15,7303.05
9750-BOOHV,0.16503523,Low Risk,32,0.16666666666666666,77.84887147921819,58.414904276529946,One year,DSL,Mailed check,30.15,927.65
8597-CWYHH,0.38071567,Medium Risk,43,0.3333333333333333,34.60391825838295,55.54754992326101,One year,Fiber optic,Mailed check,94.35,3921.3
2848-YXSMW,0.04781237,Low Risk,72,0.0,0.0,77.60938286781311,Two year,No,Credit card (automatic),19.4,1363.25
0486-HECZI,0.57627225,Medium Risk,55,0.5,43.35622480335017,54.10305420557657,Month-to-month,Fiber optic,Electronic check,96.75,5238.9
4549-ZDQYY,0.11633864,Low Risk,52,0.5,57.53421322144395,75.84973613421123,One year,DSL,Credit card (automatic),57.95,3042.25
5712-AHQNN,0.63138545,High Risk,43,0.5,32.280685127308544,46.347394386927284,Month-to-month,Fiber optic,Electronic check,91.65,3954.1
4846-WHAFZ,0.7032565,High Risk,37,0.0,80.99453605766122,30.253842274347942,Month-to-month,Fiber optic,Electronic check,76.5,2868.15
5256-SKJGO,0.1493142,Low Risk,64,0.6666666666666666,17.366868832927693,82.53429174423216,Two year,DSL,Electronic check,54.6,3423.5
3071-VBYPO,0.662497,High Risk,3,0.5,43.35622480335017,28.125150799751285,Month-to-month,Fiber optic,Electronic check,89.85,248.4
9560-BBZXK,0.080158845,Low Risk,36,0.16666666666666666,77.84887147921819,64.32539184888203,Two year,DSL,Bank transfer (automatic),31.05,1126.35
5299-RULOA,0.86008865,High Risk,10,0.5,31.458253679939915,21.16223434607188,Month-to-month,Fiber optic,Electronic check,100.25,1064.65
8402-OOOHJ,0.054086816,Low Risk,41,0.0,0.0,64.37899311383565,Two year,No,Mailed check,20.65,835.15
9445-ZUEQE,0.5257782,Medium Risk,27,0.3333333333333333,63.75748663220597,41.627757946650185,Month-to-month,Fiber optic,Credit card (automatic),85.2,2151.6
1091-SOZGA,0.43540633,Medium Risk,56,0.5,20.382714003898286,61.563016970952354,One year,Fiber optic,Credit card (automatic),99.8,5515.45
2928-HLDBA,0.2654781,Low Risk,6,0.0,0.0,39.22609329223633,Month-to-month,No,Mailed check,20.7,112.75
0404-SWRVG,0.85101104,High Risk,3,0.0,80.99453605766122,8.699448108673096,Month-to-month,Fiber optic,Electronic check,74.4,229.55
6497-TILVL,0.38324645,Medium Risk,7,0.16666666666666666,77.84887147921819,37.08767890930176,Month-to-month,DSL,Mailed check,50.7,350.35
7219-TLZHO,0.32057688,Medium Risk,4,0.0,0.0,35.63782135645548,Month-to-month,No,Mailed check,20.85,62.9
4622-YNKIJ,0.11488962,Low Risk,33,0.5,48.40636622222627,68.00551891326904,Two year,Fiber optic,Electronic check,88.95,3027.65
4412-YLTKF,0.727758,High Risk,27,0.16666666666666666,66.77333180317656,28.19543381532033,Month-to-month,Fiber optic,Electronic check,78.05,2135.5
6734-PSBAW,0.04176176,Low Risk,72,0.0,0.0,77.91191220283508,Two year,No,Bank transfer (automatic),23.55,1723.95
3930-ZGWVE,0.55759186,Medium Risk,1,0.0,0.0,22.537073890368145,Month-to-month,No,Mailed check,19.75,19.75
2639-UGMAZ,0.25198385,Low Risk,71,0.6666666666666666,20.31465825777424,80.31747261683147,One year,DSL,Electronic check,56.45,3985.35
2876-GZYZC,0.82339936,High Risk,13,0.16666666666666666,57.95296951208529,17.580031752586365,Month-to-month,Fiber optic,Electronic check,85.95,1215.65
6207-WIOLX,0.4013154,Medium Risk,25,0.8333333333333334,6.09345400328958,57.01756378014882,Month-to-month,DSL,Credit card (automatic),58.6,1502.65
8587-XYZSF,0.062022503,Low Risk,67,0.16666666666666666,74.90108205437164,78.14887464046478,Two year,DSL,Bank transfer (automatic),50.55,3260.1
3091-FYHKI,0.8340072,High Risk,1,0.16666666666666666,57.95296951208529,12.049639821052551,Month-to-month,DSL,Electronic check,35.45,35.45
2372-HWUHI,0.70862615,High Risk,2,0.0,80.99453605766122,15.402025779088339,Month-to-month,DSL,Electronic check,44.35,81.25
7799-LGRDP,0.07409882,Low Risk,43,0.0,0.0,64.21172539393108,Two year,No,Credit card (automatic),25.7,1188.2
7850-VWJUU,0.528346,Medium Risk,23,0.16666666666666666,77.84887147921819,36.499366561571755,Month-to-month,Fiber optic,Bank transfer (automatic),75.0,1778.5
3774-VBNXY,0.046490826,Low Risk,64,0.0,0.0,74.34212426344553,Two year,No,Mailed check,20.2,1277.75
6217-KDYWC,0.074234694,Low Risk,57,0.0,0.0,70.03826379776001,Two year,No,Mailed check,19.6,1170.55
0390-DCFDQ,0.87710184,High Risk,1,0.0,80.99453605766122,6.561574737230937,Month-to-month,Fiber optic,Mailed check,70.45,70.45
3146-MSEGF,0.056947622,Low Risk,72,1.0,0.0,97.1526175737381,Two year,DSL,Credit card (automatic),88.05,6425.65
4080-OGPJL,0.5212428,Medium Risk,8,0.5,48.71385093035268,37.27119346459706,Month-to-month,DSL,Electronic check,71.15,563.65
1095-WGNGG,0.14611419,Low Risk,61,0.5,23.460322836217273,78.11095813910165,Two year,Fiber optic,Bank transfer (automatic),101.05,5971.25
2636-SJDOU,0.1510829,Low Risk,64,0.3333333333333333,66.70527605705252,75.77918966611226,One year,Fiber optic,Credit card (automatic),84.3,5289.05
1131-QQZEB,0.04305153,Low Risk,71,0.0,0.0,77.43075629075369,Two year,No,Bank transfer (automatic),23.95,1756.2
5716-EZXZN,0.10390751,Low Risk,65,0.6666666666666666,37.26277080006059,85.22129038969675,Two year,Fiber optic,Credit card (automatic),99.05,6416.7
6837-BJYDQ,0.11195764,Low Risk,3,0.0,0.0,45.652116537094116,One year,No,Mailed check,19.6,61.35
2135-RXIHG,0.80729127,High Risk,1,0.0,80.99453605766122,10.052103201548258,Month-to-month,DSL,Electronic check,45.65,45.65
6440-DKQGE,0.15886247,Low Risk,30,0.5,32.280685127308544,64.55687642097473,One year,DSL,Credit card (automatic),64.5,1929.95
3466-BYAVD,0.38851207,Medium Risk,15,0.6666666666666666,26.494715832145374,50.15772958596547,Month-to-month,DSL,Mailed check,69.5,1071.4
3780-YVMFA,0.5616182,Medium Risk,8,0.5,28.510464255093368,35.252422889073685,Month-to-month,DSL,Electronic check,68.55,564.35
3874-EQOEP,0.83570695,High Risk,7,0.3333333333333333,34.60391825838295,17.797985871632893,Month-to-month,Fiber optic,Mailed check,95.0,655.5
1679-JRFBR,0.2969463,Low Risk,70,0.8333333333333334,6.09345400328958,80.98601897557576,One year,Fiber optic,Credit card (automatic),108.15,7930.55
9073-ZZIAY,0.07261504,Low Risk,62,1.0,0.0,92.20258196194966,Two year,DSL,Electronic check,86.1,5215.25
3077-RSNTJ,0.25828397,Low Risk,6,0.0,0.0,39.58580136299133,Month-to-month,No,Mailed check,19.7,113.5
6551-GNYDG,0.7282679,High Risk,14,0.16666666666666666,57.95296951208529,22.753271261850994,Month-to-month,Fiber optic,Bank transfer (automatic),80.9,1152.8
9167-APMXZ,0.6470412,High Risk,22,0.16666666666666666,57.64548480395888,30.147939920425415,Month-to-month,Fiber optic,Bank transfer (automatic),84.15,1821.95
2749-CTKAJ,0.086006865,Low Risk,22,0.0,0.0,54.86632267634074,One year,No,Mailed check,20.15,419.9
6371-NZYEG,0.072122514,Low Risk,16,0.5,40.278615971031186,63.06054095427195,Two year,DSL,Mailed check,64.25,1024.0
7554-NEWDD,0.0849558,Low Risk,10,0.0,0.0,49.918876091639206,Two year,No,Bank transfer (automatic),25.7,251.6
8992-VONJD,0.5064121,Medium Risk,13,0.3333333333333333,66.70527605705252,36.76272888978322,Month-to-month,DSL,Electronic check,56.0,764.55
0867-MKZVY,0.6425079,High Risk,20,0.16666666666666666,77.84887147921819,29.541271130243935,Month-to-month,Fiber optic,Electronic check,82.4,1592.35
4482-EWFMI,0.8108038,High Risk,2,0.0,80.99453605766122,10.293144782384237,Month-to-month,Fiber optic,Electronic check,69.7,135.2
4648-YPBTM,0.06373623,Low Risk,53,0.6666666666666666,26.494715832145374,82.22985665003458,Two year,DSL,Bank transfer (automatic),73.9,3958.25
2907-ILJBN,0.15599112,Low Risk,11,0.0,0.0,46.78377648194631,One year,No,Mailed check,20.6,233.9
6345-FZOQH,0.042938717,Low Risk,69,0.0,0.0,76.60306453704834,Two year,No,Mailed check,19.9,1363.45
3376-BMGFE,0.7894596,High Risk,4,0.0,80.99453605766122,12.193687359491983,Month-to-month,Fiber optic,Bank transfer (automatic),70.9,273.0
5997-OPVFA,0.03985276,Low Risk,72,1.0,0.0,98.0073630809784,Two year,DSL,Bank transfer (automatic),89.05,6254.45
3445-HXXGF,0.55293226,Medium Risk,58,0.5,32.588169835434954,56.52005354563395,Month-to-month,DSL,Electronic check,45.3,2651.2
1159-WFSGR,0.28131065,Low Risk,16,0.0,0.0,42.6011327902476,Month-to-month,No,Electronic check,20.4,321.4
7654-YWJUF,0.1871329,Low Risk,43,0.5,57.53421322144395,68.56002191702525,One year,Fiber optic,Bank transfer (automatic),84.25,3539.25
1875-QIVME,0.88212556,High Risk,2,0.6666666666666666,14.289260000608706,20.060388843218487,Month-to-month,Fiber optic,Electronic check,104.4,242.8
6727-IOTLZ,0.06884634,Low Risk,14,0.8333333333333334,3.145664578443032,69.05768275260927,Two year,DSL,Mailed check,81.95,1181.75
0691-JVSYA,0.40173078,Medium Risk,53,0.5,20.382714003898286,61.996794541676834,One year,Fiber optic,Bank transfer (automatic),94.85,5000.2
5918-VUKWP,0.07541919,Low Risk,32,0.0,0.0,59.56237395604451,One year,No,Bank transfer (automatic),20.55,654.55
1744-JHKYS,0.19655952,Low Risk,34,0.0,0.0,54.33868924776712,Month-to-month,No,Electronic check,24.7,780.2
2656-FMOKZ,0.7254803,High Risk,15,0.0,80.99453605766122,19.9759840965271,Month-to-month,Fiber optic,Mailed check,74.45,1145.7
2070-FNEXE,0.6628963,High Risk,7,0.16666666666666666,77.84887147921819,23.105186223983765,Month-to-month,Fiber optic,Bank transfer (automatic),76.45,503.6
5947-SGKCL,0.75452876,High Risk,15,0.6666666666666666,9.239118581732612,31.85689528783162,Month-to-month,Fiber optic,Bank transfer (automatic),105.35,1559.25
3712-PKXZA,0.07444246,Low Risk,61,0.0,0.0,71.69454435507457,One year,No,Credit card (automatic),20.55,1252.0
6317-YPKDH,0.70155615,High Risk,1,0.16666666666666666,69.85094063549555,18.672192692756653,Month-to-month,DSL,Bank transfer (automatic),29.95,29.95
6582-OIVSP,0.69399387,High Risk,1,0.0,80.99453605766122,15.716973344484966,Month-to-month,DSL,Mailed check,45.3,45.3
9367-WXLCH,0.8032845,High Risk,8,0.16666666666666666,57.95296951208529,16.50244037310282,Month-to-month,Fiber optic,Bank transfer (automatic),84.5,662.65
5524-KHNJP,0.24248081,Low Risk,33,0.6666666666666666,17.237049425455254,64.95929261048634,One year,DSL,Credit card (automatic),74.75,2453.3
1918-ZBFQJ,0.7958506,High Risk,13,0.3333333333333333,55.629736381010886,22.290804584821068,Month-to-month,Fiber optic,Electronic check,79.25,1111.65
1024-GUALD,0.8111927,High Risk,1,0.0,80.99453605766122,9.857032100359598,Month-to-month,DSL,Electronic check,24.8,24.8
4827-USJHP,0.40269488,Medium Risk,20,0.16666666666666666,69.85094063549555,41.53192261854807,Month-to-month,DSL,Mailed check,51.8,1023.85
8167-GJLRN,0.65229565,High Risk,3,0.16666666666666666,74.90108205437164,21.96855088075002,Month-to-month,DSL,Electronic check,30.4,82.15
0956-SYCWG,0.1346109,Low Risk,13,0.0,0.0,48.68612209955851,One year,No,Electronic check,19.65,244.8
8017-UVSZU,0.29663026,Low Risk,40,0.16666666666666666,69.85094063549555,55.16848683357238,Month-to-month,DSL,Credit card (automatic),56.6,2379.1
7100-FQPRV,0.2565718,Low Risk,43,0.5,48.71385093035268,65.0880781809489,One year,DSL,Credit card (automatic),71.9,3173.35
2472-OVKUP,0.84368634,High Risk,6,0.5,32.588169835434954,20.315682888031006,Month-to-month,Fiber optic,Electronic check,91.0,531.0
2984-RGEYA,0.050226267,Low Risk,69,0.0,0.0,76.23868644237518,Two year,No,Bank transfer (automatic),19.75,1375.4
9680-NIAUV,0.054810192,Low Risk,72,0.8333333333333334,6.09345400328958,93.9261583487193,Two year,Fiber optic,Credit card (automatic),109.7,8129.3
2146-EGVDT,0.06953065,Low Risk,59,0.0,0.0,71.10680003960927,Two year,No,Credit card (automatic),19.3,1192.7
2604-IJPDU,0.7401681,High Risk,20,0.6666666666666666,37.26277080006059,34.658261934916176,Month-to-month,Fiber optic,Electronic check,96.55,1901.65
9178-JHUVJ,0.06711201,Low Risk,24,0.0,0.0,56.64439857006073,Two year,No,Bank transfer (automatic),24.1,587.4
6168-YBYNP,0.5610718,Medium Risk,59,0.8333333333333334,3.145664578443032,63.196409344673164,Month-to-month,Fiber optic,Electronic check,111.35,6519.75
7255-SSFBC,0.071017906,Low Risk,72,0.8333333333333334,3.145664578443032,93.11577061812085,Two year,Fiber optic,Bank transfer (automatic),112.25,8041.65
3645-DEYGF,0.5727937,Medium Risk,1,0.0,0.0,21.77698055903117,Month-to-month,No,Mailed check,20.75,20.75
9323-HGFWY,0.46402588,Medium Risk,27,0.6666666666666666,25.364799676650335,51.38204058011373,One year,Fiber optic,Credit card (automatic),101.9,2681.15
8544-GOQSH,0.6781225,High Risk,14,0.3333333333333333,63.75748663220597,28.593873977661133,Month-to-month,Fiber optic,Credit card (automatic),80.05,1112.3
3363-DTIVD,0.19830276,Low Risk,71,0.6666666666666666,17.237049425455254,83.00152937571208,Two year,Fiber optic,Electronic check,105.55,7405.5
7018-WBJNK,0.709187,High Risk,13,0.16666666666666666,57.64548480395888,23.290651440620422,Month-to-month,Fiber optic,Credit card (automatic),78.3,1033.95
9142-KZXOP,0.47898966,Medium Risk,44,0.0,80.99453605766122,44.3838502963384,Month-to-month,Fiber optic,Credit card (automatic),68.85,2958.95
7674-YTAFD,0.21495622,Low Risk,33,0.3333333333333333,63.75748663220597,59.6688554684321,One year,Fiber optic,Bank transfer (automatic),79.95,2684.85
6348-SNFUS,0.04018818,Low Risk,72,0.8333333333333334,23.349051253702342,94.65725700060528,Two year,DSL,Credit card (automatic),55.45,4179.2
1285-OKIPP,0.876757,High Risk,1,0.16666666666666666,57.95296951208529,9.912148714065552,Month-to-month,Fiber optic,Electronic check,79.9,79.9
7825-ECJRF,0.72361916,High Risk,19,0.8333333333333334,11.143595422165674,38.402375181516014,Month-to-month,Fiber optic,Electronic check,106.6,1934.45
1347-KTTTA,0.38391566,Medium Risk,64,0.8333333333333334,3.145664578443032,74.13755019505818,One year,Fiber optic,Credit card (automatic),102.45,6654.1
7841-TZDMQ,0.7262629,High Risk,2,0.0,80.99453605766122,14.52018698056539,Month-to-month,DSL,Credit card (automatic),46.0,84.5
4195-NZGTA,0.7435169,High Risk,1,0.0,80.99453605766122,13.240820566813152,Month-to-month,DSL,Electronic check,25.25,25.25
7157-SMCFK,0.0779666,Low Risk,61,0.0,0.0,71.51833812395732,Two year,No,Mailed check,19.75,1124.2
4709-LKHYG,0.08864706,Low Risk,29,0.0,0.0,57.65097995599111,One year,No,Electronic check,20.0,540.05
2504-DSHIH,0.6932238,High Risk,23,0.16666666666666666,57.95296951208529,28.255477945009865,Month-to-month,Fiber optic,Electronic check,86.8,1975.85
0699-NDKJM,0.28330305,Low Risk,57,0.8333333333333334,6.09345400328958,76.25151554743451,Month-to-month,DSL,Bank transfer (automatic),58.75,3437.45
9286-BHDQG,0.05247643,Low Risk,72,0.6666666666666666,46.390617799278274,90.70951302846272,Two year,DSL,Credit card (automatic),45.25,3139.8
0230-WEQUW,0.05450114,Low Risk,66,0.8333333333333334,23.041566545575932,91.4416108528773,Two year,DSL,Bank transfer (automatic),56.6,3789.2
2040-LDIWQ,0.07309951,Low Risk,65,0.8333333333333334,3.145664578443032,90.09502530097961,Two year,DSL,Bank transfer (automatic),84.2,5324.5
6496-JDSSB,0.7902656,High Risk,8,0.16666666666666666,57.64548480395888,17.1533856789271,Month-to-month,Fiber optic,Bank transfer (automatic),80.0,624.6
9408-SSNVZ,0.8042285,High Risk,4,0.0,80.99453605766122,11.45524243513743,Month-to-month,Fiber optic,Electronic check,70.15,268.35
4443-EMBNA,0.045640435,Low Risk,71,0.0,0.0,77.30131288369498,Two year,No,Bank transfer (automatic),24.75,1836.9
6469-MRVET,0.3070342,Medium Risk,1,0.0,0.0,35.06495694319407,One year,No,Electronic check,20.2,20.2
0742-MOABM,0.53720117,Medium Risk,4,0.16666666666666666,74.90108205437164,28.139941692352295,Month-to-month,DSL,Mailed check,50.05,179.35
5961-VUSRV,0.13345946,Low Risk,12,0.0,0.0,48.327027559280396,One year,No,Bank transfer (automatic),19.35,219.35
6778-JFCMK,0.2907129,Low Risk,24,0.5,31.458253679939915,55.4643553495407,One year,DSL,Mailed check,50.6,1288.75
6341-JVQGF,0.24344002,Low Risk,31,0.8333333333333334,11.143595422165674,67.41133173306784,One year,DSL,Mailed check,81.15,2545.75
2232-DMLXU,0.7230773,High Risk,1,0.16666666666666666,57.64548480395888,17.596135139465332,Month-to-month,DSL,Mailed check,55.2,55.2
4811-JBUVU,0.5550284,Medium Risk,30,0.3333333333333333,51.85951550879571,41.41524771849314,Month-to-month,Fiber optic,Credit card (automatic),89.9,2723.15
0945-TSONX,0.055708274,Low Risk,47,0.8333333333333334,14.221204254484661,83.46458554267883,Two year,DSL,Credit card (automatic),85.3,4107.25
2651-ZCBXV,0.36534864,Medium Risk,54,0.8333333333333334,14.221204254484661,70.89923481146494,Two year,Fiber optic,Credit card (automatic),108.0,5760.65
3316-UWXUY,0.37549683,Medium Risk,50,0.6666666666666666,37.570255508187,65.39182345072427,Month-to-month,Fiber optic,Credit card (automatic),93.5,4747.5
8937-RDTHP,0.83161145,High Risk,1,0.3333333333333333,54.80730493364226,15.502760608990988,Month-to-month,Fiber optic,Mailed check,84.6,84.6
7083-MIOPC,0.043175343,Low Risk,72,0.0,0.0,77.84123301506042,Two year,No,Credit card (automatic),20.25,1566.9
1984-GPTEH,0.22540465,Low Risk,29,0.0,0.0,50.81310232480367,Month-to-month,No,Electronic check,25.15,702.0
1251-KRREG,0.7136446,High Risk,2,0.16666666666666666,69.85094063549555,18.48443547884623,Month-to-month,DSL,Mailed check,54.4,114.1
0621-JFHOL,0.1009251,Low Risk,10,0.16666666666666666,74.90108205437164,52.45374560356141,Two year,DSL,Mailed check,29.6,299.05
9903-LYSAB,0.7459487,High Risk,18,0.0,80.99453605766122,20.202566385269165,Month-to-month,Fiber optic,Electronic check,73.15,1305.95
0094-OIFMO,0.8303932,High Risk,11,0.5,23.460322836217273,23.0636735757192,Month-to-month,Fiber optic,Electronic check,95.0,1120.3
9227-UAQFT,0.08101375,Low Risk,16,0.0,0.0,52.6159797112147,Two year,No,Mailed check,19.75,284.35
7301-ABVAD,0.047812577,Low Risk,72,0.8333333333333334,3.145664578443032,94.27603761355084,Two year,DSL,Bank transfer (automatic),86.6,6350.5
6614-FHDBO,0.09740494,Low Risk,72,0.8333333333333334,3.145664578443032,91.79641882578534,Two year,Fiber optic,Bank transfer (automatic),109.2,7878.3
7576-ASEJU,0.24791926,Low Risk,41,0.6666666666666666,25.364799676650335,68.02070359388986,One year,DSL,Credit card (automatic),74.7,3187.65
9058-HRZSV,0.35482967,Medium Risk,65,0.6666666666666666,29.44250525699192,72.67518321673074,Month-to-month,Fiber optic,Electronic check,94.4,6126.15
4522-AKYLR,0.55859715,Medium Risk,13,0.3333333333333333,55.629736381010886,34.15347596009572,Month-to-month,DSL,Electronic check,54.8,731.3
0221-WMXNQ,0.6739946,High Risk,4,0.16666666666666666,77.84887147921819,21.300269961357117,Month-to-month,Fiber optic,Electronic check,75.35,273.4
0303-UNCIP,0.25211397,Low Risk,41,0.3333333333333333,43.73176525760063,61.14430308341979,One year,DSL,Mailed check,65.0,2531.8
9947-OTFQU,0.7679016,High Risk,15,0.16666666666666666,69.85094063549555,21.18825336297353,Month-to-month,Fiber optic,Electronic check,74.4,1074.3
0322-YINQP,0.69672686,High Risk,1,0.16666666666666666,77.84887147921819,18.913657069206238,Month-to-month,DSL,Mailed check,48.55,48.55
0959-WHOKV,0.46984947,Medium Risk,42,0.6666666666666666,29.44250525699192,57.34085996945699,One year,Fiber optic,Electronic check,99.0,4298.45
4075-JFPGR,0.33446062,Medium Risk,51,0.6666666666666666,29.135020548865512,67.86030252774556,One year,Fiber optic,Electronic check,93.5,4619.55
4629-NRXKX,0.7625437,High Risk,2,0.0,80.99453605766122,12.706149419148764,Month-to-month,Fiber optic,Electronic check,70.4,147.15
9514-JDSKI,0.79232687,High Risk,1,0.3333333333333333,46.501889381793205,17.46698995431264,Month-to-month,DSL,Electronic check,40.2,40.2
3282-ZISZV,0.3068541,Medium Risk,32,0.8333333333333334,3.145664578443032,64.65729355812073,One year,DSL,Credit card (automatic),83.7,2633.3
3675-YDUPJ,0.24760489,Low Risk,10,0.0,0.0,41.78642133871715,Month-to-month,No,Mailed check,19.85,193.05
4111-BNXIF,0.11739564,Low Risk,67,0.8333333333333334,3.145664578443032,88.71355136235555,Two year,DSL,Electronic check,59.55,4103.9
7017-VFHAY,0.150717,Low Risk,61,1.0,0.0,87.88081566492716,Two year,Fiber optic,Credit card (automatic),115.1,7008.15
6655-LHBYW,0.43534392,Medium Risk,50,1.0,0.0,69.06613727410634,One year,Fiber optic,Credit card (automatic),114.35,5791.1
4959-JOSRX,0.72625226,High Risk,2,0.0,80.99453605766122,14.52072044213613,Month-to-month,DSL,Credit card (automatic),44.6,80.55
5046-NUHWD,0.46566966,Medium Risk,29,0.5,40.586100679157596,48.799851735432945,Month-to-month,DSL,Electronic check,45.0,1228.65
7273-TEFQD,0.7887608,High Risk,3,0.3333333333333333,43.73176525760063,18.47862760225932,Month-to-month,DSL,Electronic check,41.15,132.2
3606-TWKGI,0.83806634,High Risk,13,0.6666666666666666,9.239118581732612,26.846683025360107,Month-to-month,Fiber optic,Electronic check,106.9,1364.3
7529-ZDFXI,0.5822451,Medium Risk,57,0.3333333333333333,46.809374089919615,51.304411093393966,Month-to-month,Fiber optic,Electronic check,89.85,4925.35
7605-BDWDC,0.070073836,Low Risk,31,0.6666666666666666,37.570255508187,72.74630784988403,Two year,DSL,Bank transfer (automatic),49.85,1520.1
1950-KSVVJ,0.4045539,Medium Risk,45,1.0,0.0,68.52230548858643,One year,Fiber optic,Mailed check,113.3,5032.25
0123-CRBRT,0.05398788,Low Risk,61,1.0,0.0,92.71727363268533,Two year,DSL,Mailed check,88.1,5526.75
6292-TOSSS,0.06957507,Low Risk,50,0.0,0.0,67.35457976659139,Two year,No,Bank transfer (automatic),24.9,1195.25
3197-ARFOY,0.6886333,High Risk,19,0.8333333333333334,14.221204254484661,40.15166719754537,Month-to-month,Fiber optic,Mailed check,105.0,2007.25
6323-AYBRX,0.1247554,Low Risk,59,0.0,0.0,68.34556420644124,Two year,No,Mailed check,19.35,1099.6
7014-ZZXAW,0.04575421,Low Risk,71,0.0,0.0,77.29562362035117,Two year,No,Credit card (automatic),24.25,1732.95
4385-GZQXV,0.7703727,High Risk,16,0.5,28.510464255093368,28.148032228151955,Month-to-month,Fiber optic,Electronic check,94.45,1511.2
7633-MVPUY,0.07133052,Low Risk,57,0.5,60.611822053762936,80.18347263336182,Two year,DSL,Electronic check,59.75,3450.15
6366-ZGQGL,0.7013985,High Risk,1,0.0,80.99453605766122,15.346742073694866,Month-to-month,DSL,Bank transfer (automatic),24.8,24.8
4716-HHKQH,0.70199436,High Risk,20,0.6666666666666666,17.366868832927693,36.56694869200388,Month-to-month,Fiber optic,Electronic check,107.05,2172.05
5940-AHUHD,0.84713423,High Risk,1,0.0,80.99453605766122,8.05995504061381,Month-to-month,Fiber optic,Mailed check,70.6,70.6
6432-TWQLB,0.85493696,High Risk,5,0.3333333333333333,63.75748663220597,16.0031521320343,Month-to-month,Fiber optic,Electronic check,85.4,401.1
4484-GLZOU,0.7196025,High Risk,52,0.6666666666666666,9.239118581732612,49.01987373828888,Month-to-month,Fiber optic,Electronic check,105.05,5624.85
3179-GBRWV,0.3718622,Medium Risk,21,0.5,43.66370951147658,50.15689134597778,Month-to-month,DSL,Bank transfer (automatic),64.95,1339.8
8645-KWHJO,0.6247476,High Risk,14,0.6666666666666666,14.289260000608706,37.92928795019785,Month-to-month,DSL,Electronic check,55.0,771.95
4130-MZLCC,0.54468864,Medium Risk,5,0.16666666666666666,69.85094063549555,28.182234565416977,Month-to-month,DSL,Bank transfer (automatic),50.55,244.75
0314-TKOSI,0.3994192,Medium Risk,6,0.3333333333333333,66.70527605705252,39.19570724169413,Month-to-month,DSL,Mailed check,55.15,322.9
8229-MYEJZ,0.46195573,Medium Risk,10,0.16666666666666666,69.85094063549555,34.4022136926651,Month-to-month,DSL,Electronic check,51.2,498.25
2080-SRCDE,0.5230181,Medium Risk,1,0.0,0.0,24.26576058069865,Month-to-month,No,Mailed check,25.4,25.4
9577-WJVCQ,0.17923918,Low Risk,68,0.16666666666666666,77.84887147921819,72.7047089735667,Month-to-month,DSL,Mailed check,54.45,3687.75
9512-UIBFX,0.62719315,High Risk,18,0.5,20.382714003898286,36.14034235477448,Month-to-month,Fiber optic,Mailed check,95.15,1779.95
6202-DYYFX,0.2703004,Low Risk,22,0.0,80.99453605766122,45.65164724985758,One year,Fiber optic,Credit card (automatic),76.0,1783.6
3808-HFKDE,0.54528457,Medium Risk,20,0.0,80.99453605766122,31.06910487016042,Month-to-month,DSL,Electronic check,44.35,927.15
5583-SXDAG,0.8610977,High Risk,1,0.0,80.99453605766122,7.36178199450175,Month-to-month,Fiber optic,Electronic check,70.0,70.0
3488-PGMQJ,0.79856116,High Risk,8,0.16666666666666666,69.85094063549555,16.738608876864113,Month-to-month,Fiber optic,Electronic check,74.5,606.55
3580-REOAC,0.46261647,Medium Risk,10,0.0,80.99453605766122,31.035844484965008,Month-to-month,DSL,Credit card (automatic),44.85,435.4
7534-BFESC,0.72985756,High Risk,24,0.0,80.99453605766122,23.50712180137634,Month-to-month,Fiber optic,Electronic check,76.1,1712.7
3727-OWVYD,0.12681118,Low Risk,35,0.5,52.484071802567854,68.24277599652608,One year,DSL,Mailed check,61.2,2021.2
2294-SALNE,0.19101223,Low Risk,23,0.5,49.53628237772131,60.032720168431595,One year,Fiber optic,Mailed check,86.8,1940.8
4847-TAJYI,0.8520071,High Risk,6,0.3333333333333333,34.60391825838295,16.566312114397686,Month-to-month,Fiber optic,Electronic check,89.35,567.8
1563-IWQEX,0.24326527,Low Risk,12,0.0,0.0,42.83673644065857,Month-to-month,No,Mailed check,19.7,220.35
8203-XJZRC,0.55165976,Medium Risk,1,0.0,0.0,22.833678523699444,Month-to-month,No,Mailed check,20.25,20.25
6556-DBKZF,0.14228484,Low Risk,71,0.16666666666666666,66.77333180317656,75.80242315928142,Two year,Fiber optic,Electronic check,76.05,5436.45
6851-WEFYX,0.7780838,High Risk,35,0.5,20.382714003898286,35.67914326985677,Month-to-month,Fiber optic,Electronic check,100.8,3437.5
2985-JUUBZ,0.43924105,Medium Risk,40,0.5,20.382714003898286,54.7046140829722,Month-to-month,DSL,Electronic check,74.55,3015.75
6390-DSAZX,0.82270986,High Risk,1,0.16666666666666666,77.84887147921819,12.61450707912445,Month-to-month,Fiber optic,Mailed check,73.6,73.6
0895-LMRSF,0.33062744,Medium Risk,23,0.3333333333333333,34.60391825838295,49.7186279296875,One year,DSL,Bank transfer (automatic),64.9,1509.8
8098-LLAZX,0.8904268,High Risk,4,0.3333333333333333,34.60391825838295,13.81199260552724,Month-to-month,Fiber optic,Electronic check,95.45,396.1
8266-VBFQL,0.82461095,High Risk,4,0.5,37.63831125431105,20.436119238535564,Month-to-month,Fiber optic,Electronic check,90.4,356.65
8181-YHCMF,0.047790915,Low Risk,68,0.8333333333333334,3.145664578443032,92.61045575141907,Two year,DSL,Credit card (automatic),60.3,4109.0
2240-HSJQD,0.54246795,Medium Risk,38,0.16666666666666666,69.85094063549555,42.043269077936806,Month-to-month,Fiber optic,Mailed check,81.85,3141.7
1248-DYXUB,0.06060798,Low Risk,52,0.0,0.0,68.63626817862193,Two year,No,Mailed check,24.8,1229.1
0265-EDXBD,0.7149467,High Risk,32,0.0,80.99453605766122,27.585998972256974,Month-to-month,Fiber optic,Electronic check,74.9,2303.35
4115-BNPJY,0.06379367,Low Risk,29,0.6666666666666666,14.289260000608706,72.22698370615642,Two year,DSL,Mailed check,75.55,2054.4
3167-SNQPL,0.6853707,High Risk,38,0.5,23.460322836217273,41.56479914983113,Month-to-month,Fiber optic,Electronic check,101.15,3741.85
4091-TVOCN,0.2504098,Low Risk,48,0.6666666666666666,17.237049425455254,70.81284125645955,One year,DSL,Credit card (automatic),78.75,3682.45
1098-TDVUQ,0.5185661,Medium Risk,1,0.0,0.0,24.488363067309063,Month-to-month,No,Bank transfer (automatic),19.25,19.25
7277-OZCGZ,0.65231615,High Risk,22,0.5,48.71385093035268,36.550859014193215,Month-to-month,Fiber optic,Electronic check,89.05,1886.25
1557-EMYVT,0.25941658,Low Risk,43,1.0,0.0,74.9458376566569,Two year,Fiber optic,Credit card (automatic),115.05,4895.1
2799-ARNLO,0.7889316,High Risk,5,0.0,80.99453605766122,12.636752923329672,Month-to-month,Fiber optic,Electronic check,69.35,341.6
7563-BIUPC,0.8376789,High Risk,5,0.16666666666666666,57.64548480395888,13.532721201578775,Month-to-month,Fiber optic,Electronic check,80.6,415.55
5027-YOCXN,0.42423674,Medium Risk,51,0.8333333333333334,14.221204254484661,66.70482794443767,One year,Fiber optic,Credit card (automatic),110.05,5686.4
3973-SKMLN,0.044654246,Low Risk,71,0.0,0.0,77.35062082608542,Two year,No,Credit card (automatic),19.9,1355.1
2321-OMBXY,0.32299504,Medium Risk,38,0.8333333333333334,14.221204254484661,66.35024666786194,One year,DSL,Credit card (automatic),80.3,3058.65
2840-XANRC,0.7558572,High Risk,24,0.5,20.382714003898286,32.20713853836059,Month-to-month,Fiber optic,Electronic check,93.15,2231.05
6745-JEFZB,0.51828873,Medium Risk,35,0.3333333333333333,51.5520308006693,45.33556342124939,Month-to-month,Fiber optic,Credit card (automatic),91.5,3236.35
5020-ZSTTY,0.31535083,Medium Risk,54,0.8333333333333334,14.221204254484661,73.39912513891855,One year,DSL,Bank transfer (automatic),82.45,4350.1
9880-TDQAC,0.12256914,Low Risk,72,0.8333333333333334,3.145664578443032,90.53820947806042,Two year,DSL,Electronic check,60.0,4264.0
8705-WZCYL,0.8001265,High Risk,1,0.0,80.99453605766122,10.41034201780955,Month-to-month,DSL,Electronic check,44.8,44.8
7102-JJVTX,0.23700993,Low Risk,9,0.16666666666666666,77.84887147921819,45.232836206754044,One year,DSL,Mailed check,48.6,422.3
8626-PTQGE,0.04920947,Low Risk,69,0.8333333333333334,14.221204254484661,92.95619289080301,Two year,DSL,Bank transfer (automatic),60.05,4176.7
4983-CLMLV,0.56117517,Medium Risk,52,0.6666666666666666,17.366868832927693,56.94124162197113,Month-to-month,Fiber optic,Credit card (automatic),102.7,5138.1
5701-YVSVF,0.7883802,High Risk,11,0.3333333333333333,51.5520308006693,21.830989718437195,Month-to-month,Fiber optic,Electronic check,82.9,880.05
5804-LEPIM,0.82257354,High Risk,2,0.0,80.99453605766122,9.70465620358785,Month-to-month,Fiber optic,Electronic check,70.35,139.05
5697-GOMBF,0.5389512,Medium Risk,28,0.16666666666666666,57.64548480395888,38.05243909358978,Month-to-month,DSL,Electronic check,35.9,973.65
2739-CACDQ,0.66746825,High Risk,17,0.16666666666666666,66.77333180317656,27.043254176775616,Month-to-month,Fiber optic,Credit card (automatic),82.65,1470.05
9385-EHGDO,0.058131713,Low Risk,35,0.0,0.0,61.67674859364827,Two year,No,Mailed check,19.85,739.35
9498-FIMXL,0.11816051,Low Risk,8,0.0,0.0,47.42530902226766,One year,No,Mailed check,19.2,161.95
2379-GYFLQ,0.2571401,Low Risk,46,0.5,32.280685127308544,66.30966166655222,One year,Fiber optic,Credit card (automatic),94.9,4422.95
0122-OAHPZ,0.8374079,High Risk,7,0.0,80.99453605766122,11.046272317568462,Month-to-month,Fiber optic,Electronic check,73.85,511.25
2868-SNELZ,0.8151944,High Risk,2,0.16666666666666666,66.77333180317656,13.40694526831309,Month-to-month,Fiber optic,Mailed check,80.6,155.8
4322-RCYMT,0.2911248,Low Risk,68,0.6666666666666666,26.494715832145374,77.11042563120523,One year,DSL,Bank transfer (automatic),75.8,5293.95
6680-NENYN,0.5002294,Medium Risk,43,0.6666666666666666,9.239118581732612,56.238529086112976,Two year,Fiber optic,Electronic check,104.6,4759.85
2088-IEBAU,0.080207124,Low Risk,68,1.0,0.0,94.32297786076865,Two year,DSL,Electronic check,88.15,6148.45
7982-VCELR,0.5945349,Medium Risk,36,0.5,23.460322836217273,45.27325630187988,Month-to-month,Fiber optic,Credit card (automatic),94.8,3565.65
1343-EHPYB,0.65657675,High Risk,63,0.6666666666666666,9.239118581732612,56.7544957002004,Month-to-month,Fiber optic,Electronic check,103.4,6603.0
6035-BXTTY,0.29349118,Low Risk,32,0.3333333333333333,63.75748663220597,55.32544076442718,Month-to-month,DSL,Bank transfer (automatic),54.65,1830.1
6885-PKOAM,0.046832185,Low Risk,71,1.0,0.0,97.24172314008077,Two year,DSL,Credit card (automatic),85.75,6223.8
7520-HQWJU,0.19443338,Low Risk,66,0.5,52.484071802567854,77.7783304452896,Month-to-month,DSL,Bank transfer (automatic),67.45,4508.65
9639-BUJXT,0.06620327,Low Risk,63,0.0,0.0,72.93983817100525,One year,No,Mailed check,20.5,1328.15
5924-SNGKP,0.07688824,Low Risk,41,0.0,0.0,63.23892017205556,One year,No,Credit card (automatic),20.25,865.0
0021-IKXGC,0.90294033,High Risk,1,0.0,80.99453605766122,5.269650022188823,Month-to-month,Fiber optic,Electronic check,72.1,72.1
2034-GDRCN,0.8665333,High Risk,2,0.3333333333333333,34.60391825838295,14.173336029052736,Month-to-month,Fiber optic,Electronic check,90.4,168.2
8966-SNIZF,0.056449804,Low Risk,70,0.0,0.0,76.34417514006296,Two year,No,Bank transfer (automatic),19.45,1303.5
6243-OZGFH,0.6156581,High Risk,23,0.3333333333333333,34.60391825838295,35.46709477901459,Month-to-month,DSL,Electronic check,44.95,996.85
4654-DLAMQ,0.24698964,Low Risk,64,0.6666666666666666,29.44250525699192,77.65051960945128,One year,Fiber optic,Bank transfer (automatic),97.0,6430.9
0513-RBGPE,0.06480773,Low Risk,37,0.5,57.53421322144395,72.17628101507823,Two year,DSL,Credit card (automatic),62.8,2278.75
5160-UXJED,0.19837368,Low Risk,17,0.0,80.99453605766122,47.1646495660146,One year,DSL,Mailed check,44.6,681.4
4115-NZRKS,0.8481295,High Risk,7,0.3333333333333333,34.60391825838295,17.176857789357502,Month-to-month,Fiber optic,Electronic check,89.15,574.35
0219-YTZUE,0.85420585,High Risk,4,0.3333333333333333,55.629736381010886,15.623040994008381,Month-to-month,Fiber optic,Bank transfer (automatic),84.8,371.9
0623-IIHUG,0.6540056,High Risk,21,0.3333333333333333,54.49982022551585,32.71638731161753,Month-to-month,DSL,Electronic check,41.9,840.1
4572-DVCGN,0.77060676,High Risk,10,0.16666666666666666,57.95296951208529,18.969662189483643,Month-to-month,Fiber optic,Bank transfer (automatic),80.25,846.0
3351-NGXYI,0.5894099,Medium Risk,16,0.16666666666666666,77.84887147921819,30.529505610466,Month-to-month,DSL,Electronic check,54.1,889.0
8984-EYLLL,0.25940716,Low Risk,64,0.6666666666666666,17.366868832927693,77.02964186668395,Two year,Fiber optic,Electronic check,105.25,6823.4
9057-MSWCO,0.4651721,Medium Risk,27,0.16666666666666666,77.84887147921819,41.32472773392995,Month-to-month,DSL,Credit card (automatic),30.75,805.1
9833-TGFHX,0.37859595,Medium Risk,42,0.5,31.458253679939915,58.570202589035034,One year,Fiber optic,Electronic check,97.1,4016.75
9294-TDIPC,0.28751665,Low Risk,5,0.0,0.0,37.707500656445816,Month-to-month,No,Mailed check,20.2,83.75
5229-DTFYB,0.1081596,Low Risk,41,0.6666666666666666,17.366868832927693,75.0086865822474,Two year,Fiber optic,Bank transfer (automatic),98.8,3959.15
0104-PPXDV,0.13787133,Low Risk,58,0.16666666666666666,66.77333180317656,70.60643374919891,One year,DSL,Credit card (automatic),50.3,2878.55
5176-LMJXE,0.05588496,Low Risk,47,0.0,0.0,66.78908546765645,Two year,No,Mailed check,20.55,945.7
3583-KRKMD,0.5598328,Medium Risk,18,0.16666666666666666,74.90108205437164,32.841692765553795,Month-to-month,Fiber optic,Bank transfer (automatic),75.9,1373.05
1010-DIAUQ,0.8237935,High Risk,5,0.5,20.382714003898286,20.893659790356956,Month-to-month,Fiber optic,Bank transfer (automatic),96.5,492.55
9069-LGEUL,0.30426434,Medium Risk,23,0.3333333333333333,54.80730493364226,51.036784648895264,Month-to-month,DSL,Bank transfer (automatic),59.95,1406.0
7302-ZHMHP,0.394357,Medium Risk,1,0.0,0.0,30.698818365732826,Month-to-month,No,Mailed check,19.15,19.15
9571-EDEBV,0.3346688,Medium Risk,71,0.5,20.382714003898286,72.84989555676779,One year,Fiber optic,Credit card (automatic),98.65,6962.85
3520-FJGCV,0.053393945,Low Risk,72,1.0,0.0,97.33030200004578,Two year,Fiber optic,Credit card (automatic),112.6,8126.65
6563-VRERX,0.07478281,Low Risk,33,0.0,0.0,60.01086056232452,One year,No,Mailed check,20.6,690.25
0259-GBZSH,0.88166064,High Risk,2,0.16666666666666666,57.64548480395888,10.083634654680887,Month-to-month,Fiber optic,Electronic check,85.65,181.5
6122-EFVKN,0.068408474,Low Risk,24,0.3333333333333333,71.75541747592861,63.24624220530192,Two year,DSL,Mailed check,35.75,830.8
2805-EDJPQ,0.32927415,Medium Risk,56,0.6666666666666666,26.494715832145374,70.2029577891032,One year,Fiber optic,Credit card (automatic),99.75,5608.4
6862-CQUMB,0.6136799,High Risk,37,0.5,23.460322836217273,44.732672373453774,Month-to-month,Fiber optic,Credit card (automatic),96.1,3646.8
7156-MXBJE,0.28042224,Low Risk,43,0.8333333333333334,3.145664578443032,70.56222279866537,One year,DSL,Credit card (automatic),85.1,3662.25
6158-HDPXZ,0.7011714,High Risk,1,0.0,80.99453605766122,15.358096758524578,Month-to-month,DSL,Mailed check,25.35,25.35
9601-BRXPO,0.6975324,High Risk,25,0.6666666666666666,14.289260000608706,38.87337923049926,Month-to-month,Fiber optic,Bank transfer (automatic),104.95,2566.5
2863-IMQDR,0.081515916,Low Risk,61,1.0,0.0,91.34087125460306,Two year,DSL,Electronic check,89.65,5308.7
5686-CMAWK,0.37245822,Medium Risk,17,0.3333333333333333,60.67987779988698,45.12708902359008,One year,Fiber optic,Electronic check,86.75,1410.25
5651-CRHKQ,0.19657932,Low Risk,41,0.5,49.53628237772131,67.25436647733052,One year,Fiber optic,Bank transfer (automatic),86.2,3339.05
6905-NIQIN,0.6993768,High Risk,1,0.16666666666666666,69.85094063549555,18.781158924102783,Month-to-month,DSL,Mailed check,50.65,50.65
8204-YJCLA,0.06843778,Low Risk,72,1.0,0.0,96.57811224460602,Two year,DSL,Bank transfer (automatic),64.8,4732.35
5167-ZFFMM,0.8983463,High Risk,1,0.3333333333333333,46.809374089919615,12.166018088658651,Month-to-month,Fiber optic,Credit card (automatic),90.85,90.85
6583-SZVGP,0.52988654,Medium Risk,48,0.6666666666666666,9.239118581732612,56.83900614579518,Two year,Fiber optic,Bank transfer (automatic),108.1,5067.45
4895-TMWIR,0.29783,Low Risk,11,0.0,0.0,39.69183405240377,Month-to-month,No,Mailed check,19.95,214.75
0533-BNWKF,0.6012384,High Risk,55,0.3333333333333333,55.629736381010886,49.52141185601552,Month-to-month,Fiber optic,Electronic check,85.45,4874.7
1708-PBBOA,0.24072026,Low Risk,42,0.8333333333333334,23.349051253702342,72.13065306345624,One year,DSL,Electronic check,54.75,2348.45
8782-LKFPK,0.5786263,Medium Risk,44,0.3333333333333333,43.73176525760063,46.06868624687195,Month-to-month,Fiber optic,Mailed check,90.4,4063.0
5522-JBWMO,0.72432715,High Risk,1,0.0,80.99453605766122,14.200309316317242,Month-to-month,DSL,Electronic check,44.0,44.0
3597-MVHJT,0.68823856,High Risk,27,0.3333333333333333,34.60391825838295,33.50473860899607,Month-to-month,Fiber optic,Bank transfer (automatic),95.6,2595.25
9774-NRNAU,0.32841998,Medium Risk,27,0.8333333333333334,3.145664578443032,61.495667497316994,Month-to-month,DSL,Bank transfer (automatic),84.8,2309.55
0224-RLWWD,0.79195064,High Risk,2,0.0,80.99453605766122,11.235801180203756,Month-to-month,DSL,Electronic check,44.3,89.3
9967-ATRFS,0.19478747,Low Risk,19,0.0,0.0,48.177291552225746,Month-to-month,No,Mailed check,19.9,367.55
3951-NJCVI,0.7368628,High Risk,42,0.3333333333333333,34.60391825838295,37.32352773348491,Month-to-month,Fiber optic,Electronic check,95.05,3944.5
2977-CEBSX,0.067379825,Low Risk,66,1.0,0.0,94.13100838661192,Two year,DSL,Credit card (automatic),90.05,5965.95
0177-PXBAT,0.543898,Medium Risk,33,0.8333333333333334,11.143595422165674,53.221767346064254,Month-to-month,Fiber optic,Bank transfer (automatic),109.9,3694.7
6599-CEBNN,0.5734781,Medium Risk,34,0.16666666666666666,69.85094063549555,38.82609486579895,Month-to-month,Fiber optic,Credit card (automatic),73.95,2524.45
2519-ERQOJ,0.41288266,Medium Risk,33,0.6666666666666666,14.289260000608706,56.43919905026753,Month-to-month,DSL,Electronic check,54.6,1803.7
5876-QMYLD,0.08251953,Low Risk,23,0.0,0.0,55.457356770833336,One year,No,Mailed check,20.05,415.1
2277-AXSDC,0.081826255,Low Risk,32,0.0,0.0,59.24201985200246,One year,No,Bank transfer (automatic),19.75,624.15
9442-JTWDL,0.14171454,Low Risk,11,0.0,0.0,47.49760468800863,One year,No,Credit card (automatic),20.05,237.7
0979-PHULV,0.55897677,Medium Risk,69,0.5,20.382714003898286,60.80116152763366,Month-to-month,Fiber optic,Credit card (automatic),99.45,7007.6
3067-SVMTC,0.08819512,Low Risk,68,0.3333333333333333,71.75541747592861,80.59024274349213,One year,DSL,Bank transfer (automatic),55.9,3848.8
5495-GPSRW,0.07104663,Low Risk,20,0.0,0.0,54.78100081284841,Two year,No,Mailed check,19.7,419.4
7606-BPHHN,0.042774852,Low Risk,72,0.0,0.0,77.86125719547272,Two year,No,Credit card (automatic),19.8,1468.75
4742-DRORA,0.19652855,Low Risk,60,0.5,40.278615971031186,75.17357230186462,One year,Fiber optic,Bank transfer (automatic),95.4,5812.0
0111-KLBQG,0.64948255,High Risk,32,0.5,23.460322836217273,40.85920592149098,Month-to-month,Fiber optic,Mailed check,93.95,2861.45
4800-VHZKI,0.670433,High Risk,1,0.0,0.0,16.89501742521922,Month-to-month,No,Mailed check,19.9,19.9
7989-CHGTL,0.63098305,High Risk,1,0.0,0.0,18.86751393477122,Month-to-month,No,Mailed check,19.6,19.6
0334-GDDSO,0.87127686,High Risk,3,0.16666666666666666,69.85094063549555,11.019490559895834,Month-to-month,Fiber optic,Electronic check,81.35,233.7
4163-NCJAK,0.098857,Low Risk,46,0.0,0.0,64.22381738821666,One year,No,Bank transfer (automatic),24.45,1066.15
5233-AOZUF,0.7069251,High Risk,29,0.0,80.99453605766122,26.737078626950584,Month-to-month,Fiber optic,Electronic check,74.95,2149.05
5973-EJGDP,0.57081944,Medium Risk,51,0.5,49.53628237772131,52.709028124809265,Month-to-month,Fiber optic,Electronic check,87.35,4473.0
1996-DBMUS,0.5036397,Medium Risk,48,0.0,80.99453605766122,44.81801509857177,Month-to-month,Fiber optic,Bank transfer (automatic),70.65,3545.05
7916-VCCPB,0.5469901,Medium Risk,16,0.16666666666666666,69.85094063549555,32.650495171546936,Month-to-month,Fiber optic,Bank transfer (automatic),73.25,1195.75
4686-GEFRM,0.1279964,Low Risk,70,0.6666666666666666,26.494715832145374,86.10018074512482,Two year,Fiber optic,Bank transfer (automatic),98.7,6858.9
5249-QYHEX,0.06921376,Low Risk,40,0.0,0.0,63.20597926775614,Two year,No,Mailed check,24.8,1024.7
0578-SKVMF,0.6386641,High Risk,22,0.3333333333333333,46.809374089919615,33.900127013524376,Month-to-month,Fiber optic,Electronic check,83.3,1845.9
5564-NEMQO,0.8806295,High Risk,1,0.16666666666666666,66.77333180317656,9.718526005744934,Month-to-month,Fiber optic,Bank transfer (automatic),75.3,75.3
2233-FAGXV,0.36482292,Medium Risk,5,0.0,0.0,33.842187126477555,Month-to-month,No,Mailed check,24.3,132.25
5605-IYGFG,0.7513756,High Risk,7,0.0,80.99453605766122,15.347885886828106,Month-to-month,Fiber optic,Bank transfer (automatic),69.85,515.45
7663-ZTEGJ,0.33946562,Medium Risk,29,0.6666666666666666,26.494715832145374,58.44338575998942,One year,Fiber optic,Credit card (automatic),100.55,2830.45
3935-TBRZZ,0.10744909,Low Risk,44,0.0,0.0,62.96087761720022,One year,No,Mailed check,25.7,1110.5
8111-BKVDS,0.40193266,Medium Risk,10,0.5,52.484071802567854,44.070033828417465,Month-to-month,DSL,Bank transfer (automatic),40.7,449.3
2055-SIFSS,0.27773032,Low Risk,55,0.0,80.99453605766122,59.030149380366005,Month-to-month,DSL,Bank transfer (automatic),51.65,2838.55
2806-MLNTI,0.57084674,Medium Risk,52,0.6666666666666666,9.239118581732612,56.45766317844391,One year,Fiber optic,Bank transfer (automatic),105.1,5376.4
8734-DKSTZ,0.7817371,High Risk,10,0.16666666666666666,57.95296951208529,18.413145542144775,Month-to-month,Fiber optic,Electronic check,85.95,858.6
4360-PNRQB,0.62976784,High Risk,18,0.0,80.99453605766122,26.011608242988586,Month-to-month,Fiber optic,Bank transfer (automatic),75.6,1395.05
6152-ONASV,0.09051611,Low Risk,68,0.3333333333333333,71.75541747592861,80.47419548034668,One year,DSL,Bank transfer (automatic),58.25,3975.7
9063-ZGTUY,0.23021095,Low Risk,61,0.0,0.0,63.90611867109934,Month-to-month,No,Mailed check,19.4,1182.55
7781-HVGMK,0.055491067,Low Risk,72,1.0,0.0,97.22544550895691,Two year,DSL,Credit card (automatic),65.2,4784.45
2181-UAESM,0.62967986,High Risk,2,0.3333333333333333,63.62766722473353,26.01600706577301,Month-to-month,DSL,Electronic check,53.45,119.5
2957-LOLHO,0.44389293,Medium Risk,12,0.0,80.99453605766122,32.805352210998535,Month-to-month,DSL,Bank transfer (automatic),45.4,518.9
6048-NJXHX,0.07412602,Low Risk,41,0.0,0.0,63.377033074696854,Two year,No,Electronic check,19.75,899.45
2320-SLKMB,0.36844674,Medium Risk,26,0.5,37.33082654618464,52.41099794705709,Month-to-month,DSL,Credit card (automatic),44.45,1183.8
4980-URKXC,0.08871141,Low Risk,36,0.0,0.0,60.564430952072144,One year,No,Bank transfer (automatic),20.85,720.05
4376-KFVRS,0.055793777,Low Risk,72,1.0,0.0,97.21031188964844,Two year,Fiber optic,Credit card (automatic),114.05,8468.2
5886-VLQVU,0.51978964,Medium Risk,35,0.3333333333333333,51.85951550879571,45.260518193244934,Month-to-month,Fiber optic,Bank transfer (automatic),89.85,3161.2
3577-AMVUX,0.6444607,High Risk,1,0.3333333333333333,60.67987779988698,24.86029942830404,Month-to-month,DSL,Mailed check,55.05,55.05
0771-WLCLA,0.69449663,High Risk,16,0.8333333333333334,11.143595422165674,38.60850175221761,Month-to-month,Fiber optic,Electronic check,112.95,1882.55
5628-RKIFK,0.5961284,Medium Risk,49,0.5,31.458253679939915,50.61024645964305,Month-to-month,Fiber optic,Credit card (automatic),101.55,5070.4
0206-TBWLC,0.40216503,Medium Risk,54,1.0,0.0,72.39174723625183,One year,Fiber optic,Mailed check,114.65,6049.5
2937-FTHUR,0.45201552,Medium Risk,18,0.3333333333333333,54.80730493364226,41.56589070955912,Month-to-month,DSL,Electronic check,64.8,1166.7
1910-FMXJM,0.59717476,Medium Risk,36,0.16666666666666666,57.95296951208529,38.474595149358116,Month-to-month,Fiber optic,Electronic check,80.4,2937.65
7752-XUSCI,0.65481573,High Risk,60,0.6666666666666666,9.239118581732612,55.59254666169484,Month-to-month,Fiber optic,Electronic check,105.9,6396.45
4110-PFEUZ,0.851201,High Risk,1,0.0,80.99453605766122,7.856616775194804,Month-to-month,Fiber optic,Mailed check,69.55,69.55
0732-OCQOC,0.065799765,Low Risk,52,0.0,0.0,68.37667802969615,Two year,No,Bank transfer (automatic),25.05,1270.25
5168-MSWXT,0.8433012,High Risk,8,0.5,20.382714003898286,21.168274482091267,Month-to-month,Fiber optic,Electronic check,94.75,759.55
1090-ESELR,0.10211008,Low Risk,72,0.8333333333333334,14.221204254484661,91.56116227308911,Two year,Fiber optic,Bank transfer (automatic),105.5,7611.55
8592-PLTMQ,0.079202965,Low Risk,64,0.0,0.0,72.70651916662851,One year,No,Mailed check,24.7,1642.75
5760-WRAHC,0.3453131,Medium Risk,22,0.6666666666666666,34.492646675868016,55.23434638977051,Month-to-month,DSL,Mailed check,69.75,1545.4
8847-GEOOQ,0.23913208,Low Risk,60,0.8333333333333334,3.145664578443032,79.71006433169048,Month-to-month,DSL,Bank transfer (automatic),60.2,3582.4
0256-LTHVJ,0.6890005,High Risk,28,0.16666666666666666,57.95296951208529,30.54997563362122,Month-to-month,Fiber optic,Electronic check,81.05,2227.1
4785-FCIFB,0.04763644,Low Risk,61,0.0,0.0,73.03484419981639,Two year,No,Mailed check,24.4,1417.9
8313-NDOIA,0.80711377,High Risk,24,0.6666666666666666,9.239118581732612,32.977644999821976,Month-to-month,Fiber optic,Electronic check,104.15,2494.65
5149-CUZUJ,0.18853095,Low Risk,28,0.6666666666666666,26.187231124018965,65.57345390319824,One year,Fiber optic,Bank transfer (automatic),92.9,2768.35
0942-KOWSM,0.062423263,Low Risk,30,0.8333333333333334,3.145664578443032,76.04550222555797,Two year,DSL,Bank transfer (automatic),80.8,2369.3
4237-CLSMM,0.33833152,Medium Risk,2,0.0,0.0,33.91675730546316,Month-to-month,No,Mailed check,20.0,38.0
1452-VOQCH,0.90611494,High Risk,1,0.0,80.99453605766122,5.110919872919719,Month-to-month,Fiber optic,Electronic check,75.1,75.1
4719-UMSIY,0.23330136,Low Risk,6,0.0,0.0,40.834932923316956,Month-to-month,No,Mailed check,19.65,100.9
6614-VBEGU,0.3664674,Medium Risk,24,0.5,23.460322836217273,51.676632165908806,Month-to-month,DSL,Bank transfer (automatic),69.45,1614.05
0880-TKATG,0.8469974,High Risk,4,0.5,20.382714003898286,19.316797653834026,Month-to-month,Fiber optic,Electronic check,101.15,385.9
3811-VBYBZ,0.88736075,High Risk,7,0.5,23.460322836217273,18.54862908522288,Month-to-month,Fiber optic,Electronic check,99.8,673.25
1480-BKXGA,0.058822554,Low Risk,72,1.0,0.0,97.05887138843536,Two year,Fiber optic,Bank transfer (automatic),116.05,8404.9
2996-XAUVF,0.06021893,Low Risk,70,0.3333333333333333,51.85951550879571,82.82238682111104,Two year,DSL,Mailed check,40.05,2799.75
9076-AXYIK,0.20162043,Low Risk,64,0.6666666666666666,14.289260000608706,79.918977022171,Two year,Fiber optic,Electronic check,102.1,6538.45
5968-XQIVE,0.34168285,Medium Risk,72,0.3333333333333333,46.501889381793205,69.58252410093944,One year,Fiber optic,Electronic check,89.7,6588.95
8896-RAZCR,0.053640366,Low Risk,44,0.0,0.0,65.65131505330403,Two year,No,Mailed check,19.9,868.1
4640-UHDOS,0.5003384,Medium Risk,13,0.16666666666666666,57.95296951208529,33.733081221580505,Month-to-month,DSL,Electronic check,55.95,734.35
4933-IKULF,0.110887066,Low Risk,17,0.0,0.0,51.53898080190022,One year,No,Mailed check,20.65,330.6
3583-EKAPL,0.81671095,High Risk,1,0.16666666666666666,57.95296951208529,12.91445255279541,Month-to-month,DSL,Electronic check,55.0,55.0
1304-BCCFO,0.5025647,Medium Risk,9,0.5,20.382714003898286,38.62176358699798,Month-to-month,DSL,Mailed check,70.05,564.4
4104-PVRPS,0.22062875,Low Risk,24,0.3333333333333333,71.75541747592861,55.63522974650065,Month-to-month,DSL,Mailed check,53.6,1315.35
9399-APLBT,0.88578534,High Risk,1,0.16666666666666666,69.85094063549555,9.46073293685913,Month-to-month,Fiber optic,Electronic check,74.7,74.7
2359-KMGLI,0.7448598,High Risk,24,0.16666666666666666,69.85094063549555,26.090342601140335,Month-to-month,Fiber optic,Electronic check,80.25,1861.5
3780-DDGSE,0.37900215,Medium Risk,35,0.6666666666666666,17.366868832927693,58.966558972994484,Month-to-month,DSL,Electronic check,76.05,2747.2
4431-EDMIQ,0.46747723,Medium Risk,7,0.8333333333333334,23.041566545575932,46.20947321256002,Month-to-month,DSL,Electronic check,75.7,554.05
0306-JAELE,0.8420681,High Risk,5,0.5,28.510464255093368,19.979929526646934,Month-to-month,Fiber optic,Electronic check,96.1,453.4
6227-HWPWX,0.5719454,Medium Risk,15,0.0,80.99453605766122,27.65272855758667,Month-to-month,Fiber optic,Bank transfer (automatic),69.0,994.8
0486-LGCCH,0.0600508,Low Risk,11,0.0,0.0,51.58079405625662,Two year,No,Mailed check,19.65,225.75
0447-BEMNG,0.34510416,Medium Risk,48,0.5,40.586100679157596,62.74479210376739,Month-to-month,DSL,Bank transfer (automatic),45.3,2145.0
4612-SSVHJ,0.74060816,High Risk,20,0.16666666666666666,57.95296951208529,24.63625888029734,Month-to-month,Fiber optic,Electronic check,81.45,1671.6
5168-MQQCA,0.29677474,Low Risk,72,0.8333333333333334,3.145664578443032,81.8279294172923,One year,Fiber optic,Bank transfer (automatic),108.5,8003.8
5949-XIKAE,0.8207813,High Risk,8,0.3333333333333333,46.501889381793205,18.960935473442074,Month-to-month,Fiber optic,Electronic check,83.55,680.05
7971-HLVXI,0.089677595,Low Risk,72,0.16666666666666666,57.95296951208529,78.84945472081503,Two year,Fiber optic,Credit card (automatic),84.5,6130.85
9094-AZPHK,0.8357558,High Risk,15,0.5,23.460322836217273,24.46220874786377,Month-to-month,Fiber optic,Electronic check,100.15,1415.0
3649-JPUGY,0.048609246,Low Risk,72,0.8333333333333334,3.145664578443032,94.23620382944745,Two year,DSL,Bank transfer (automatic),88.6,6201.95
4472-LVYGI,0.092019156,Low Risk,0,0.6666666666666666,34.18516196774161,58.73237629731496,Two year,DSL,Bank transfer (automatic),52.55,0.0
8372-JUXUI,0.9036325,High Risk,1,0.0,80.99453605766122,5.235040585199992,Month-to-month,Fiber optic,Electronic check,74.35,74.35
3552-CTCYF,0.22852944,Low Risk,63,0.6666666666666666,9.239118581732612,78.15686066945393,Two year,Fiber optic,Bank transfer (automatic),104.8,6597.25
6778-YSNIH,0.72099906,High Risk,2,0.3333333333333333,46.501889381793205,21.45004689693451,Month-to-month,DSL,Electronic check,59.0,114.15
0388-EOPEX,0.7763789,High Risk,2,0.16666666666666666,77.84887147921819,15.347720185915628,Month-to-month,Fiber optic,Electronic check,74.4,139.4
5756-OZRIO,0.21932316,Low Risk,61,0.3333333333333333,46.809374089919615,71.11717542012532,One year,DSL,Bank transfer (automatic),64.05,3902.6
6579-JPICP,0.5348524,Medium Risk,1,0.0,0.0,23.674047390619915,Month-to-month,No,Mailed check,20.4,20.4
8205-OTCHB,0.4867886,Medium Risk,22,0.5,32.588169835434954,44.82723514238993,One year,DSL,Bank transfer (automatic),43.75,903.6
4134-BSXLX,0.19905,Low Risk,28,0.5,60.611822053762936,61.71416620413462,Month-to-month,DSL,Mailed check,60.9,1785.65
0505-SPOOW,0.04416194,Low Risk,70,0.0,0.0,76.95857087771097,Two year,No,Bank transfer (automatic),19.8,1397.65
6235-VDHOM,0.65708315,High Risk,5,0.16666666666666666,69.85094063549555,22.562508980433147,Month-to-month,DSL,Electronic check,28.45,131.05
7783-YKGDV,0.8120403,High Risk,12,0.6666666666666666,29.44250525699192,27.731316884358726,Month-to-month,Fiber optic,Bank transfer (automatic),99.7,1238.45
4374-YMUSQ,0.41174436,Medium Risk,34,1.0,0.0,63.57944885889689,One year,Fiber optic,Credit card (automatic),116.25,3899.05
4513-CXYIX,0.10106201,Low Risk,71,0.16666666666666666,77.84887147921819,77.86356667677562,Two year,Fiber optic,Credit card (automatic),80.7,5676.0
3957-HHLMR,0.14475875,Low Risk,70,0.3333333333333333,54.80730493364226,78.59539528687795,One year,DSL,Bank transfer (automatic),65.2,4543.15
7803-XOCCZ,0.33459392,Medium Risk,52,0.5,57.53421322144395,64.93697206179301,Month-to-month,Fiber optic,Bank transfer (automatic),84.05,4326.8
5736-YEJAX,0.0719351,Low Risk,69,0.8333333333333334,23.041566545575932,91.81991080443063,Two year,DSL,Credit card (automatic),79.45,5502.55
5609-CEBID,0.7751174,High Risk,20,0.5,32.588169835434954,29.577463467915855,Month-to-month,Fiber optic,Electronic check,94.1,1782.4
8981-FJGLA,0.72995764,High Risk,11,0.16666666666666666,66.77333180317656,21.418784658114117,Month-to-month,Fiber optic,Mailed check,78.0,851.8
7218-HKQFK,0.84169513,High Risk,2,0.5,28.510464255093368,18.74857683976491,Month-to-month,Fiber optic,Electronic check,94.2,167.5
4636-QRJKY,0.84001476,High Risk,6,0.16666666666666666,74.90108205437164,13.832595547040302,Month-to-month,Fiber optic,Electronic check,80.5,502.85
1135-LMECX,0.568755,Medium Risk,1,0.0,0.0,21.978918115297954,Month-to-month,No,Mailed check,19.85,19.85
4332-MUOEZ,0.33824927,Medium Risk,20,0.6666666666666666,34.492646675868016,54.75420335928599,One year,Fiber optic,Credit card (automatic),94.3,1818.3
8535-SFUTN,0.53589433,Medium Risk,61,0.6666666666666666,17.237049425455254,61.95528328418731,Month-to-month,Fiber optic,Electronic check,106.45,6300.15
5956-VKDTT,0.84790474,High Risk,5,0.0,80.99453605766122,9.688096245129902,Month-to-month,Fiber optic,Electronic check,74.35,334.8
8677-HDZEE,0.523426,Medium Risk,56,0.6666666666666666,17.366868832927693,60.495366851488754,Month-to-month,Fiber optic,Bank transfer (automatic),105.45,5916.95
2475-MROZF,0.4674093,Medium Risk,30,0.6666666666666666,46.390617799278274,52.46286769707997,Month-to-month,Fiber optic,Credit card (automatic),95.0,2852.4
9412-GHEEC,0.60307604,High Risk,40,0.6666666666666666,14.289260000608706,49.84619796276092,Month-to-month,Fiber optic,Bank transfer (automatic),104.8,4131.95
3482-ABPKK,0.109183505,Low Risk,28,0.3333333333333333,71.75541747592861,62.8741588195165,One year,DSL,Mailed check,54.3,1546.3
6705-LXORM,0.7503358,High Risk,5,0.0,80.99453605766122,14.566542704900106,Month-to-month,Fiber optic,Electronic check,70.05,302.6
0257-ZESQC,0.53447044,Medium Risk,27,0.16666666666666666,77.84887147921819,37.85981138547261,Month-to-month,Fiber optic,Bank transfer (automatic),75.2,1929.35
7531-GQHME,0.2571855,Low Risk,12,0.0,0.0,42.140727043151855,Month-to-month,No,Credit card (automatic),20.05,265.45
5174-ITUMV,0.47400883,Medium Risk,67,0.6666666666666666,9.239118581732612,67.54956007003784,One year,Fiber optic,Electronic check,105.4,6989.45
4109-CYRBD,0.36629698,Medium Risk,29,0.0,80.99453605766122,43.76848300298055,Month-to-month,DSL,Electronic check,51.6,1442.0
0913-XWSCN,0.4481501,Medium Risk,55,0.16666666666666666,57.95296951208529,53.84249508380889,Month-to-month,Fiber optic,Bank transfer (automatic),85.5,4713.4
6825-UYPFK,0.5244548,Medium Risk,23,0.0,80.99453605766122,33.360594709714256,Month-to-month,Fiber optic,Bank transfer (automatic),75.6,1758.6
8397-MVTAZ,0.7729327,High Risk,34,0.5,20.382714003898286,35.52003125349681,Month-to-month,Fiber optic,Electronic check,100.05,3480.0
0750-EBAIU,0.31452537,Medium Risk,52,0.5,40.278615971031186,65.94039837519328,One year,Fiber optic,Electronic check,91.25,4738.3
8606-CIQUL,0.055774305,Low Risk,72,1.0,0.0,97.21128344535828,Two year,Fiber optic,Credit card (automatic),115.75,8399.15
3571-DPYUH,0.20494482,Low Risk,58,0.5,40.408435378503626,73.91942421595256,One year,Fiber optic,Credit card (automatic),94.7,5430.35
7601-GNDYK,0.05658657,Low Risk,35,0.0,0.0,61.75400515397389,Two year,No,Mailed check,19.6,686.95
0356-OBMAC,0.139175,Low Risk,56,0.6666666666666666,26.187231124018965,79.70791677633922,Two year,Fiber optic,Bank transfer (automatic),99.9,5706.3
8067-NIOYM,0.057631038,Low Risk,24,0.0,0.0,57.118449211120605,Two year,No,Credit card (automatic),21.1,490.65
1403-GYAFU,0.04173973,Low Risk,70,0.0,0.0,77.07968155543008,Two year,No,Credit card (automatic),20.05,1360.25
4234-XTNEA,0.8495366,High Risk,2,0.16666666666666666,57.64548480395888,11.689836780230204,Month-to-month,Fiber optic,Electronic check,79.95,174.45
1297-VQDRP,0.4061807,Medium Risk,68,0.6666666666666666,14.289260000608706,71.35762969652811,One year,Fiber optic,Credit card (automatic),107.15,7379.8
9282-IZGQK,0.91851145,High Risk,1,0.16666666666666666,57.95296951208529,7.824427485466004,Month-to-month,Fiber optic,Electronic check,85.0,85.0
5348-CAGXB,0.83847076,High Risk,12,0.3333333333333333,43.42428054947422,19.74312881628672,Month-to-month,Fiber optic,Electronic check,89.55,1021.75
0621-HJWXJ,0.37251648,Medium Risk,63,0.16666666666666666,69.85094063549555,60.9575076897939,Month-to-month,Fiber optic,Bank transfer (automatic),81.55,5029.05
5844-QVTAT,0.13786227,Low Risk,33,0.5,52.484071802567854,66.8568867444992,One year,DSL,Mailed check,58.45,1955.4
8905-IAZPF,0.3531908,Medium Risk,69,0.5,23.460322836217273,71.0904610157013,One year,Fiber optic,Credit card (automatic),95.65,6744.2
5394-MEITZ,0.06836072,Low Risk,60,0.8333333333333334,3.145664578443032,88.24862937132518,Two year,DSL,Bank transfer (automatic),80.6,4946.7
6859-QNXIQ,0.04825787,Low Risk,72,1.0,0.0,97.58710563182831,Two year,Fiber optic,Bank transfer (automatic),113.1,8248.5
2782-LFZVW,0.47685945,Medium Risk,11,0.16666666666666666,57.95296951208529,34.073694149653114,Month-to-month,DSL,Mailed check,58.95,601.6
2866-IKBTM,0.5370646,Medium Risk,1,0.0,0.0,23.563436071077984,Month-to-month,No,Mailed check,19.55,19.55
1342-JPNKI,0.8086132,High Risk,10,0.16666666666666666,57.64548480395888,17.06934094429016,Month-to-month,Fiber optic,Bank transfer (automatic),86.05,834.1
2817-NTQDO,0.44823664,Medium Risk,13,0.5,48.40636622222627,43.00483445326487,Month-to-month,DSL,Credit card (automatic),45.55,597.0
7129-AZJDE,0.4219823,Medium Risk,34,0.16666666666666666,57.95296951208529,46.400885581970215,One year,Fiber optic,Bank transfer (automatic),78.95,2647.2
6986-IJDHX,0.5509272,Medium Risk,39,0.3333333333333333,46.501889381793205,45.37030557791392,Month-to-month,Fiber optic,Mailed check,86.3,3266.0
2560-PPCHE,0.39261463,Medium Risk,65,0.6666666666666666,17.366868832927693,70.78593651453653,One year,Fiber optic,Bank transfer (automatic),105.05,6744.25
4676-MQUEA,0.26141042,Low Risk,50,0.6666666666666666,29.135020548865512,71.09614590803781,One year,Fiber optic,Bank transfer (automatic),101.9,5265.5
8138-EALND,0.24466798,Low Risk,15,0.0,0.0,44.01659965515137,Month-to-month,No,Mailed check,19.75,311.6
3580-HYCSP,0.061755497,Low Risk,72,0.8333333333333334,6.09345400328958,93.57889274756116,Two year,Fiber optic,Bank transfer (automatic),110.3,7966.9
1352-HNSAW,0.051721875,Low Risk,72,1.0,0.0,97.41390645503998,Two year,Fiber optic,Bank transfer (automatic),115.6,8220.4
2075-PUEPR,0.08077812,Low Risk,55,0.0,0.0,68.87776056925455,Two year,No,Bank transfer (automatic),19.35,1153.25
1982-FEBTD,0.07106405,Low Risk,23,0.0,0.0,56.03013058503469,Two year,No,Credit card (automatic),25.6,514.75
5301-GAUUY,0.5854943,Medium Risk,32,0.16666666666666666,69.85094063549555,37.391952673594155,Month-to-month,Fiber optic,Bank transfer (automatic),80.35,2596.15
5791-KAJFD,0.17343639,Low Risk,56,0.5,40.586100679157596,74.66151316960654,One year,DSL,Bank transfer (automatic),68.75,3808.0
2654-VBVPB,0.57212824,Medium Risk,1,0.0,0.0,21.81025485197703,Month-to-month,No,Bank transfer (automatic),19.9,19.9
1154-HYWWO,0.13731557,Low Risk,38,0.6666666666666666,37.26277080006059,72.30088810125986,One year,DSL,Mailed check,70.6,2708.2
2501-XWWTZ,0.6901027,High Risk,11,0.0,80.99453605766122,20.078198512395222,Month-to-month,Fiber optic,Electronic check,70.2,760.05
3716-UVSPD,0.7338298,High Risk,1,0.16666666666666666,74.90108205437164,17.058510184288025,Month-to-month,DSL,Electronic check,49.3,49.3
6815-ABQFQ,0.58350146,Medium Risk,56,0.6666666666666666,17.366868832927693,57.49159375826518,One year,Fiber optic,Electronic check,107.25,6033.3
7343-EOBEU,0.40414035,Medium Risk,3,0.0,0.0,31.04298233985901,Month-to-month,No,Mailed check,23.6,89.05
3701-SFMUH,0.39629138,Medium Risk,7,0.5,31.458253679939915,43.1020979086558,Month-to-month,DSL,Credit card (automatic),69.7,516.15
6103-LIANB,0.16586506,Low Risk,59,0.5,20.382714003898286,76.29008014996846,Two year,Fiber optic,Credit card (automatic),99.5,5861.75
7319-VENRZ,0.39543927,Medium Risk,7,0.5,37.33082654618464,43.14470330874125,Month-to-month,DSL,Bank transfer (automatic),64.3,445.95
5846-NEQVZ,0.087953195,Low Risk,71,0.6666666666666666,34.492646675868016,88.51900617281596,Two year,DSL,Credit card (automatic),70.85,4973.4
6967-QIQRV,0.44657966,Medium Risk,15,0.6666666666666666,25.364799676650335,47.25434859593709,One year,Fiber optic,Electronic check,101.9,1667.25
5781-RFZRP,0.072111696,Low Risk,71,0.6666666666666666,37.26277080006059,89.31108037630717,Two year,DSL,Credit card (automatic),73.5,5357.75
0939-YAPAF,0.7654627,High Risk,35,0.5,20.382714003898286,36.310198505719505,Month-to-month,Fiber optic,Electronic check,100.25,3527.6
0308-IVGOK,0.24584162,Low Risk,11,0.5,49.53628237772131,52.29125221570333,One year,DSL,Credit card (automatic),40.4,422.6
7293-LSCDV,0.07598457,Low Risk,60,0.0,0.0,71.20077013969421,Two year,No,Credit card (automatic),19.25,1103.25
7025-WCBNE,0.098329715,Low Risk,47,0.3333333333333333,63.75748663220597,71.33351385593414,Two year,DSL,Bank transfer (automatic),59.6,2754.0
5756-JYOJT,0.2934016,Low Risk,11,0.5,37.63831125431105,49.91325338681539,One year,DSL,Credit card (automatic),64.9,697.25
4710-FDUIZ,0.44233552,Medium Risk,56,0.5,23.460322836217273,61.21655901273092,One year,Fiber optic,Credit card (automatic),100.3,5614.45
6030-REHUX,0.6646254,High Risk,28,0.8333333333333334,3.145664578443032,45.102063020070396,Month-to-month,Fiber optic,Electronic check,110.85,3204.4
9548-LIGTA,0.053559978,Low Risk,61,0.8333333333333334,14.221204254484661,89.40533538659415,Two year,DSL,Mailed check,81.05,4747.65
5150-LJNSR,0.2281284,Low Risk,31,0.5,40.278615971031186,61.51024500528971,One year,Fiber optic,Bank transfer (automatic),98.05,3082.1
8270-RKSAP,0.7799035,High Risk,9,0.0,80.99453605766122,14.754826426506042,Month-to-month,Fiber optic,Electronic check,70.5,597.9
6522-YRBXD,0.5970977,Medium Risk,35,0.5,43.66370951147658,44.728448589642845,Month-to-month,Fiber optic,Electronic check,94.55,3365.4
2640-LYMOV,0.35495448,Medium Risk,2,0.0,0.0,33.08560927708944,Month-to-month,No,Mailed check,19.65,38.8
1218-VKFPE,0.17868192,Low Risk,12,0.0,0.0,46.06590449810028,Month-to-month,No,Mailed check,19.0,233.55
3627-FHKBK,0.7696586,High Risk,1,0.16666666666666666,77.84887147921819,15.26706874370575,Month-to-month,Fiber optic,Mailed check,75.3,75.3
2865-TCHJW,0.8784351,High Risk,4,0.3333333333333333,43.42428054947422,14.411579569180805,Month-to-month,Fiber optic,Electronic check,89.2,346.2
1423-BMPBQ,0.5199234,Medium Risk,1,0.0,0.0,24.420497218767803,Month-to-month,No,Mailed check,19.0,19.0
2393-DIVAI,0.36997104,Medium Risk,3,0.0,0.0,32.75144815444946,Month-to-month,No,Mailed check,20.0,61.7
5192-EBGOV,0.91890395,High Risk,1,0.16666666666666666,57.64548480395888,7.804802656173707,Month-to-month,Fiber optic,Electronic check,85.7,85.7
4568-KNYWR,0.06832684,Low Risk,52,0.5,43.35622480335017,78.25032512346904,Two year,DSL,Credit card (automatic),63.25,3342.45
8752-IMQOS,0.12781323,Low Risk,5,0.0,0.0,45.692672332127884,One year,No,Mailed check,20.1,85.1
0742-LAFQK,0.1230864,Low Risk,72,0.6666666666666666,29.44250525699192,87.17901368935902,Two year,Fiber optic,Electronic check,99.15,7422.1
0795-LAFGP,0.0603296,Low Risk,71,1.0,0.0,96.56685252984364,Two year,DSL,Electronic check,90.4,6668.05
0619-OLYUR,0.08710064,Low Risk,72,0.8333333333333334,11.143595422165674,92.31163541475934,Two year,Fiber optic,Credit card (automatic),111.9,8071.05
5512-IDZEI,0.121742815,Low Risk,46,0.0,0.0,63.079524437586464,One year,No,Electronic check,24.9,1174.8
0459-SPZHJ,0.06513908,Low Risk,63,0.8333333333333334,6.09345400328958,89.65971390406291,Two year,DSL,Credit card (automatic),83.5,5435.0
0215-BQKGS,0.50575244,Medium Risk,30,0.5,52.484071802567854,47.21237778663635,Month-to-month,Fiber optic,Credit card (automatic),84.3,2438.6
9244-ZVAPM,0.6908919,High Risk,1,0.0,80.99453605766122,15.87207059065501,Month-to-month,DSL,Mailed check,45.6,45.6
0719-SYFRB,0.36734307,Medium Risk,12,0.5,57.53421322144395,46.63284659385681,Month-to-month,DSL,Mailed check,61.65,713.75
8208-EUMTE,0.08153509,Low Risk,16,0.8333333333333334,23.041566545575932,69.25657828648886,Two year,DSL,Mailed check,54.85,916.15
5172-MIGPM,0.49179292,Medium Risk,4,0.3333333333333333,51.85951550879571,33.74368747075398,Month-to-month,DSL,Mailed check,65.55,237.2
1710-RCXUS,0.3924514,Medium Risk,51,0.3333333333333333,46.809374089919615,58.29409639040629,One year,Fiber optic,Credit card (automatic),90.35,4614.55
0374-FIUCA,0.047539346,Low Risk,65,0.0,0.0,74.7063656648,Two year,No,Credit card (automatic),20.4,1414.45
5839-SUYVZ,0.6100001,High Risk,16,0.16666666666666666,74.90108205437164,29.49999630451202,Month-to-month,Fiber optic,Credit card (automatic),74.55,1170.5
5173-ZXXXL,0.12075928,Low Risk,2,0.0,0.0,44.79537089665731,One year,No,Mailed check,19.95,47.7
1096-ADRUX,0.17185935,Low Risk,66,0.0,80.99453605766122,68.90703082084654,One year,Fiber optic,Bank transfer (automatic),74.25,4859.25
2001-MCUUW,0.44069546,Medium Risk,46,0.8333333333333334,3.145664578443032,63.79856010278067,Two year,Fiber optic,Electronic check,108.65,4903.2
2731-GJRDG,0.46622244,Medium Risk,32,0.8333333333333334,11.143595422165674,56.68887972831727,One year,Fiber optic,Bank transfer (automatic),109.55,3608.0
4723-BEGSG,0.04650022,Low Risk,72,0.8333333333333334,11.143595422165674,94.34165636698407,Two year,DSL,Credit card (automatic),86.65,6094.25
6516-NKQBO,0.060718596,Low Risk,38,0.8333333333333334,11.143595422165674,79.4640702009201,Two year,DSL,Credit card (automatic),81.0,3084.9
8672-OAUPW,0.12537374,Low Risk,51,0.16666666666666666,74.90108205437164,68.31464727719624,One year,DSL,Credit card (automatic),47.85,2356.75
8207-DMRVL,0.054194137,Low Risk,72,1.0,0.0,97.2902923822403,Two year,Fiber optic,Bank transfer (automatic),114.55,8306.05
3419-SNJJD,0.48738402,Medium Risk,65,0.6666666666666666,17.237049425455254,66.04746560255685,Month-to-month,Fiber optic,Bank transfer (automatic),105.25,6786.4
6543-CPZMK,0.62893295,High Risk,9,0.16666666666666666,69.85094063549555,25.636685689290367,Month-to-month,DSL,Electronic check,29.95,248.95
4765-OXPPD,0.3613101,Medium Risk,9,0.6666666666666666,46.390617799278274,49.01782711346944,Month-to-month,DSL,Mailed check,65.0,663.05
2804-ETQDK,0.045921523,Low Risk,66,0.0,0.0,75.20392477512358,Two year,No,Mailed check,20.55,1357.1
6689-VRRTK,0.46145755,Medium Risk,44,0.8333333333333334,6.09345400328958,61.92712247371674,One year,Fiber optic,Credit card (automatic),109.8,4860.35
7138-GIRSH,0.062706105,Low Risk,50,0.5,37.63831125431105,77.69802769025166,Two year,DSL,Bank transfer (automatic),69.5,3418.2
9396-ZSFLL,0.4017976,Medium Risk,15,0.0,80.99453605766122,36.160120368003845,Month-to-month,DSL,Mailed check,48.85,631.4
6464-KEXXH,0.51007974,Medium Risk,8,0.0,80.99453605766122,27.829346259435017,Month-to-month,DSL,Credit card (automatic),25.25,186.3
7134-MJPDY,0.43057886,Medium Risk,66,0.6666666666666666,14.289260000608706,69.30439194043475,One year,Fiber optic,Credit card (automatic),102.85,6976.75
5240-CAOYT,0.2541614,Low Risk,57,0.5,60.611822053762936,71.04193210601807,Month-to-month,Fiber optic,Bank transfer (automatic),87.55,4884.85
4059-IIEBK,0.80712414,High Risk,7,0.16666666666666666,69.85094063549555,15.893793106079102,Month-to-month,Fiber optic,Bank transfer (automatic),78.55,522.95
4881-JVQOD,0.55536574,Medium Risk,10,0.16666666666666666,57.95296951208529,29.73171293735504,Month-to-month,DSL,Bank transfer (automatic),34.55,362.6
0516-UXRMT,0.29235664,Low Risk,62,0.5,52.484071802567854,71.21550281842549,One year,Fiber optic,Electronic check,92.05,5755.8
4851-BQDNX,0.46511889,Medium Risk,40,0.3333333333333333,43.42428054947422,50.07738908131917,One year,Fiber optic,Electronic check,85.05,3355.65
5148-HKFIR,0.066257544,Low Risk,20,0.0,0.0,55.020456512769066,Two year,No,Mailed check,19.7,406.95
1009-IRMNA,0.28787282,Low Risk,7,0.0,0.0,38.523027102152504,Month-to-month,No,Bank transfer (automatic),20.0,137.6
3003-CMDUU,0.71312,High Risk,25,0.5,28.510464255093368,34.76066748301188,Month-to-month,Fiber optic,Electronic check,95.15,2395.7
5016-IBERQ,0.64814615,High Risk,23,0.3333333333333333,55.629736381010886,33.842692375183105,Month-to-month,Fiber optic,Electronic check,84.25,1968.1
6797-UCJHZ,0.39543295,Medium Risk,66,0.6666666666666666,9.239118581732612,71.06168588002521,One year,Fiber optic,Credit card (automatic),104.6,6819.45
2469-DTSGX,0.078798376,Low Risk,72,0.8333333333333334,3.145664578443032,92.7267489830653,Two year,Fiber optic,Electronic check,111.65,7943.45
4554-YGZIH,0.58261216,Medium Risk,49,0.3333333333333333,46.809374089919615,47.95272548993428,Month-to-month,Fiber optic,Credit card (automatic),90.05,4547.25
5099-BAILX,0.60730034,High Risk,43,0.8333333333333334,3.145664578443032,54.218316276868194,Month-to-month,Fiber optic,Bank transfer (automatic),110.75,4687.9
9931-KGHOA,0.2584501,Low Risk,46,0.16666666666666666,77.84887147921819,59.57749545574188,Month-to-month,DSL,Bank transfer (automatic),55.0,2473.95
1775-KWJKQ,0.039914265,Low Risk,72,1.0,0.0,98.00428748130798,Two year,DSL,Credit card (automatic),89.85,6562.9
7665-VIGUD,0.12707616,Low Risk,10,0.0,0.0,47.81285921732585,One year,No,Mailed check,20.35,176.3
9411-TPQQV,0.20869836,Low Risk,40,0.6666666666666666,25.364799676650335,69.56508040428162,One year,DSL,Bank transfer (automatic),54.55,2236.2
7207-RMRDB,0.63238466,High Risk,65,0.6666666666666666,9.239118581732612,58.79743377367655,Month-to-month,Fiber optic,Electronic check,105.5,6985.65
7954-MLBUN,0.11542959,Low Risk,31,0.6666666666666666,14.289260000608706,70.47852098941803,Two year,Fiber optic,Bank transfer (automatic),99.45,3109.9
2077-DDHJK,0.10469267,Low Risk,68,0.6666666666666666,46.390617799278274,86.43203179041544,Two year,DSL,Credit card (automatic),70.9,4911.35
4913-EHYUI,0.4905621,Medium Risk,56,0.6666666666666666,17.237049425455254,62.13856259981792,One year,Fiber optic,Bank transfer (automatic),104.55,5794.65
0195-IESCP,0.85194594,High Risk,10,0.16666666666666666,57.95296951208529,14.902703166007994,Month-to-month,Fiber optic,Electronic check,85.25,855.3
9574-BOSMD,0.043472666,Low Risk,68,0.0,0.0,76.15970094998677,Two year,No,Bank transfer (automatic),25.4,1620.2
4580-TMHJU,0.37457922,Medium Risk,43,0.16666666666666666,57.64548480395888,52.52104043960571,Month-to-month,DSL,Electronic check,56.15,2499.3
0970-ETWGE,0.9043933,High Risk,1,0.3333333333333333,34.60391825838295,11.863667567571005,Month-to-month,Fiber optic,Electronic check,89.55,89.55
4908-XAXAY,0.38179475,Medium Risk,49,0.5,32.588169835434954,61.32692913214365,One year,Fiber optic,Bank transfer (automatic),89.85,4287.2
8404-VLQFB,0.35338885,Medium Risk,15,0.0,0.0,38.58055770397186,Month-to-month,No,Electronic check,25.25,394.85
1626-ERCMM,0.80082643,High Risk,20,0.3333333333333333,34.60391825838295,24.95867848396301,Month-to-month,Fiber optic,Electronic check,94.55,1899.65
0887-HJGAR,0.7534007,High Risk,1,0.0,80.99453605766122,12.746632496515911,Month-to-month,DSL,Mailed check,45.7,45.7
2391-IPLOP,0.22101869,Low Risk,50,0.5,37.33082654618464,69.78239973386128,One year,DSL,Electronic check,69.65,3442.15
5644-PDMZC,0.83568084,High Risk,2,0.3333333333333333,46.809374089919615,15.715957880020143,Month-to-month,Fiber optic,Electronic check,89.5,161.5
3509-GWQGF,0.5394347,Medium Risk,24,0.0,80.99453605766122,33.02826642990112,Month-to-month,Fiber optic,Credit card (automatic),70.0,1732.6
9576-ANLXO,0.7698867,High Risk,3,0.0,80.99453605766122,12.755666375160219,Month-to-month,Fiber optic,Bank transfer (automatic),69.55,222.3
2024-BASKD,0.8744674,High Risk,1,0.16666666666666666,66.77333180317656,10.026631355285645,Month-to-month,Fiber optic,Mailed check,74.6,74.6
5845-BZZIB,0.0506518,Low Risk,35,0.0,0.0,62.050743897755936,Two year,No,Mailed check,20.1,655.3
1140-UKVZG,0.22450179,Low Risk,17,0.0,0.0,45.85824390252431,Month-to-month,No,Mailed check,24.8,475.25
4160-AMJTL,0.33711827,Medium Risk,8,0.0,0.0,36.47741993268331,Month-to-month,No,Electronic check,19.65,164.3
5183-SNMJQ,0.779685,High Risk,10,0.5,28.510464255093368,25.1824156443278,Month-to-month,Fiber optic,Credit card (automatic),95.1,865.1
8100-PNJMH,0.05526637,Low Risk,68,1.0,0.0,95.57001431783041,Two year,DSL,Credit card (automatic),88.85,6132.7
7838-LAZFO,0.26813424,Low Risk,45,0.8333333333333334,6.09345400328958,72.00995484987895,One year,DSL,Bank transfer (automatic),78.8,3597.5
4464-JCOLN,0.13349746,Low Risk,2,0.0,0.0,44.158459504445396,One year,No,Mailed check,19.85,35.9
2085-JVGAD,0.16932312,Low Risk,37,0.0,0.0,56.95051232973734,Month-to-month,No,Bank transfer (automatic),20.35,697.65
5650-VDUDS,0.634464,High Risk,4,0.0,80.99453605766122,19.94346539179484,Month-to-month,DSL,Mailed check,24.25,96.05
8095-WANWK,0.40563476,Medium Risk,10,0.0,80.99453605766122,33.88492862383525,Month-to-month,DSL,Mailed check,45.25,428.7
3030-ZKIWL,0.60359496,High Risk,1,0.0,0.0,20.236918727556866,Month-to-month,No,Mailed check,20.05,20.05
9565-FLVCG,0.056681573,Low Risk,65,0.5,43.66370951147658,84.2492546637853,Two year,DSL,Mailed check,69.55,4459.15
8755-OGKNA,0.061099704,Low Risk,57,0.0,0.0,70.69501459598541,Two year,No,Bank transfer (automatic),19.5,1167.6
2800-VEQXM,0.7967829,High Risk,3,0.16666666666666666,66.77333180317656,14.744187792142233,Month-to-month,Fiber optic,Mailed check,74.75,238.1
7538-GWHML,0.75987345,High Risk,2,0.0,80.99453605766122,12.8396608432134,Month-to-month,Fiber optic,Electronic check,69.65,145.15
5533-RJFTJ,0.4041905,Medium Risk,49,0.16666666666666666,66.77333180317656,53.54047298431396,Month-to-month,DSL,Bank transfer (automatic),30.2,1453.1
3859-CVCET,0.56997246,Medium Risk,4,0.0,80.99453605766122,23.168043891588848,Month-to-month,DSL,Mailed check,45.65,191.05
0214-JHPFW,0.052821264,Low Risk,70,0.8333333333333334,3.145664578443032,93.1922694047292,Two year,DSL,Bank transfer (automatic),57.8,4039.3
5642-MHDQT,0.108600594,Low Risk,53,0.0,0.0,66.65330251057942,One year,No,Bank transfer (automatic),19.85,1039.45
3088-FVYWK,0.060725544,Low Risk,53,0.0,0.0,69.0470548470815,Two year,No,Credit card (automatic),25.55,1336.1
3276-HDUEG,0.8887085,High Risk,1,0.0,80.99453605766122,5.9812430540720625,Month-to-month,Fiber optic,Mailed check,75.05,75.05
9092-GDZKO,0.23301399,Low Risk,22,0.0,0.0,47.51596728960673,Month-to-month,No,Credit card (automatic),24.85,493.4
0823-HSCDJ,0.5819521,Medium Risk,52,0.5,23.460322836217273,52.56906191507975,Month-to-month,DSL,Electronic check,49.15,2550.9
3729-OWRVL,0.36149368,Medium Risk,65,0.8333333333333334,11.143595422165674,75.6753146648407,Two year,Fiber optic,Electronic check,110.35,7246.15
2324-AALNO,0.09229566,Low Risk,48,0.0,0.0,65.38521766662598,One year,No,Bank transfer (automatic),24.55,1203.95
0822-GAVAP,0.8112638,High Risk,2,0.16666666666666666,57.95296951208529,13.603476683298746,Month-to-month,DSL,Electronic check,34.7,62.25
5760-IFJOZ,0.8007932,High Risk,3,0.6666666666666666,9.239118581732612,24.54367478688558,Month-to-month,Fiber optic,Mailed check,107.95,313.6
2826-UWHIS,0.46774712,Medium Risk,45,0.16666666666666666,69.85094063549555,48.69597872098287,Month-to-month,Fiber optic,Bank transfer (automatic),81.4,3775.85
1448-PWKYE,0.87045807,High Risk,1,0.16666666666666666,57.95296951208529,10.227096676826477,Month-to-month,Fiber optic,Electronic check,80.0,80.0
7501-IWUNG,0.08521183,Low Risk,61,0.6666666666666666,14.289260000608706,84.48940932750702,Two year,DSL,Bank transfer (automatic),73.8,4616.05
4957-TREIR,0.5146166,Medium Risk,3,0.5,48.40636622222627,35.51916956901551,Month-to-month,DSL,Credit card (automatic),64.4,195.65
7251-LJBQN,0.5219203,Medium Risk,40,0.6666666666666666,14.289260000608706,53.90398383140563,One year,Fiber optic,Credit card (automatic),103.75,4188.4
8040-MNRTF,0.85067534,High Risk,1,0.0,80.99453605766122,7.882899443308513,Month-to-month,Fiber optic,Mailed check,71.1,71.1
1536-HBSWP,0.746026,High Risk,1,0.16666666666666666,74.90108205437164,16.44870102405548,Month-to-month,DSL,Electronic check,49.9,49.9
5313-FPXWG,0.091625914,Low Risk,51,0.0,0.0,66.66870355606079,One year,No,Bank transfer (automatic),24.6,1266.4
0067-DKWBL,0.7858344,High Risk,2,0.16666666666666666,77.84887147921819,14.874948064486185,Month-to-month,DSL,Electronic check,49.25,91.1
0946-FKYTX,0.18881907,Low Risk,52,0.16666666666666666,69.85094063549555,65.55904746055603,One year,DSL,Mailed check,30.1,1623.4
5076-YVXCM,0.51739734,Medium Risk,51,0.16666666666666666,57.95296951208529,48.713466127713524,Month-to-month,Fiber optic,Bank transfer (automatic),83.4,4149.45
8262-COGGB,0.5813054,Medium Risk,1,0.0,0.0,21.351397434870403,Month-to-month,No,Mailed check,20.45,20.45
6663-JOCQO,0.24590375,Low Risk,31,0.6666666666666666,37.570255508187,63.95481348037719,One year,DSL,Bank transfer (automatic),75.25,2344.5
9620-QJREV,0.069466434,Low Risk,47,0.0,0.0,66.11001272996266,One year,No,Credit card (automatic),20.55,1013.05
2276-YDAVZ,0.8217865,High Risk,3,0.0,80.99453605766122,10.16067385673523,Month-to-month,Fiber optic,Credit card (automatic),75.1,270.7
2682-KEVRP,0.10381533,Low Risk,22,0.0,0.0,53.97590080897013,One year,No,Mailed check,20.05,417.0
2480-JZOSN,0.6379295,High Risk,1,0.0,0.0,18.520191709200542,Month-to-month,No,Mailed check,20.65,20.65
0078-XZMHT,0.048147194,Low Risk,72,0.8333333333333334,3.145664578443032,94.25930658976239,Two year,DSL,Bank transfer (automatic),85.15,6316.2
5896-NPFWW,0.7440164,High Risk,3,0.16666666666666666,66.77333180317656,17.382512887318928,Month-to-month,DSL,Electronic check,50.15,168.15
9978-HYCIN,0.2399701,Low Risk,47,0.3333333333333333,46.501889381793205,64.2514955997467,One year,Fiber optic,Bank transfer (automatic),84.95,4018.05
8338-QIUNR,0.08790627,Low Risk,72,0.5,57.53421322144395,85.60468792915344,Two year,DSL,Credit card (automatic),66.5,4811.6
1525-LNLOJ,0.06770762,Low Risk,66,0.3333333333333333,43.42428054947422,80.7812867561976,Two year,DSL,Bank transfer (automatic),63.3,4189.7
9450-TRJUU,0.66635495,High Risk,35,0.16666666666666666,57.64548480395888,34.59891895453135,Month-to-month,Fiber optic,Electronic check,83.15,2848.45
1766-GKNMI,0.7383033,High Risk,29,0.16666666666666666,57.95296951208529,28.501501480738323,Month-to-month,Fiber optic,Electronic check,84.9,2516.2
6942-LBFDP,0.4063933,Medium Risk,2,0.0,0.0,30.513668855031334,Month-to-month,No,Mailed check,20.55,33.6
1456-TWCGB,0.54882663,Medium Risk,4,0.16666666666666666,69.85094063549555,27.55866825580597,Month-to-month,DSL,Mailed check,49.25,208.45
7133-VBDCG,0.52298826,Medium Risk,25,0.3333333333333333,66.70527605705252,40.933920343716935,Month-to-month,Fiber optic,Bank transfer (automatic),79.85,2015.35
7596-ZYWBB,0.05516443,Low Risk,65,0.5,60.611822053762936,84.3251105149587,Two year,DSL,Mailed check,59.6,3739.8
8329-UTMVM,0.52574277,Medium Risk,27,0.6666666666666666,17.366868832927693,48.296194871266685,One year,Fiber optic,Bank transfer (automatic),104.65,2964.0
3014-WJKSM,0.56013113,Medium Risk,29,0.16666666666666666,66.77333180317656,37.41011003653208,Month-to-month,Fiber optic,Credit card (automatic),75.3,2263.4
3347-YJZZE,0.32452682,Medium Risk,29,0.6666666666666666,9.239118581732612,59.1903273264567,Month-to-month,DSL,Credit card (automatic),80.1,2211.8
1029-QFBEN,0.5374081,Medium Risk,1,0.0,0.0,23.546260992685955,Month-to-month,No,Mailed check,19.55,19.55
7929-DMBCV,0.547359,Medium Risk,20,0.3333333333333333,60.67987779988698,37.63205051422119,Month-to-month,Fiber optic,Mailed check,81.0,1683.7
9661-JALZV,0.06566973,Low Risk,58,0.0,0.0,70.88318089644115,Two year,No,Credit card (automatic),24.7,1519.0
5433-KYGHE,0.6401419,High Risk,14,0.3333333333333333,71.75541747592861,30.492904782295227,Month-to-month,Fiber optic,Mailed check,86.0,1164.05
4312-KFRXN,0.041653227,Low Risk,72,0.0,0.0,77.91733920574188,Two year,No,Mailed check,25.4,1710.9
5575-TPIZQ,0.4622611,Medium Risk,46,0.3333333333333333,54.49982022551585,52.72027929623921,Month-to-month,Fiber optic,Credit card (automatic),89.15,4245.55
0114-IGABW,0.05147494,Low Risk,71,0.8333333333333334,3.145664578443032,93.67625355720521,Two year,DSL,Bank transfer (automatic),58.25,4145.9
9944-AEXBM,0.6352683,High Risk,32,0.16666666666666666,57.95296951208529,34.90325311819712,Month-to-month,Fiber optic,Bank transfer (automatic),85.65,2664.3
1853-ARAAQ,0.4341021,Medium Risk,26,0.5,20.382714003898286,49.12823041280111,Month-to-month,DSL,Credit card (automatic),50.35,1277.5
6952-OMNWB,0.42501014,Medium Risk,68,0.16666666666666666,66.77333180317656,60.416159431139626,Month-to-month,Fiber optic,Credit card (automatic),80.35,5589.3
4697-LUPSU,0.13023773,Low Risk,2,0.0,0.0,44.3214484055837,One year,No,Mailed check,20.2,34.75
8434-VGEQQ,0.049868435,Low Risk,61,0.0,0.0,72.92324344317119,Two year,No,Credit card (automatic),20.55,1305.95
4952-YSOGZ,0.87643623,High Risk,4,0.16666666666666666,57.95296951208529,11.178188323974608,Month-to-month,Fiber optic,Electronic check,85.95,381.3
1589-AGTLK,0.73649544,High Risk,3,0.0,80.99453605766122,14.425228238105776,Month-to-month,DSL,Electronic check,45.35,141.5
5244-IRFIH,0.74866205,High Risk,33,0.3333333333333333,34.60391825838295,32.98356393973032,Month-to-month,Fiber optic,Electronic check,94.5,3105.55
6549-YMFAW,0.30295005,Medium Risk,9,0.0,0.0,38.60249876976013,Month-to-month,No,Mailed check,21.25,204.55
4950-HKQTE,0.07069727,Low Risk,22,0.0,0.0,55.63180426756541,Two year,No,Mailed check,26.25,605.9
6786-OBWQR,0.83589196,High Risk,5,0.16666666666666666,57.64548480395888,13.622068564097086,Month-to-month,Fiber optic,Electronic check,80.85,356.1
2684-EIWEO,0.51171863,Medium Risk,30,0.5,52.484071802567854,46.91406846046448,Month-to-month,Fiber optic,Credit card (automatic),91.7,2758.15
2753-JMMCV,0.1339439,Low Risk,65,0.6666666666666666,26.494715832145374,83.71947089831033,Two year,DSL,Credit card (automatic),74.2,4805.65
6439-GTPCA,0.62929714,High Risk,45,0.3333333333333333,60.67987779988698,43.951809803644814,Month-to-month,Fiber optic,Electronic check,87.25,3941.7
6621-YOBKI,0.29508114,Low Risk,5,0.0,0.0,37.329276402791336,Month-to-month,No,Mailed check,20.35,92.75
1216-JWVUX,0.6525738,High Risk,25,0.16666666666666666,69.85094063549555,31.121308803558346,Month-to-month,Fiber optic,Electronic check,75.5,1901.05
7564-GHCVB,0.06357928,Low Risk,72,0.16666666666666666,77.84887147921819,80.15437026818594,Two year,Fiber optic,Bank transfer (automatic),79.05,5730.7
1173-NOEYG,0.5868655,Medium Risk,27,0.3333333333333333,43.73176525760063,38.57339243094126,Month-to-month,Fiber optic,Bank transfer (automatic),90.15,2423.4
7595-EHCDL,0.39225864,Medium Risk,32,0.5,20.382714003898286,53.72040112813313,Month-to-month,DSL,Credit card (automatic),50.6,1653.45
6647-ZEDXT,0.4568043,Medium Risk,30,0.8333333333333334,3.145664578443032,56.326452891031906,One year,Fiber optic,Credit card (automatic),110.45,3327.05
2521-NPUZR,0.10122372,Low Risk,70,0.8333333333333334,23.349051253702342,90.7721479733785,Two year,Fiber optic,Credit card (automatic),101.0,7085.5
1307-TVUFB,0.56902254,Medium Risk,42,0.16666666666666666,69.85094063549555,42.382206519444786,Month-to-month,Fiber optic,Bank transfer (automatic),79.35,3344.1
7503-MIOGA,0.053216156,Low Risk,72,1.0,0.0,97.33919203281403,Two year,DSL,Bank transfer (automatic),89.85,6697.35
4381-MHQDC,0.06580453,Low Risk,47,0.5,57.53421322144395,76.2931062777837,Two year,DSL,Mailed check,65.0,2879.9
6923-JHPMP,0.7729001,High Risk,2,0.3333333333333333,63.62766722473353,18.854994773864746,Month-to-month,Fiber optic,Electronic check,80.45,137.1
5138-WVKYJ,0.7993991,High Risk,10,0.5,31.458253679939915,24.196712772051495,Month-to-month,Fiber optic,Electronic check,98.55,1008.55
4018-PPNDW,0.04974807,Low Risk,61,0.0,0.0,72.9292635122935,Two year,No,Mailed check,24.1,1551.6
1635-FJFCC,0.61065215,High Risk,5,0.0,80.99453605766122,21.55072589715322,Month-to-month,DSL,Credit card (automatic),44.05,202.15
2499-AJYUA,0.06786952,Low Risk,72,0.8333333333333334,3.145664578443032,93.2731894652049,Two year,Fiber optic,Credit card (automatic),110.8,7882.25
6919-ELBGL,0.05517124,Low Risk,72,1.0,0.0,97.24143743515015,Two year,Fiber optic,Bank transfer (automatic),114.95,8196.4
3966-HRMZA,0.75432444,High Risk,3,0.16666666666666666,66.77333180317656,16.867111523946125,Month-to-month,Fiber optic,Mailed check,75.05,202.9
6425-JWTDV,0.06367852,Low Risk,48,0.0,0.0,66.81607484817505,Two year,No,Mailed check,19.25,855.1
8405-IGQFX,0.1553617,Low Risk,63,0.5,37.33082654618464,78.48191440105438,One year,Fiber optic,Credit card (automatic),90.05,5817.0
8224-IVVPA,0.25671223,Low Risk,27,0.3333333333333333,66.70527605705252,55.08105675379436,Month-to-month,DSL,Mailed check,56.7,1652.95
9477-LGWQI,0.06525919,Low Risk,70,0.8333333333333334,6.09345400328958,92.57037242253621,Two year,DSL,Credit card (automatic),80.15,5600.15
1410-RSCMR,0.3993556,Medium Risk,7,0.6666666666666666,34.492646675868016,46.28222048282623,Month-to-month,DSL,Credit card (automatic),71.35,515.75
3115-CZMZD,0.09061155,Low Risk,0,0.0,0.0,45.46942114830017,Two year,No,Mailed check,20.25,0.0
0139-IVFJG,0.6824548,High Risk,2,0.5,43.35622480335017,26.71059211095174,Month-to-month,Fiber optic,Electronic check,90.35,190.5
6683-VLCTZ,0.8256822,High Risk,20,0.5,20.382714003898286,27.049222191174827,Month-to-month,Fiber optic,Electronic check,98.55,1842.8
5730-DBDSI,0.062469497,Low Risk,66,0.0,0.0,74.37652587890624,Two year,No,Bank transfer (automatic),19.7,1253.8
0030-FNXPP,0.33451438,Medium Risk,3,0.0,0.0,34.52428102493286,Month-to-month,No,Mailed check,19.85,57.2
2189-WWOEW,0.6995093,High Risk,15,0.3333333333333333,46.809374089919615,27.941200534502663,Month-to-month,Fiber optic,Bank transfer (automatic),85.9,1269.55
5684-FJVYR,0.051501106,Low Risk,72,0.5,60.611822053762936,87.42494523525238,Two year,Fiber optic,Bank transfer (automatic),90.35,6563.4
4013-GUXND,0.59985155,Medium Risk,1,0.0,0.0,20.424089233080547,Month-to-month,No,Mailed check,20.8,20.8
1894-IGFSG,0.69246525,High Risk,22,0.3333333333333333,34.60391825838295,31.210071047147114,Month-to-month,Fiber optic,Electronic check,89.25,1907.85
7379-POKDZ,0.8139775,High Risk,3,0.0,80.99453605766122,10.55112600326538,Month-to-month,Fiber optic,Electronic check,70.3,208.85
1266-NZYUI,0.056881063,Low Risk,72,0.5,57.53421322144395,87.1559464931488,Two year,DSL,Bank transfer (automatic),66.85,4758.8
7969-FFOWG,0.045262754,Low Risk,65,0.0,0.0,74.8201956351598,Two year,No,Mailed check,19.9,1292.6
4718-DHSMV,0.5108628,Medium Risk,11,0.16666666666666666,57.64548480395888,32.373525301615395,Month-to-month,DSL,Mailed check,35.8,363.15
5175-WLYXL,0.6022885,High Risk,22,0.16666666666666666,69.85094063549555,32.38557577133179,Month-to-month,Fiber optic,Mailed check,78.85,1600.25
7817-OMJNA,0.11191432,Low Risk,14,0.0,0.0,50.23761649926504,One year,No,Bank transfer (automatic),20.4,275.7
8728-SKJLR,0.6006786,High Risk,41,0.16666666666666666,74.90108205437164,40.38273553053537,Month-to-month,Fiber optic,Electronic check,74.25,3089.1
3137-NYQQI,0.23102406,Low Risk,17,0.5,43.66370951147658,55.53213198979695,One year,DSL,Mailed check,64.8,1175.6
7706-DZNKK,0.2449192,Low Risk,11,0.0,0.0,42.33737428983053,Month-to-month,No,Credit card (automatic),20.45,237.3
0236-HFWSV,0.82375973,High Risk,15,0.3333333333333333,34.60391825838295,21.72867993513743,Month-to-month,Fiber optic,Electronic check,93.35,1444.65
3900-AQPHZ,0.59330964,Medium Risk,1,0.0,0.0,20.751184622446697,Month-to-month,No,Mailed check,19.9,19.9
5842-POCOP,0.78007466,High Risk,5,0.5,40.586100679157596,23.079600532849632,Month-to-month,Fiber optic,Mailed check,88.9,454.15
2037-XJFUP,0.5906029,Medium Risk,33,0.5,20.382714003898286,44.219856262207024,One year,Fiber optic,Electronic check,95.8,3036.75
8823-RLPWL,0.05328476,Low Risk,72,0.8333333333333334,6.09345400328958,94.00242845217389,Two year,Fiber optic,Credit card (automatic),110.65,8065.65
9505-SQFSW,0.6415265,High Risk,3,0.3333333333333333,46.809374089919615,25.84034065405528,Month-to-month,DSL,Mailed check,40.3,92.5
7314-OXENN,0.8725843,High Risk,2,0.16666666666666666,69.85094063549555,10.537452499071756,Month-to-month,Fiber optic,Electronic check,82.0,184.65
3758-CKOQL,0.3904199,Medium Risk,59,0.8333333333333334,23.349051253702342,71.72900497913362,One year,Fiber optic,Credit card (automatic),107.0,6152.3
0322-CHQRU,0.7163695,High Risk,2,0.0,80.99453605766122,15.014857848485311,Month-to-month,DSL,Electronic check,45.35,89.5
5676-CFLYY,0.08762592,Low Risk,71,0.6666666666666666,17.366868832927693,88.53537062803905,Two year,DSL,Credit card (automatic),73.35,5154.5
7521-AFHAB,0.5464387,Medium Risk,5,0.0,80.99453605766122,24.76139863332113,Month-to-month,DSL,Mailed check,44.8,220.45
0285-INHLN,0.26339298,Low Risk,27,0.3333333333333333,66.70527605705252,54.747017423311874,Month-to-month,DSL,Credit card (automatic),54.75,1510.3
4678-DVQEO,0.75434035,High Risk,1,0.16666666666666666,74.90108205437164,16.03298246860504,Month-to-month,DSL,Electronic check,52.2,52.2
5125-CNDSP,0.09850728,Low Risk,63,0.5,60.611822053762936,81.32463574409485,One year,DSL,Bank transfer (automatic),40.6,2588.95
0691-IFBQW,0.4951439,Medium Risk,46,0.8333333333333334,6.09345400328958,61.076138814290374,One year,Fiber optic,Electronic check,110.0,4874.8
4992-LTJNE,0.04865122,Low Risk,72,0.16666666666666666,77.84887147921819,80.90077241261801,Two year,DSL,Bank transfer (automatic),55.3,3983.6
2202-OUTMO,0.23042776,Low Risk,34,0.3333333333333333,71.75541747592861,59.3119462331136,Month-to-month,DSL,Bank transfer (automatic),60.85,2003.6
0810-BDHAW,0.21881029,Low Risk,24,0.6666666666666666,20.31465825777424,62.392817338307694,One year,DSL,Electronic check,78.4,1832.4
0229-LFJAF,0.06620763,Low Risk,72,0.6666666666666666,46.390617799278274,90.02295096715291,Two year,DSL,Bank transfer (automatic),69.65,4908.25
7131-ZQZNK,0.04904168,Low Risk,60,0.8333333333333334,11.143595422165674,89.21458224455516,Two year,DSL,Credit card (automatic),59.85,3590.2
3442-ZHHCC,0.23819304,Low Risk,68,0.6666666666666666,29.44250525699192,79.75701491038004,One year,DSL,Credit card (automatic),76.9,5023.0
5726-CVNYA,0.07366576,Low Risk,8,0.0,0.0,49.65004642804464,Two year,No,Mailed check,19.85,146.6
9871-ELEYA,0.0656439,Low Risk,34,0.6666666666666666,34.18516196774161,74.21780467033385,Two year,DSL,Credit card (automatic),67.65,2339.3
4257-GAESD,0.5592186,Medium Risk,6,0.3333333333333333,34.60391825838295,31.205737392107647,Month-to-month,DSL,Credit card (automatic),45.0,298.7
5173-WXOQV,0.5649524,Medium Risk,2,0.5,40.715920086630035,32.5857146581014,Month-to-month,DSL,Mailed check,64.2,143.65
2040-OBMLJ,0.1880508,Low Risk,31,0.16666666666666666,74.90108205437164,56.84745967388153,One year,Fiber optic,Credit card (automatic),81.7,2548.65
6286-ZHAOK,0.24513064,Low Risk,20,0.0,0.0,46.07680042584737,Month-to-month,No,Bank transfer (automatic),25.55,507.4
3807-XHCJH,0.5659605,Medium Risk,1,0.0,0.0,22.118640343348186,Month-to-month,No,Electronic check,20.0,20.0
3009-JWMPU,0.5555783,Medium Risk,62,0.5,20.382714003898286,58.05441876252493,One year,Fiber optic,Electronic check,96.75,6125.4
5671-RQRLP,0.14982308,Low Risk,70,0.0,80.99453605766122,71.67551318804422,Two year,Fiber optic,Credit card (automatic),75.65,5411.4
1450-GALXR,0.8686516,High Risk,10,0.5,28.510464255093368,20.734085241953533,Month-to-month,Fiber optic,Electronic check,98.5,1058.25
8859-AXJZP,0.058839414,Low Risk,39,0.0,0.0,63.30802798271179,Two year,No,Mailed check,23.8,903.8
3174-AKMAS,0.073590025,Low Risk,46,0.5,40.408435378503626,75.4871646563212,Two year,DSL,Credit card (automatic),64.2,3009.5
3138-BKYAV,0.84047437,High Risk,6,0.3333333333333333,46.501889381793205,17.142948309580486,Month-to-month,Fiber optic,Electronic check,85.35,489.45
9926-PJHDQ,0.07995698,Low Risk,72,0.5,20.382714003898286,86.00214958190918,Two year,DSL,Bank transfer (automatic),76.8,5468.45
7382-DFJTU,0.3513044,Medium Risk,18,0.3333333333333333,60.67987779988698,46.601446072260536,Month-to-month,DSL,Credit card (automatic),55.2,1058.1
2798-NYLMZ,0.43432707,Medium Risk,71,0.8333333333333334,11.143595422165674,74.53364670276643,Two year,Fiber optic,Credit card (automatic),108.55,7616.0
4289-DTDKW,0.7606296,High Risk,40,0.5,23.460322836217273,38.63518695036569,Month-to-month,Fiber optic,Electronic check,101.3,4113.1
1820-TQVEV,0.8945734,High Risk,1,0.0,80.99453605766122,5.687997142473857,Month-to-month,Fiber optic,Electronic check,69.55,69.55
2239-JALAW,0.5614937,Medium Risk,58,0.6666666666666666,9.239118581732612,59.425315260887146,One year,Fiber optic,Bank transfer (automatic),103.25,6017.65
4853-RULSV,0.3928182,Medium Risk,70,0.6666666666666666,25.364799676650335,72.85908937454224,Two year,Fiber optic,Credit card (automatic),104.0,7250.15
8098-TDCBU,0.06607661,Low Risk,42,0.0,0.0,64.1961681842804,Two year,No,Electronic check,25.25,1108.2
3551-GAEGL,0.17892268,Low Risk,34,0.16666666666666666,77.84887147921819,58.55386734008788,One year,DSL,Bank transfer (automatic),30.4,938.65
4785-NKHCX,0.35632676,Medium Risk,5,0.0,0.0,34.26699539025624,Month-to-month,No,Bank transfer (automatic),20.05,94.15
3196-NVXLZ,0.6299083,High Risk,25,0.16666666666666666,57.64548480395888,32.2545838356018,Month-to-month,Fiber optic,Mailed check,84.6,2088.05
6275-YDUVO,0.8545738,High Risk,2,0.3333333333333333,43.73176525760063,14.771310687065126,Month-to-month,Fiber optic,Mailed check,86.2,178.7
0036-IHMOT,0.3852259,Medium Risk,55,0.8333333333333334,3.145664578443032,70.32203872998555,One year,Fiber optic,Bank transfer (automatic),103.7,5656.75
0115-TFERT,0.73887527,High Risk,21,0.8333333333333334,3.145664578443032,38.472903172175094,Month-to-month,Fiber optic,Electronic check,111.2,2317.1
4178-EGMON,0.081480086,Low Risk,70,0.5,60.611822053762936,85.09266237417856,Two year,Fiber optic,Credit card (automatic),88.0,5986.45
4220-TINQT,0.5911827,Medium Risk,61,0.6666666666666666,14.289260000608706,59.190864562988274,Month-to-month,Fiber optic,Electronic check,106.35,6751.35
5318-YKDPV,0.05958122,Low Risk,43,0.8333333333333334,11.143595422165674,81.60427232583365,Two year,DSL,Credit card (automatic),79.15,3566.6
7975-TZMLR,0.59006023,Medium Risk,47,0.6666666666666666,9.239118581732612,53.413654963175446,One year,Fiber optic,Electronic check,103.1,4889.3
0295-QVKPB,0.49495685,Medium Risk,5,0.5,37.33082654618464,37.335490783055626,Month-to-month,DSL,Credit card (automatic),63.95,318.1
4335-BSMJS,0.056230612,Low Risk,62,0.0,0.0,73.02180310090382,Two year,No,Credit card (automatic),25.8,1563.95
2311-QYMUQ,0.6945403,High Risk,16,0.5,32.280685127308544,31.939650575319924,Month-to-month,Fiber optic,Credit card (automatic),89.45,1430.25
3643-AHCFP,0.88073695,High Risk,7,0.3333333333333333,34.60391825838295,15.546485980351765,Month-to-month,Fiber optic,Bank transfer (automatic),95.6,644.35
9146-JRIOX,0.25164795,Low Risk,14,0.0,0.0,43.250935872395836,Month-to-month,No,Mailed check,25.55,372.45
3104-OWCGK,0.36172873,Medium Risk,60,0.5,32.280685127308544,66.91356360912323,One year,Fiber optic,Electronic check,90.95,5453.4
5337-IIWKZ,0.36080748,Medium Risk,34,0.5,37.33082654618464,56.12629274527232,Month-to-month,DSL,Electronic check,44.85,1442.6
9101-BWFSS,0.5279954,Medium Risk,50,0.8333333333333334,14.221204254484661,61.10022962093353,One year,Fiber optic,Electronic check,108.55,5610.7
9650-VBUOG,0.06305245,Low Risk,38,0.0,0.0,62.68070956071218,Two year,No,Credit card (automatic),25.05,963.95
3487-EARAT,0.2118924,Low Risk,70,0.8333333333333334,23.349051253702342,85.23871501286824,One year,DSL,Credit card (automatic),74.1,5222.3
2672-TGEFF,0.6770856,High Risk,37,0.3333333333333333,46.501889381793205,38.22905441125234,Month-to-month,Fiber optic,Electronic check,88.8,3340.55
9231-ZJYAM,0.8379315,High Risk,4,0.16666666666666666,57.64548480395888,13.103424310684202,Month-to-month,Fiber optic,Electronic check,78.85,292.8
4250-WAROZ,0.37547255,Medium Risk,60,0.5,43.66370951147658,66.22637271881104,Month-to-month,Fiber optic,Electronic check,93.25,5774.55
8184-WMOFI,0.15293266,Low Risk,62,0.6666666666666666,34.492646675868016,81.52003447214761,One year,DSL,Credit card (automatic),71.4,4487.3
6982-SSHFK,0.6962672,High Risk,1,0.0,80.99453605766122,15.603307286898296,Month-to-month,DSL,Mailed check,44.4,44.4
6092-QZVPP,0.24689327,Low Risk,36,0.8333333333333334,11.143595422165674,69.32200233141582,Month-to-month,DSL,Credit card (automatic),79.2,2854.95
4625-LAMOB,0.05678876,Low Risk,44,0.0,0.0,65.49389620621999,Two year,No,Credit card (automatic),20.4,905.55
0727-BMPLR,0.5780479,Medium Risk,55,0.5,20.382714003898286,54.014273087183625,One year,Fiber optic,Electronic check,100.0,5509.3
0392-BZIUW,0.13944705,Low Risk,72,0.6666666666666666,17.237049425455254,86.36098166306813,Two year,Fiber optic,Credit card (automatic),105.0,7589.8
1038-ZAGBI,0.18979408,Low Risk,12,0.0,0.0,45.51029682159424,One year,No,Bank transfer (automatic),19.8,229.6
6549-NNDYT,0.4567261,Medium Risk,13,0.16666666666666666,77.84887147921819,35.9136962890625,Month-to-month,DSL,Bank transfer (automatic),30.85,394.1
3027-ZTDHO,0.9043933,High Risk,1,0.3333333333333333,34.60391825838295,11.863667567571005,Month-to-month,Fiber optic,Electronic check,89.9,89.9
0422-OHQHQ,0.11310195,Low Risk,15,0.0,0.0,50.59490203857422,One year,No,Mailed check,20.55,295.95
6916-HIJSE,0.0664327,Low Risk,65,1.0,0.0,93.7616976102193,Two year,DSL,Bank transfer (automatic),84.85,5459.2
2316-ESMLS,0.21425478,Low Risk,12,0.3333333333333333,71.75541747592861,50.95392684141795,One year,DSL,Credit card (automatic),33.15,444.75
9778-OGKQZ,0.042026512,Low Risk,72,1.0,0.0,97.89867401123047,Two year,DSL,Credit card (automatic),92.0,6782.15
7408-OFWXJ,0.03971,Low Risk,72,1.0,0.0,98.01450073719025,Two year,DSL,Credit card (automatic),89.8,6510.45
6007-TCTST,0.054050855,Low Risk,72,1.0,0.0,97.2974568605423,Two year,Fiber optic,Bank transfer (automatic),115.8,8476.5
2252-NKNSI,0.052980587,Low Risk,52,0.8333333333333334,14.221204254484661,85.68430324395497,Two year,DSL,Mailed check,85.15,4461.85
8713-IGZSO,0.39985272,Medium Risk,2,0.0,0.0,30.840695699055992,Month-to-month,No,Mailed check,24.85,62.0
7905-TVXTA,0.5802217,Medium Risk,5,0.5,48.40636622222627,33.07224770387014,Month-to-month,DSL,Electronic check,64.35,352.65
7695-PKLCZ,0.046840623,Low Risk,68,0.0,0.0,75.9913029273351,Two year,No,Credit card (automatic),20.5,1424.9
2382-BCKQJ,0.49790478,Medium Risk,62,0.5,20.382714003898286,60.938094456990555,One year,Fiber optic,Electronic check,100.15,6413.65
8374-UULRV,0.043898053,Low Risk,72,0.8333333333333334,14.221204254484661,94.47176436583203,Two year,DSL,Credit card (automatic),86.05,6309.65
2207-NHRJK,0.7358953,High Risk,1,0.16666666666666666,69.85094063549555,16.955236196517944,Month-to-month,DSL,Electronic check,50.8,50.8
3224-DFQNQ,0.25412467,Low Risk,66,0.5,60.611822053762936,74.79376792907713,One year,Fiber optic,Electronic check,89.0,5898.6
5275-PMFUT,0.043884017,Low Risk,72,1.0,0.0,97.80579805374146,Two year,DSL,Credit card (automatic),64.8,4719.75
4795-UXVCJ,0.07182315,Low Risk,26,0.0,0.0,57.242177327473954,One year,No,Credit card (automatic),19.8,457.3
9777-IQHWP,0.09703766,Low Risk,64,0.5,40.586100679157596,81.81478301684061,Two year,Fiber optic,Bank transfer (automatic),93.4,5822.3
0947-MUGVO,0.7377722,High Risk,20,0.16666666666666666,69.85094063549555,24.778055349985756,Month-to-month,Fiber optic,Electronic check,73.65,1463.5
9944-HKVVB,0.86046106,High Risk,3,0.5,23.460322836217273,18.22694718837738,Month-to-month,Fiber optic,Electronic check,95.1,307.4
4124-MMETB,0.7122773,High Risk,22,0.3333333333333333,34.60391825838295,30.21946867307027,Month-to-month,Fiber optic,Credit card (automatic),94.65,2104.55
3671-SHRSP,0.789148,High Risk,4,0.3333333333333333,60.67987779988698,18.875934680302937,Month-to-month,Fiber optic,Mailed check,80.6,319.15
0979-MOZQI,0.05840775,Low Risk,62,0.3333333333333333,51.5520308006693,79.5796138048172,Two year,DSL,Bank transfer (automatic),39.0,2337.45
2732-ISEZX,0.32037216,Medium Risk,5,0.0,0.0,36.06472512086232,Month-to-month,No,Mailed check,20.5,104.3
3313-QKNKB,0.3601061,Medium Risk,59,0.16666666666666666,57.95296951208529,59.91136113802592,One year,Fiber optic,Electronic check,85.55,5084.65
0323-XWWTN,0.09548316,Low Risk,3,0.0,0.0,46.47584080696106,Two year,No,Mailed check,26.4,121.25
1937-OTUKY,0.071525656,Low Risk,72,0.6666666666666666,34.18516196774161,89.75705166657765,Two year,Fiber optic,Bank transfer (automatic),98.2,7015.9
1573-LGXBA,0.42497092,Medium Risk,57,0.6666666666666666,9.239118581732612,65.8347870906194,One year,Fiber optic,Credit card (automatic),97.55,5598.0
1764-VUUMT,0.04804215,Low Risk,66,0.0,0.0,75.0978910923004,Two year,No,Credit card (automatic),19.95,1269.1
5073-WXOYN,0.5194227,Medium Risk,60,0.5,23.460322836217273,59.0288645029068,Month-to-month,DSL,Electronic check,50.8,3027.4
4713-ZBURT,0.16711284,Low Risk,45,0.5,20.382714003898286,70.39435863494873,Two year,Fiber optic,Bank transfer (automatic),99.7,4634.35
3050-GBUSH,0.6894608,High Risk,3,0.16666666666666666,57.64548480395888,20.11029263337453,Month-to-month,DSL,Credit card (automatic),34.8,113.95
0207-MDKNV,0.721628,High Risk,15,0.8333333333333334,11.143595422165674,36.835266153017685,Month-to-month,Fiber optic,Electronic check,105.1,1582.75
7876-AEHIG,0.21403085,Low Risk,51,0.8333333333333334,11.143595422165674,77.21512357393901,One year,DSL,Bank transfer (automatic),60.15,3077.0
7945-HLKEA,0.13858114,Low Risk,60,0.5,57.53421322144395,78.07094216346741,One year,DSL,Electronic check,64.75,4039.5
9342-VNIMQ,0.3105547,Medium Risk,33,0.16666666666666666,69.85094063549555,51.55559619267781,Month-to-month,DSL,Bank transfer (automatic),54.65,1665.2
9851-KIELU,0.7629833,High Risk,10,1.0,0.0,36.01750055948894,Month-to-month,Fiber optic,Electronic check,110.1,1043.3
3523-BRGUW,0.07636267,Low Risk,26,0.0,0.0,57.01519985993703,One year,No,Credit card (automatic),19.3,504.2
3908-BLSYF,0.7940809,High Risk,6,0.3333333333333333,43.73176525760063,19.462621013323467,Month-to-month,Fiber optic,Electronic check,83.9,497.55
3199-NPKCN,0.36064294,Medium Risk,67,0.8333333333333334,11.143595422165674,76.55118783315022,One year,Fiber optic,Electronic check,111.25,7511.65
5170-PTRKA,0.1182204,Low Risk,49,0.3333333333333333,71.75541747592861,71.17231388886769,One year,DSL,Credit card (automatic),35.8,1782.0
4661-NJEUX,0.67528915,High Risk,1,0.0,0.0,16.65220896402995,Month-to-month,No,Mailed check,20.05,20.05
2123-AGEEN,0.8340437,High Risk,7,0.3333333333333333,43.42428054947422,17.881149252255756,Month-to-month,Fiber optic,Electronic check,84.35,609.65
1258-YMZNM,0.4790147,Medium Risk,27,0.8333333333333334,6.09345400328958,53.96593193213145,One year,Fiber optic,Bank transfer (automatic),110.5,2857.6
0048-LUMLS,0.35426733,Medium Risk,37,0.3333333333333333,34.60391825838295,54.369965394337974,One year,Fiber optic,Credit card (automatic),91.2,3247.55
7549-MYGPK,0.51312447,Medium Risk,63,0.6666666666666666,29.135020548865512,63.92711003621419,Month-to-month,Fiber optic,Electronic check,100.55,6215.35
5898-IGSLP,0.47685418,Medium Risk,31,0.5,57.53421322144395,49.073956410090126,Month-to-month,Fiber optic,Electronic check,89.3,2823.0
3804-RVTGV,0.6604618,High Risk,50,0.6666666666666666,9.239118581732612,51.14357749621073,Month-to-month,Fiber optic,Bank transfer (automatic),103.85,5017.9
6259-WJQLC,0.6046815,High Risk,32,0.16666666666666666,66.77333180317656,36.43259207407633,Month-to-month,Fiber optic,Credit card (automatic),81.1,2619.25
9227-LUNBG,0.7292088,High Risk,1,0.0,80.99453605766122,13.956225315729778,Month-to-month,DSL,Electronic check,24.6,24.6
7997-EASSD,0.13686776,Low Risk,63,0.16666666666666666,74.90108205437164,72.7399452527364,One year,Fiber optic,Credit card (automatic),81.2,4965.1
0730-KOAVE,0.58762825,Medium Risk,30,0.5,43.66370951147658,43.11858773231506,Month-to-month,Fiber optic,Credit card (automatic),94.3,2679.7
8975-SKGRX,0.0788472,Low Risk,71,1.0,0.0,95.6409748395284,Two year,Fiber optic,Bank transfer (automatic),116.1,8310.55
0678-RLHVP,0.31710553,Medium Risk,53,0.6666666666666666,9.239118581732612,69.56139008204141,Two year,Fiber optic,Electronic check,105.55,5682.25
4315-MURBD,0.8173365,High Risk,12,0.6666666666666666,25.364799676650335,27.46650834878286,Month-to-month,Fiber optic,Bank transfer (automatic),98.9,1120.95
2267-FPIMA,0.5012207,Medium Risk,50,0.5,43.66370951147658,55.772298177083336,Month-to-month,Fiber optic,Credit card (automatic),94.4,4914.9
1051-GEJLJ,0.42393303,Medium Risk,2,0.0,0.0,29.6366818745931,Month-to-month,No,Mailed check,19.5,27.55
9734-YWGEX,0.82830703,High Risk,9,0.5,20.382714003898286,22.334648370742798,Month-to-month,Fiber optic,Credit card (automatic),98.3,923.5
2719-BDAQO,0.69440985,High Risk,17,0.5,31.458253679939915,32.36284097035726,Month-to-month,Fiber optic,Electronic check,93.85,1625.65
5285-MVEHD,0.46615753,Medium Risk,56,0.8333333333333334,6.09345400328958,66.69212222099306,One year,Fiber optic,Credit card (automatic),105.6,6068.65
0379-DJQHR,0.06881963,Low Risk,67,0.8333333333333334,6.09345400328958,91.14235122998555,Two year,DSL,Credit card (automatic),81.35,5398.6
0781-LKXBR,0.88312274,High Risk,9,0.5,20.382714003898286,19.593862891197205,Month-to-month,Fiber optic,Electronic check,100.5,918.6
5543-QDCRY,0.6954178,High Risk,4,0.16666666666666666,57.64548480395888,20.229108929634094,Month-to-month,DSL,Electronic check,56.4,234.85
0297-RBCSG,0.34738958,Medium Risk,19,0.5,40.715920086630035,50.547187725702926,One year,DSL,Bank transfer (automatic),65.35,1231.85
4694-PHWFW,0.26198748,Low Risk,8,0.0,0.0,40.23396094640096,Month-to-month,No,Mailed check,19.95,170.9
0835-JKADZ,0.10337913,Low Risk,71,0.8333333333333334,3.145664578443032,91.0810434818268,Two year,Fiber optic,Electronic check,111.25,7984.15
1907-UBQFC,0.78357476,High Risk,10,0.16666666666666666,69.85094063549555,18.321262001991272,Month-to-month,Fiber optic,Electronic check,72.85,688.65
7508-SMHXL,0.65786964,High Risk,15,0.3333333333333333,46.501889381793205,30.02318481604258,Month-to-month,Fiber optic,Credit card (automatic),89.0,1288.3
3865-YIOTT,0.23726423,Low Risk,72,0.6666666666666666,17.237049425455254,81.47012253602345,One year,Fiber optic,Bank transfer (automatic),106.1,7848.5
5993-BQHEA,0.13395311,Low Risk,12,0.0,0.0,48.302345275878906,One year,No,Credit card (automatic),20.05,267.0
6024-RUGGH,0.041804127,Low Risk,72,0.0,0.0,77.90979325771332,Two year,No,Bank transfer (automatic),25.2,1798.9
6513-EECDB,0.9059962,High Risk,1,0.0,80.99453605766122,5.116856495539348,Month-to-month,Fiber optic,Electronic check,73.55,73.55
3956-CJUST,0.54165095,Medium Risk,23,0.16666666666666666,77.84887147921819,35.83411912123362,Month-to-month,Fiber optic,Bank transfer (automatic),75.4,1643.55
4079-WWQQQ,0.055594802,Low Risk,72,1.0,0.0,97.22025990486145,Two year,DSL,Bank transfer (automatic),65.55,4807.45
6103-BOCOU,0.73951024,High Risk,26,0.16666666666666666,66.77333180317656,27.19115475813548,Month-to-month,Fiber optic,Electronic check,80.7,2193.0
5149-TGWDZ,0.5383707,Medium Risk,21,0.8333333333333334,3.145664578443032,48.49813024202983,One year,Fiber optic,Mailed check,104.55,2239.4
7471-WNSUF,0.0874899,Low Risk,60,0.0,0.0,70.62550485134125,One year,No,Bank transfer (automatic),24.15,1505.9
8942-DBMHZ,0.23151308,Low Risk,12,0.0,0.0,43.42434585094452,Month-to-month,No,Mailed check,20.45,255.35
4301-VVZKA,0.7708197,High Risk,16,0.0,80.99453605766122,18.125680486361183,Month-to-month,Fiber optic,Electronic check,75.4,1189.4
9199-PWQVC,0.19240344,Low Risk,63,0.6666666666666666,20.31465825777424,79.96316154797871,One year,DSL,Credit card (automatic),79.7,4786.15
4824-GUCBY,0.5973138,Medium Risk,22,0.3333333333333333,66.70527605705252,35.96764226754507,Month-to-month,Fiber optic,Electronic check,81.7,1820.9
5393-HJZSM,0.26581767,Low Risk,32,0.8333333333333334,23.349051253702342,66.7091178894043,Month-to-month,DSL,Bank transfer (automatic),76.3,2404.15
7074-IEVOJ,0.87320155,High Risk,3,0.16666666666666666,69.85094063549555,10.923255880673727,Month-to-month,Fiber optic,Electronic check,79.4,205.05
9625-QSTYE,0.78627586,High Risk,13,0.3333333333333333,55.629736381010886,22.76954015096029,Month-to-month,Fiber optic,Electronic check,81.15,952.3
0862-PRCBS,0.16505069,Low Risk,68,0.6666666666666666,17.366868832927693,83.4141323963801,Two year,Fiber optic,Credit card (automatic),103.75,7039.45
8812-ZRHFP,0.33290505,Medium Risk,30,0.3333333333333333,43.73176525760063,52.5214139620463,One year,Fiber optic,Electronic check,86.45,2538.05
5146-CBVOE,0.5416181,Medium Risk,16,0.16666666666666666,69.85094063549555,32.91909456253052,Month-to-month,Fiber optic,Bank transfer (automatic),75.1,1212.85
0454-OKRCT,0.08222647,Low Risk,33,0.3333333333333333,63.75748663220597,66.30534390608469,Two year,Fiber optic,Bank transfer (automatic),80.6,2651.1
5787-KXGIY,0.062149223,Low Risk,72,0.0,0.0,76.89253866672516,Two year,No,Credit card (automatic),19.3,1304.8
4750-ZRXIU,0.877694,High Risk,4,0.16666666666666666,57.95296951208529,11.115299463272093,Month-to-month,Fiber optic,Electronic check,84.6,360.1
4198-VFOEA,0.20767781,Low Risk,12,0.3333333333333333,71.75541747592861,51.2827746073405,One year,DSL,Mailed check,33.6,435.45
6630-UJZMY,0.8727575,High Risk,4,0.16666666666666666,57.64548480395888,11.362125277519224,Month-to-month,Fiber optic,Electronic check,83.25,308.05
5709-LVOEQ,0.080573164,Low Risk,0,0.8333333333333334,6.09345400328958,62.63800958792369,Two year,DSL,Mailed check,80.85,0.0
6400-BWQKW,0.8034895,High Risk,6,0.16666666666666666,77.84887147921819,15.658858021100361,Month-to-month,Fiber optic,Electronic check,79.05,434.5
2692-AQCPF,0.3714289,Medium Risk,65,0.8333333333333334,3.145664578443032,75.1785546541214,One year,Fiber optic,Credit card (automatic),108.05,7118.9
0347-UBKUZ,0.23925278,Low Risk,15,0.0,0.0,44.28735971450806,Month-to-month,No,Mailed check,19.9,320.45
0835-DUUIQ,0.09691562,Low Risk,24,0.0,0.0,55.15421986579895,One year,No,Bank transfer (automatic),21.05,531.55
0811-GSDTP,0.4968066,Medium Risk,13,0.16666666666666666,69.85094063549555,33.909668922424316,Month-to-month,DSL,Electronic check,30.15,382.2
7567-ECMCM,0.62011176,High Risk,24,0.16666666666666666,57.95296951208529,32.32774515946706,Month-to-month,Fiber optic,Credit card (automatic),79.85,2001.0
6115-ZTBFQ,0.052566815,Low Risk,72,1.0,0.0,97.37165868282318,Two year,DSL,Bank transfer (automatic),65.5,4919.7
6353-BRMMA,0.5653763,Medium Risk,54,0.6666666666666666,20.31465825777424,57.564519246419266,Month-to-month,Fiber optic,Bank transfer (automatic),104.1,5645.8
6680-WKXRZ,0.7668351,High Risk,3,0.0,80.99453605766122,12.908245325088503,Month-to-month,Fiber optic,Bank transfer (automatic),74.4,215.8
6231-WFGFH,0.31909052,Medium Risk,4,0.0,0.0,35.71214238802592,Month-to-month,No,Mailed check,20.5,77.6
9904-EHEVJ,0.61147743,High Risk,32,0.3333333333333333,43.42428054947422,39.426128268241875,Month-to-month,Fiber optic,Mailed check,91.35,2896.55
7028-DVOIQ,0.7799107,High Risk,35,0.5,20.382714003898286,35.58779915173849,Month-to-month,Fiber optic,Electronic check,99.05,3395.8
6169-PPETC,0.050038304,Low Risk,35,0.0,0.0,62.08141942818959,Two year,No,Bank transfer (automatic),20.5,759.35
4208-UFFGW,0.71178764,High Risk,2,0.0,80.99453605766122,15.243951280911764,Month-to-month,DSL,Mailed check,44.95,85.15
8584-KMVXD,0.68872637,High Risk,8,0.16666666666666666,69.85094063549555,22.23034838835398,Month-to-month,Fiber optic,Electronic check,75.6,535.55
8467-WYNSR,0.2731857,Low Risk,22,0.3333333333333333,71.75541747592861,52.1740468343099,Month-to-month,DSL,Mailed check,55.1,1253.15
0851-DFJKB,0.46684286,Medium Risk,15,0.5,57.53421322144395,42.90785551071167,Month-to-month,DSL,Electronic check,58.95,955.15
5382-SOYZL,0.8014827,High Risk,22,0.3333333333333333,34.60391825838295,25.759199460347492,Month-to-month,Fiber optic,Electronic check,95.1,2162.6
9448-REEVD,0.6945663,High Risk,1,0.0,80.99453605766122,15.688351194063824,Month-to-month,DSL,Credit card (automatic),44.7,44.7
3261-CQXOL,0.041994274,Low Risk,71,0.0,0.0,77.48361965020499,Two year,No,Bank transfer (automatic),25.45,1813.35
8388-FYNPZ,0.5693927,Medium Risk,4,0.3333333333333333,63.62766722473353,29.863699277242024,Month-to-month,DSL,Electronic check,56.75,245.15
4002-BQWPQ,0.26791325,Low Risk,25,0.8333333333333334,23.349051253702342,63.687672217686966,Month-to-month,DSL,Bank transfer (automatic),81.75,2028.8
5651-YLPRD,0.6909376,High Risk,32,0.3333333333333333,46.501889381793205,35.45312106609344,Month-to-month,Fiber optic,Electronic check,86.1,2723.75
2826-DXLQO,0.49244642,Medium Risk,7,0.16666666666666666,77.84887147921819,31.627678871154785,Month-to-month,DSL,Bank transfer (automatic),29.8,220.45
4378-BZYFP,0.10227343,Low Risk,17,0.0,0.0,51.969663103421524,One year,No,Mailed check,20.5,365.8
9489-UTFKA,0.39608017,Medium Risk,8,0.3333333333333333,54.49982022551585,40.195993185043335,Month-to-month,DSL,Bank transfer (automatic),60.9,551.95
4849-PYRLQ,0.083244964,Low Risk,56,0.6666666666666666,34.492646675868016,82.50441769758861,Two year,DSL,Bank transfer (automatic),73.25,4054.2
9117-SHLZX,0.7534007,High Risk,1,0.0,80.99453605766122,12.746632496515911,Month-to-month,DSL,Mailed check,45.7,45.7
9889-TMAHG,0.7960647,High Risk,8,0.6666666666666666,25.364799676650335,26.863432923952736,Month-to-month,Fiber optic,Credit card (automatic),100.3,832.35
4541-RMRLG,0.26891598,Low Risk,7,0.0,0.0,39.47086612383524,Month-to-month,No,Electronic check,19.25,112.3
7764-BDPEE,0.3499925,Medium Risk,3,0.0,0.0,33.75037431716919,Month-to-month,No,Mailed check,20.85,60.65
3429-IFLEM,0.058049474,Low Risk,71,0.8333333333333334,23.041566545575932,93.34752500057222,Two year,DSL,Credit card (automatic),77.35,5550.1
3158-MOERK,0.8951238,High Risk,2,0.3333333333333333,34.60391825838295,12.743811011314394,Month-to-month,Fiber optic,Electronic check,96.0,174.8
7294-TMAOP,0.8798899,High Risk,1,0.3333333333333333,34.60391825838295,13.08883806069692,Month-to-month,Fiber optic,Electronic check,90.55,90.55
5002-GCQFH,0.49652383,Medium Risk,49,0.5,43.35622480335017,55.59047381083171,Month-to-month,Fiber optic,Bank transfer (automatic),93.85,4733.1
0556-FJEGU,0.0567301,Low Risk,58,0.6666666666666666,26.187231124018965,84.6634954214096,Two year,DSL,Bank transfer (automatic),70.1,4048.95
8919-FYFQZ,0.5521534,Medium Risk,44,0.16666666666666666,69.85094063549555,44.05899624029795,Month-to-month,DSL,Electronic check,30.35,1359.7
0604-THJFP,0.07882195,Low Risk,59,0.6666666666666666,17.366868832927693,83.97556881109874,Two year,DSL,Credit card (automatic),75.95,4542.35
2834-JRTUA,0.5153688,Medium Risk,71,0.8333333333333334,11.143595422165674,70.48155903816225,Two year,Fiber optic,Electronic check,108.05,7532.15
5875-YPQFJ,0.89412373,High Risk,1,0.0,80.99453605766122,5.710480014483134,Month-to-month,Fiber optic,Electronic check,69.9,69.9
5879-SESNB,0.7286329,High Risk,11,0.0,80.99453605766122,18.151686986287434,Month-to-month,Fiber optic,Electronic check,75.25,888.65
6646-QVXLR,0.56964,Medium Risk,62,0.6666666666666666,9.239118581732612,60.68466762701671,One year,Fiber optic,Electronic check,103.75,6383.35
6461-PPAXN,0.124849975,Low Risk,35,0.3333333333333333,71.75541747592861,65.00750124454497,One year,DSL,Bank transfer (automatic),54.95,1916.0
3318-ISQFQ,0.21455224,Low Risk,20,0.0,0.0,47.60572214921315,Month-to-month,No,Bank transfer (automatic),19.5,413.0
1106-HRLKZ,0.052940827,Low Risk,40,0.0,0.0,64.01962439219156,Two year,No,Mailed check,19.6,808.95
2483-XSSMZ,0.16953911,Low Risk,39,0.16666666666666666,77.84887147921819,61.10637863477071,One year,DSL,Electronic check,47.85,1886.4
8603-IJWDN,0.9188812,High Risk,1,0.16666666666666666,57.95296951208529,7.805941104888917,Month-to-month,Fiber optic,Electronic check,86.6,86.6
8165-ZJRNM,0.039419312,Low Risk,72,0.0,0.0,78.02903532981873,Two year,No,Bank transfer (automatic),23.75,1679.25
9369-XFEHK,0.6109013,High Risk,33,0.16666666666666666,69.85094063549555,36.53826852639516,Month-to-month,Fiber optic,Bank transfer (automatic),80.6,2656.5
2604-XVDAM,0.3943608,Medium Risk,12,0.0,80.99453605766122,35.28196096420288,Month-to-month,DSL,Bank transfer (automatic),43.8,540.95
3717-OFRTN,0.5251123,Medium Risk,1,0.0,0.0,24.16105310122172,Month-to-month,No,Bank transfer (automatic),19.75,19.75
9046-JBFWA,0.13050184,Low Risk,27,0.0,0.0,54.72490668296815,Month-to-month,No,Mailed check,19.15,537.35
3280-NMUVX,0.077991165,Low Risk,34,0.0,0.0,60.267107288042695,One year,No,Credit card (automatic),19.6,678.8
1206-EHBDD,0.103638366,Low Risk,56,0.3333333333333333,63.62766722473353,74.81808245182037,Two year,Fiber optic,Bank transfer (automatic),80.3,4513.65
8361-LBRDI,0.058933146,Low Risk,58,0.0,0.0,71.22000972429912,Two year,No,Credit card (automatic),24.35,1423.85
4883-KCPZJ,0.065607496,Low Risk,22,0.0,0.0,55.886292258898415,Two year,No,Credit card (automatic),25.25,555.4
9108-EQPNQ,0.078561135,Low Risk,10,0.0,0.0,50.23861030737559,Two year,No,Credit card (automatic),26.1,225.55
7277-KAMWT,0.07359887,Low Risk,13,0.0,0.0,51.736723581949875,Two year,No,Credit card (automatic),20.0,268.45
3842-IYKUE,0.46894205,Medium Risk,35,0.3333333333333333,63.75748663220597,47.802897691726685,Month-to-month,Fiber optic,Credit card (automatic),85.3,2917.5
6641-XRPSU,0.5595026,Medium Risk,34,0.0,80.99453605766122,36.19153658548991,Month-to-month,Fiber optic,Credit card (automatic),70.0,2416.1
1374-DMZUI,0.8889211,High Risk,4,0.3333333333333333,34.60391825838295,13.887279232343037,Month-to-month,Fiber optic,Electronic check,94.3,424.45
2545-LXYVJ,0.0397358,Low Risk,72,0.0,0.0,78.01321029663086,Two year,No,Bank transfer (automatic),20.7,1492.1
3234-VKACU,0.6269064,High Risk,2,0.5,28.510464255093368,29.488013585408527,Month-to-month,DSL,Electronic check,70.3,132.4
8357-EQXFO,0.85437375,High Risk,7,0.5,20.382714003898286,20.197979013125103,Month-to-month,Fiber optic,Electronic check,95.35,660.9
1989-PRJHP,0.6656368,High Risk,27,0.0,80.99453605766122,27.96816110610962,Month-to-month,Fiber optic,Electronic check,75.5,1893.95
8120-JDCAM,0.759952,High Risk,4,0.0,80.99453605766122,13.669066230456034,Month-to-month,Fiber optic,Mailed check,69.55,284.9
8917-FAEMR,0.054625828,Low Risk,37,0.0,0.0,62.68537620703379,Two year,No,Mailed check,19.85,784.25
7047-YXDMZ,0.17707413,Low Risk,21,0.0,0.0,49.89629328250885,Month-to-month,No,Mailed check,20.0,417.7
2858-EIMXH,0.45422918,Medium Risk,53,0.3333333333333333,34.60391825838295,56.038541197776794,One year,Fiber optic,Credit card (automatic),95.85,5016.25
9524-EGPJC,0.7438294,High Risk,18,0.3333333333333333,51.85951550879571,26.975195209185284,Month-to-month,Fiber optic,Electronic check,90.1,1612.75
6993-OHLXR,0.79180163,High Risk,2,0.0,80.99453605766122,11.24325176080068,Month-to-month,Fiber optic,Electronic check,68.95,119.75
8818-XYFCQ,0.63312316,High Risk,32,0.5,31.458253679939915,41.67717536290486,Month-to-month,Fiber optic,Credit card (automatic),99.55,3204.65
6419-ZTTLE,0.10527526,Low Risk,23,0.0,0.0,54.31956966718038,One year,No,Electronic check,20.75,485.2
0929-HYQEW,0.60792774,High Risk,3,0.16666666666666666,77.84887147921819,24.186946352322895,Month-to-month,DSL,Mailed check,50.15,160.85
6614-YOLAC,0.04278691,Low Risk,71,0.8333333333333334,14.221204254484661,94.1106551885605,Two year,DSL,Mailed check,58.65,4145.25
7426-RHZGU,0.8004647,High Risk,9,0.5,28.510464255093368,23.726765513420105,Month-to-month,Fiber optic,Bank transfer (automatic),95.9,827.45
4065-JJAVA,0.71330905,High Risk,1,0.16666666666666666,69.85094063549555,18.084547519683838,Month-to-month,DSL,Electronic check,49.5,49.5
4695-VADHF,0.48302987,Medium Risk,18,0.3333333333333333,43.73176525760063,40.015174547831215,Month-to-month,DSL,Electronic check,57.45,990.85
3863-IUBJR,0.38031363,Medium Risk,12,0.16666666666666666,57.95296951208529,39.3176515897115,One year,DSL,Credit card (automatic),53.65,696.35
7649-SIJJF,0.048045013,Low Risk,71,0.8333333333333334,23.349051253702342,93.84774804115297,Two year,DSL,Mailed check,80.1,5585.4
9361-YNQWJ,0.08426283,Low Risk,64,0.0,0.0,72.45352427164713,One year,No,Bank transfer (automatic),24.4,1601.2
3748-FVMZZ,0.6859489,High Risk,4,0.3333333333333333,51.85951550879571,24.03588791688283,Month-to-month,DSL,Electronic check,40.05,162.45
9391-TTOYH,0.1854344,Low Risk,23,0.0,0.0,50.311613281567894,Month-to-month,No,Mailed check,19.5,470.2
1452-XRSJV,0.23904377,Low Risk,39,0.16666666666666666,77.84887147921819,57.63114472230275,Month-to-month,DSL,Credit card (automatic),51.05,2066.0
3422-WJOYD,0.1176697,Low Risk,28,0.3333333333333333,71.75541747592861,62.44984825452169,One year,DSL,Mailed check,54.35,1426.45
8242-SOQUO,0.8413904,High Risk,5,0.3333333333333333,46.501889381793205,16.680481433868408,Month-to-month,Fiber optic,Electronic check,84.7,392.5
7460-ITWWP,0.63225526,High Risk,45,0.3333333333333333,43.73176525760063,43.80390385786692,Month-to-month,Fiber optic,Electronic check,86.1,3861.45
7147-AYBAA,0.54322964,Medium Risk,37,0.0,80.99453605766122,38.25518469015757,Month-to-month,Fiber optic,Mailed check,70.35,2552.9
7868-TMWMZ,0.23702043,Low Risk,60,1.0,0.0,83.14897835254669,Two year,Fiber optic,Bank transfer (automatic),110.0,6668.35
4822-RVYBB,0.8898761,High Risk,8,0.5,20.382714003898286,18.839526971181233,Month-to-month,Fiber optic,Electronic check,100.6,819.4
6732-FZUGP,0.18530259,Low Risk,47,0.5,40.278615971031186,70.3182025750478,One year,Fiber optic,Credit card (automatic),94.9,4615.25
8436-BJUMM,0.7517947,High Risk,26,0.16666666666666666,57.64548480395888,26.576931873957317,Month-to-month,Fiber optic,Electronic check,83.75,2070.6
4184-TJFAN,0.7775282,High Risk,3,0.5,48.40636622222627,22.37358868122101,Month-to-month,Fiber optic,Mailed check,88.3,273.75
8329-GWVPJ,0.47343665,Medium Risk,50,0.0,80.99453605766122,47.16150065263112,Month-to-month,Fiber optic,Bank transfer (automatic),69.75,3557.7
1352-VHKAJ,0.25708207,Low Risk,27,0.5,28.510464255093368,58.39589476585388,Month-to-month,DSL,Bank transfer (automatic),71.6,1957.1
4145-UQXUQ,0.8503156,High Risk,8,0.5,20.382714003898286,20.81755479176839,Month-to-month,Fiber optic,Electronic check,92.1,729.95
2632-TACXW,0.045923926,Low Risk,62,0.0,0.0,73.53713591893514,Two year,No,Bank transfer (automatic),23.65,1416.75
8146-QQKZH,0.04966873,Low Risk,71,0.8333333333333334,11.143595422165674,93.76656353473665,Two year,DSL,Bank transfer (automatic),81.85,5924.4
1767-CJKBA,0.050207384,Low Risk,66,0.0,0.0,74.98963117599486,Two year,No,Mailed check,25.1,1697.7
6445-TNRXS,0.096527,Low Risk,68,1.0,0.0,93.50698431332907,Two year,Fiber optic,Bank transfer (automatic),114.7,7849.85
4581-LNWUM,0.60451406,High Risk,13,0.5,20.382714003898286,35.190963546435036,Month-to-month,DSL,Electronic check,49.15,649.4
4869-EPIUS,0.39602277,Medium Risk,56,0.16666666666666666,57.95296951208529,56.8655268351237,One year,Fiber optic,Electronic check,80.9,4557.5
9948-YPTDG,0.5907248,Medium Risk,38,0.3333333333333333,66.70527605705252,42.96375870704651,Month-to-month,Fiber optic,Electronic check,79.45,3013.05
1236-WFCDV,0.72280246,High Risk,14,0.3333333333333333,34.60391825838295,26.3598769903183,Month-to-month,Fiber optic,Credit card (automatic),90.45,1266.1
1915-OAKWD,0.1305732,Low Risk,16,0.0,0.0,50.138006011645,One year,No,Bank transfer (automatic),19.3,360.35
7296-PIXQY,0.66720575,High Risk,14,0.0,80.99453605766122,22.473045786221824,Month-to-month,Fiber optic,Electronic check,70.2,1046.5
4883-QICIH,0.5485187,Medium Risk,32,0.0,80.99453605766122,35.90739746888478,Month-to-month,Fiber optic,Bank transfer (automatic),69.75,2347.9
3354-OADJP,0.21420288,Low Risk,8,0.3333333333333333,71.75541747592861,49.28985595703125,One year,DSL,Bank transfer (automatic),54.25,447.75
3524-WQDSG,0.68371356,High Risk,43,0.5,20.382714003898286,43.73098889986674,Month-to-month,Fiber optic,Bank transfer (automatic),99.3,4209.95
0810-DHDBD,0.12019625,Low Risk,52,0.6666666666666666,34.18516196774161,78.99018883705139,One year,DSL,Credit card (automatic),74.0,3877.65
4026-SKKHW,0.622523,High Risk,3,0.16666666666666666,74.90108205437164,23.457182844479878,Month-to-month,DSL,Mailed check,50.25,152.3
2829-HYVZP,0.07577781,Low Risk,29,0.0,0.0,58.29444189866384,One year,No,Mailed check,19.8,572.2
8329-IBCTI,0.5526616,Medium Risk,1,0.0,0.0,22.783586780230205,Month-to-month,No,Mailed check,19.65,19.65
1271-SJBGZ,0.6321767,High Risk,12,0.5,37.63831125431105,33.391165137290955,Month-to-month,DSL,Electronic check,43.65,526.95
3845-JHAMY,0.50928134,Medium Risk,16,0.16666666666666666,57.95296951208529,34.53593313694,Month-to-month,DSL,Credit card (automatic),35.5,552.7
7013-PSXHK,0.29724672,Low Risk,40,0.6666666666666666,14.289260000608706,65.13766527175903,One year,DSL,Mailed check,80.75,3208.65
5669-SRAIP,0.68596375,High Risk,5,0.3333333333333333,43.73176525760063,24.45181250572205,Month-to-month,DSL,Electronic check,39.5,210.75
5981-ITEMU,0.6752807,High Risk,40,0.3333333333333333,34.60391825838295,39.569298823674515,Month-to-month,Fiber optic,Bank transfer (automatic),97.1,3706.95
3486-NPGST,0.07181928,Low Risk,36,0.0,0.0,61.409034729003906,One year,No,Mailed check,19.55,620.75
6941-PMGEP,0.8411227,High Risk,5,0.16666666666666666,57.95296951208529,13.360532323519388,Month-to-month,Fiber optic,Electronic check,80.0,412.5
1624-WOIWJ,0.7372937,High Risk,10,0.3333333333333333,54.49982022551585,23.968647321065266,Month-to-month,Fiber optic,Mailed check,84.7,832.05
2074-GKOWZ,0.8616998,High Risk,2,0.3333333333333333,34.60391825838295,14.415009021759035,Month-to-month,Fiber optic,Bank transfer (automatic),89.55,185.55
0376-YMCJC,0.73835814,High Risk,23,0.3333333333333333,51.5520308006693,29.332093000411984,Month-to-month,Fiber optic,Electronic check,90.6,1943.2
6100-FJZDG,0.079186,Low Risk,26,0.0,0.0,56.87403221925099,One year,No,Bank transfer (automatic),20.05,505.9
4829-ZLJTK,0.06346782,Low Risk,72,0.8333333333333334,6.09345400328958,93.49327663580578,Two year,Fiber optic,Electronic check,112.4,8046.85
1730-VFMWO,0.24105299,Low Risk,34,0.16666666666666666,74.90108205437164,55.44735074043273,Month-to-month,DSL,Bank transfer (automatic),50.2,1815.3
7143-BQIBA,0.33258167,Medium Risk,10,0.5,48.40636622222627,47.53758470217387,Month-to-month,DSL,Bank transfer (automatic),62.25,612.95
3800-LYTRK,0.16514623,Low Risk,14,0.3333333333333333,71.75541747592861,54.24268841743469,One year,DSL,Mailed check,55.7,795.15
0634-SZPQA,0.5954633,Medium Risk,23,0.3333333333333333,54.49982022551585,36.47683620452881,Month-to-month,Fiber optic,Bank transfer (automatic),90.05,2169.8
9646-NMHXE,0.0587662,Low Risk,47,0.0,0.0,66.64502402146657,Two year,No,Mailed check,19.65,973.1
7030-NJVDP,0.60079324,High Risk,24,0.5,48.71385093035268,39.96033787727355,Month-to-month,Fiber optic,Electronic check,89.25,2210.2
5536-RTPWK,0.6667763,High Risk,49,0.5,23.460322836217273,47.077851692835495,Month-to-month,Fiber optic,Bank transfer (automatic),99.05,4853.75
8883-GRDWQ,0.1904217,Low Risk,20,0.3333333333333333,71.75541747592861,55.478914976119995,One year,DSL,Mailed check,54.0,1055.9
6166-ILMNY,0.74366593,High Risk,2,0.0,80.99453605766122,13.650036652882894,Month-to-month,Fiber optic,Bank transfer (automatic),69.75,144.55
3097-NNSPB,0.72496766,High Risk,2,0.16666666666666666,69.85094063549555,17.91828374067942,Month-to-month,DSL,Credit card (automatic),49.05,91.1
7771-ZONAT,0.083932705,Low Risk,22,0.6666666666666666,14.289260000608706,68.30336511135101,Two year,DSL,Bank transfer (automatic),56.75,1304.85
0655-RBDUG,0.88060457,High Risk,7,0.5,20.382714003898286,18.886438409487408,Month-to-month,Fiber optic,Bank transfer (automatic),98.05,713.0
2111-DWYHN,0.5524166,Medium Risk,1,0.0,0.0,22.795835534731548,Month-to-month,No,Mailed check,21.1,21.1
4194-WHFCB,0.39972153,Medium Risk,59,0.5,40.715920086630035,64.59725817044576,Month-to-month,Fiber optic,Bank transfer (automatic),96.65,5580.8
4121-AGSIN,0.097899355,Low Risk,58,0.0,0.0,69.27169779936473,One year,No,Credit card (automatic),24.5,1497.9
4361-BKAXE,0.5584428,Medium Risk,41,1.0,0.0,59.16119476159414,Month-to-month,Fiber optic,Bank transfer (automatic),114.5,4527.45
9845-PEEKO,0.18970965,Low Risk,59,0.16666666666666666,69.85094063549555,68.43118349711101,Two year,Fiber optic,Credit card (automatic),79.2,4590.35
0455-XFASS,0.7971615,High Risk,3,0.0,80.99453605766122,11.391924023628235,Month-to-month,Fiber optic,Electronic check,69.55,200.2
0301-KOBTQ,0.057017315,Low Risk,32,0.0,0.0,60.482467015584305,Two year,No,Bank transfer (automatic),20.05,614.45
1751-NCDLI,0.7585389,High Risk,46,0.5,20.382714003898286,41.23972157637278,Month-to-month,Fiber optic,Electronic check,98.85,4564.9
4367-NUYAO,0.09036333,Low Risk,0,0.0,0.0,45.481833815574646,Two year,No,Mailed check,25.75,0.0
9878-TNQGW,0.85117674,High Risk,2,0.16666666666666666,57.95296951208529,11.607829729715982,Month-to-month,Fiber optic,Electronic check,80.95,171.15
9170-ARBTB,0.08372169,Low Risk,52,0.0,0.0,67.48058180014293,One year,No,Credit card (automatic),19.6,1012.4
4441-NIHPT,0.77939236,High Risk,13,0.16666666666666666,66.77333180317656,19.78038191795349,Month-to-month,Fiber optic,Electronic check,74.3,940.35
8999-BOHSE,0.79232454,High Risk,11,0.3333333333333333,34.60391825838295,21.63377285003662,Month-to-month,Fiber optic,Bank transfer (automatic),89.7,1047.7
7241-AJHFS,0.39689493,Medium Risk,32,0.3333333333333333,71.75541747592861,50.15525341033935,Month-to-month,Fiber optic,Bank transfer (automatic),87.65,2766.4
7029-RPUAV,0.75089014,High Risk,17,0.5,20.382714003898286,29.538826545079548,Month-to-month,Fiber optic,Credit card (automatic),100.45,1622.45
4546-FOKWR,0.6944554,High Risk,16,0.0,80.99453605766122,21.94389740626017,Month-to-month,Fiber optic,Credit card (automatic),74.75,1129.35
9036-CSKBW,0.438709,Medium Risk,51,0.8333333333333334,6.09345400328958,65.98121563593547,One year,Fiber optic,Bank transfer (automatic),107.45,5680.9
5832-TRLPB,0.2883461,Low Risk,29,0.6666666666666666,14.289260000608706,60.999361077944435,One year,DSL,Bank transfer (automatic),75.35,2243.9
8590-YFFQO,0.08355325,Low Risk,70,0.6666666666666666,46.390617799278274,88.32233726978302,Two year,DSL,Credit card (automatic),64.95,4523.25
8659-IOOPU,0.10050069,Low Risk,71,0.6666666666666666,34.492646675868016,87.89163152376811,Two year,Fiber optic,Electronic check,100.45,7159.7
1338-CECEE,0.16800967,Low Risk,41,0.5,32.280685127308544,68.68285139401753,One year,DSL,Bank transfer (automatic),68.5,2839.95
7439-DKZTW,0.9022861,High Risk,1,0.16666666666666666,57.64548480395888,8.63569438457489,Month-to-month,Fiber optic,Electronic check,80.55,80.55
4646-QZXTF,0.42617068,Medium Risk,7,0.8333333333333334,11.143595422165674,48.274797995885216,Month-to-month,DSL,Bank transfer (automatic),81.25,580.1
4607-CHPCA,0.52465373,Medium Risk,25,0.3333333333333333,34.60391825838295,40.850646694501236,One year,Fiber optic,Electronic check,90.4,2178.6
9742-XOKTS,0.26322752,Low Risk,67,0.5,60.611822053762936,74.7552905480067,One year,Fiber optic,Electronic check,89.55,6038.55
6921-OZMFH,0.5539491,Medium Risk,5,0.16666666666666666,74.90108205437164,27.71921078364055,Month-to-month,DSL,Mailed check,55.7,259.4
9578-FOMUK,0.33507088,Medium Risk,15,0.0,0.0,39.49645757675171,Month-to-month,No,Electronic check,24.8,324.15
4712-UYOOI,0.26154312,Low Risk,20,0.0,0.0,45.256175597508744,Month-to-month,No,Electronic check,20.0,417.65
8824-RWFXJ,0.6594771,High Risk,3,0.3333333333333333,55.629736381010886,24.942810932795208,Month-to-month,DSL,Mailed check,56.15,168.15
7722-CVFXN,0.51975554,Medium Risk,54,0.6666666666666666,17.366868832927693,59.84555621941884,One year,Fiber optic,Electronic check,105.2,5637.85
8717-VCTXJ,0.08101197,Low Risk,42,0.0,0.0,63.449402451515205,One year,No,Mailed check,19.55,839.4
7363-QTBIW,0.8125961,High Risk,9,0.16666666666666666,57.95296951208529,16.453529198964436,Month-to-month,Fiber optic,Electronic check,79.75,769.1
4159-NAAIX,0.12689301,Low Risk,63,0.5,23.460322836217273,79.90534782409668,Two year,Fiber optic,Bank transfer (automatic),97.45,6253.0
0971-QIFJK,0.04416355,Low Risk,69,0.0,0.0,76.54182374477386,Two year,No,Bank transfer (automatic),24.25,1641.8
9397-TZSHA,0.05236255,Low Risk,69,0.0,0.0,76.13187193870544,Two year,No,Credit card (automatic),24.6,1678.05
3391-JSQEW,0.2936145,Low Risk,40,0.16666666666666666,69.85094063549555,55.319274663925164,Month-to-month,DSL,Mailed check,50.15,2058.5
0343-QLUZP,0.060831785,Low Risk,60,0.5,52.484071802567854,81.95841073989868,Two year,DSL,Bank transfer (automatic),39.6,2424.5
9763-PDTKK,0.7997978,High Risk,4,0.6666666666666666,34.492646675868016,25.0101113319397,Month-to-month,Fiber optic,Bank transfer (automatic),94.4,387.2
2176-LVPNX,0.0625352,Low Risk,71,1.0,0.0,96.45657499631245,Two year,DSL,Mailed check,89.85,6293.45
7627-JKIAZ,0.5866034,Medium Risk,37,0.16666666666666666,66.77333180317656,39.41982984542847,Month-to-month,Fiber optic,Credit card (automatic),78.95,2839.65
3312-UUMZW,0.68313646,High Risk,32,0.5,23.460322836217273,39.17651017506917,Month-to-month,Fiber optic,Credit card (automatic),98.85,3145.9
1271-UODNO,0.08210645,Low Risk,39,0.16666666666666666,74.90108205437164,65.478009780248,Two year,DSL,Credit card (automatic),53.85,2200.7
8461-EFQYM,0.10735372,Low Risk,38,0.0,0.0,60.46564896901449,One year,No,Electronic check,24.25,914.4
6900-RBKER,0.15521058,Low Risk,52,0.3333333333333333,43.73176525760063,70.57280262311299,Two year,Fiber optic,Credit card (automatic),89.45,4577.75
6891-JPYFF,0.57975584,Medium Risk,48,0.6666666666666666,20.31465825777424,54.345541199048355,Month-to-month,Fiber optic,Credit card (automatic),105.25,4997.5
1459-QNFQT,0.049930617,Low Risk,70,0.8333333333333334,11.143595422165674,93.33680172761281,Two year,DSL,Bank transfer (automatic),59.5,4144.8
1047-NNCBF,0.5277212,Medium Risk,20,0.0,80.99453605766122,31.947272022565205,Month-to-month,Fiber optic,Credit card (automatic),70.55,1493.55
3696-XRIEN,0.22894356,Low Risk,50,0.8333333333333334,11.143595422165674,76.05282068252563,One year,DSL,Credit card (automatic),82.5,4179.1
4081-DYXAV,0.49149618,Medium Risk,19,0.3333333333333333,34.60391825838295,40.00852306683858,One year,DSL,Credit card (automatic),44.85,893.55
0074-HDKDG,0.1618128,Low Risk,25,0.5,52.484071802567854,62.326027552286774,One year,DSL,Bank transfer (automatic),61.6,1611.0
8791-GFXLZ,0.43594116,Medium Risk,12,0.16666666666666666,69.85094063549555,36.53627534707387,Month-to-month,DSL,Bank transfer (automatic),49.05,593.05
8111-SLLHI,0.76969635,High Risk,39,0.6666666666666666,9.239118581732612,41.09851559003194,Month-to-month,Fiber optic,Electronic check,105.65,4284.8
0927-LCSMG,0.69797456,High Risk,7,0.16666666666666666,66.77333180317656,21.351271867752075,Month-to-month,Fiber optic,Mailed check,74.65,544.55
9330-DHBFL,0.1525678,Low Risk,23,0.6666666666666666,46.390617799278274,65.28827647368112,One year,DSL,Mailed check,66.25,1533.8
0098-BOWSO,0.211001,Low Risk,27,0.0,0.0,50.69995105266572,Month-to-month,No,Electronic check,19.4,529.8
3452-ABWRL,0.59070593,Medium Risk,47,0.16666666666666666,57.64548480395888,43.38137010733286,Month-to-month,Fiber optic,Credit card (automatic),86.05,3865.6
5859-HZYLF,0.058800418,Low Risk,26,0.0,0.0,57.893313368161515,Two year,No,Credit card (automatic),19.15,515.75
8257-RZAHR,0.41596186,Medium Risk,14,0.3333333333333333,54.49982022551585,41.70190691947937,Month-to-month,DSL,Bank transfer (automatic),64.7,941.0
5293-WXJAK,0.8414511,High Risk,11,0.6666666666666666,14.289260000608706,25.844111243883773,Month-to-month,Fiber optic,Bank transfer (automatic),104.05,1133.65
3156-QLHBO,0.25746033,Low Risk,2,0.0,0.0,37.960315545399986,Month-to-month,No,Mailed check,19.25,48.35
2208-NQBCT,0.5405409,Medium Risk,26,0.3333333333333333,66.70527605705252,40.4729562997818,Month-to-month,Fiber optic,Electronic check,81.95,2070.05
1779-PWPMG,0.052836616,Low Risk,72,1.0,0.0,97.35817015171051,Two year,Fiber optic,Bank transfer (automatic),114.65,8333.95
6621-NRZAK,0.04784162,Low Risk,63,0.0,0.0,73.85791957378387,Two year,No,Credit card (automatic),20.0,1209.25
0831-JNISG,0.039582018,Low Risk,71,0.0,0.0,77.60423262914023,Two year,No,Mailed check,19.8,1396.25
0774-IFUVM,0.39173958,Medium Risk,11,0.3333333333333333,54.49982022551585,41.66301965713501,Month-to-month,DSL,Bank transfer (automatic),65.15,723.35
3082-WQRVY,0.11988664,Low Risk,14,0.0,0.0,49.839001496632896,One year,No,Mailed check,19.65,228.65
9553-DLCLU,0.085064895,Low Risk,13,1.0,0.0,71.16342226664226,Two year,DSL,Credit card (automatic),88.95,1161.75
1641-BYBTK,0.27287695,Low Risk,6,0.0,0.0,38.85615110397339,Month-to-month,No,Mailed check,20.2,98.35
2460-NGXBJ,0.73361343,High Risk,11,0.0,80.99453605766122,17.90266176064809,Month-to-month,Fiber optic,Credit card (automatic),75.2,775.3
2446-ZKVAF,0.36461043,Medium Risk,18,0.16666666666666666,69.85094063549555,42.602811654408775,Month-to-month,DSL,Credit card (automatic),56.8,1074.65
0841-NULXI,0.8340072,High Risk,1,0.16666666666666666,57.95296951208529,12.049639821052551,Month-to-month,DSL,Electronic check,35.55,35.55
3522-CDKHF,0.48996556,Medium Risk,32,0.16666666666666666,77.84887147921819,42.168388764063515,Month-to-month,Fiber optic,Bank transfer (automatic),75.5,2324.7
1430-SFQSA,0.14077301,Low Risk,29,0.3333333333333333,71.75541747592861,61.711350083351135,One year,DSL,Mailed check,35.6,1072.6
0411-EZJZE,0.729504,High Risk,3,0.16666666666666666,57.64548480395888,18.108133872350056,Month-to-month,DSL,Electronic check,60.25,170.5
7851-WZEKY,0.8925841,High Risk,2,0.3333333333333333,34.60391825838295,12.870795726776125,Month-to-month,Fiber optic,Electronic check,95.15,196.9
8844-TONUD,0.8058744,High Risk,13,0.5,20.382714003898286,25.12294630209605,Month-to-month,Fiber optic,Mailed check,96.65,1162.85
8807-ARQET,0.4723608,Medium Risk,41,0.3333333333333333,46.809374089919615,50.13196051120757,Month-to-month,DSL,Electronic check,40.35,1677.85
8992-CEUEN,0.44110847,Medium Risk,1,0.0,0.0,28.361243406931557,Month-to-month,No,Electronic check,18.85,18.85
4320-QMLLA,0.47065377,Medium Risk,7,0.16666666666666666,57.64548480395888,32.7173113822937,Month-to-month,DSL,Mailed check,54.85,370.4
8777-PVYGU,0.10826324,Low Risk,52,0.5,40.278615971031186,76.2535039583842,One year,DSL,Mailed check,64.3,3410.6
8292-ITGYJ,0.06894363,Low Risk,45,0.0,0.0,65.30281901359558,Two year,No,Bank transfer (automatic),24.65,1138.8
6870-ZWMNX,0.111703314,Low Risk,70,0.6666666666666666,26.187231124018965,86.91483318805695,Two year,DSL,Credit card (automatic),76.1,5264.25
0621-CXBKL,0.08696324,Low Risk,53,0.0,0.0,67.73517151673634,Two year,No,Mailed check,18.7,1005.7
5268-DSMNQ,0.22785917,Low Risk,62,0.5,32.280685127308544,74.44037636121114,One year,Fiber optic,Credit card (automatic),97.95,5936.55
5334-JLAXU,0.37706086,Medium Risk,60,0.5,43.66370951147658,66.1469554901123,Month-to-month,Fiber optic,Credit card (automatic),94.1,5475.9
4086-YQSNZ,0.8447373,High Risk,3,0.16666666666666666,57.64548480395888,12.346468766530355,Month-to-month,Fiber optic,Electronic check,80.4,224.05
6242-MBHPK,0.7544269,High Risk,23,0.5,31.458253679939915,31.861988504727677,Month-to-month,Fiber optic,Electronic check,95.1,2326.05
5868-CZJDR,0.7686081,High Risk,1,0.16666666666666666,69.85094063549555,15.319595336914062,Month-to-month,DSL,Mailed check,31.35,31.35
9359-UGBTK,0.20170997,Low Risk,67,0.6666666666666666,34.492646675868016,81.16450071334839,One year,DSL,Bank transfer (automatic),72.35,4991.5
0135-NMXAP,0.80651397,High Risk,12,0.3333333333333333,46.501889381793205,21.34096841017405,Month-to-month,Fiber optic,Bank transfer (automatic),89.75,1052.4
4782-OSFXZ,0.05967851,Low Risk,71,0.8333333333333334,23.349051253702342,93.26607525348665,Two year,DSL,Bank transfer (automatic),82.7,5831.2
6479-OAUSD,0.07742914,Low Risk,25,0.0,0.0,56.5452108780543,One year,No,Credit card (automatic),19.9,510.8
7129-ACFOG,0.6752084,High Risk,5,0.16666666666666666,77.84887147921819,21.656247178713482,Month-to-month,DSL,Electronic check,53.8,283.95
4189-NAKJS,0.16856252,Low Risk,26,0.0,80.99453605766122,52.40520675977071,One year,DSL,Credit card (automatic),51.55,1295.4
5562-BETPV,0.23554021,Low Risk,1,0.0,0.0,38.63965610663096,One year,No,Mailed check,19.65,19.65
1282-IHQAC,0.1984768,Low Risk,70,0.5,32.280685127308544,79.24282709757486,One year,DSL,Credit card (automatic),44.05,3011.65
9127-FHJBZ,0.055837315,Low Risk,72,1.0,0.0,97.2081333398819,Two year,Fiber optic,Electronic check,114.0,8093.15
6270-OMFIW,0.48365247,Medium Risk,60,0.5,23.460322836217273,60.817376375198364,One year,Fiber optic,Electronic check,94.4,5610.25
1641-RQDAY,0.7368634,High Risk,32,0.5,23.460322836217273,36.49016459782918,Month-to-month,Fiber optic,Electronic check,100.4,3217.65
0107-WESLM,0.6814436,High Risk,1,0.0,0.0,16.34448806444804,Month-to-month,No,Electronic check,19.85,19.85
6994-ORCWG,0.26810175,Low Risk,14,0.16666666666666666,69.85094063549555,45.761579076449074,One year,DSL,Mailed check,54.25,773.2
1346-UFHAX,0.689597,High Risk,13,0.16666666666666666,77.84887147921819,24.27014946937561,Month-to-month,Fiber optic,Credit card (automatic),80.0,1029.35
3992-YWPKO,0.8420313,High Risk,6,0.8333333333333334,3.145664578443032,27.065101663271584,Month-to-month,Fiber optic,Credit card (automatic),109.9,669.45
2933-XEUJM,0.07076258,Low Risk,46,0.6666666666666666,17.237049425455254,78.96187126636505,Two year,DSL,Mailed check,79.2,3593.8
0125-LZQXK,0.78804815,High Risk,15,0.6666666666666666,14.289260000608706,30.18092592557271,Month-to-month,Fiber optic,Electronic check,101.35,1553.95
5461-QKNTN,0.67388296,High Risk,43,0.5,40.408435378503626,44.222518603006996,Month-to-month,Fiber optic,Electronic check,94.3,3953.15
4835-YSJMR,0.068712845,Low Risk,39,0.16666666666666666,74.90108205437164,66.14769180615743,Two year,DSL,Bank transfer (automatic),49.8,1971.15
8399-YNDCH,0.4374376,Medium Risk,21,0.3333333333333333,43.42428054947422,43.544786969820656,Month-to-month,DSL,Bank transfer (automatic),60.05,1236.15
3164-YAXFY,0.43275055,Medium Risk,57,0.6666666666666666,17.237049425455254,65.44580419858296,Month-to-month,DSL,Electronic check,53.75,3196.0
0887-WBJVH,0.36524364,Medium Risk,53,0.5,28.510464255093368,63.82114966710408,One year,Fiber optic,Electronic check,93.45,4872.2
4660-IRIBM,0.585604,Medium Risk,18,0.5,40.278615971031186,38.21979939937592,Month-to-month,Fiber optic,Mailed check,87.9,1500.5
5673-FSSMF,0.814301,High Risk,1,0.16666666666666666,57.95296951208529,13.03494930267334,Month-to-month,DSL,Electronic check,60.15,60.15
7670-ZBPOQ,0.09816823,Low Risk,58,0.3333333333333333,71.75541747592861,75.9249206384023,One year,DSL,Bank transfer (automatic),61.05,3478.75
8089-UZWLX,0.25371805,Low Risk,71,0.5,20.382714003898286,76.89743240674338,Two year,Fiber optic,Bank transfer (automatic),104.05,7413.55
0080-OROZO,0.5047568,Medium Risk,35,0.6666666666666666,14.289260000608706,52.67882625261942,One year,Fiber optic,Electronic check,99.25,3532.0
3916-NRPAP,0.7915304,High Risk,3,0.3333333333333333,43.73176525760063,18.340148131052654,Month-to-month,Fiber optic,Credit card (automatic),85.7,256.75
6807-SIWJI,0.55235684,Medium Risk,38,0.6666666666666666,20.31465825777424,51.54882470766703,One year,Fiber optic,Electronic check,104.85,3887.25
8221-HVAYI,0.06506581,Low Risk,35,0.6666666666666666,46.390617799278274,74.66337660948435,Two year,DSL,Credit card (automatic),69.15,2490.15
1579-KLYDT,0.872034,High Risk,7,0.3333333333333333,43.42428054947422,15.981632669766743,Month-to-month,Fiber optic,Electronic check,90.45,593.45
5232-NXPAY,0.066868715,Low Risk,47,0.6666666666666666,14.289260000608706,79.57323054472604,Two year,DSL,Mailed check,74.45,3510.3
8967-SZQAS,0.45433244,Medium Risk,14,0.16666666666666666,69.85094063549555,36.45004312197367,Month-to-month,DSL,Electronic check,50.45,765.45
4468-KAZHE,0.4963917,Medium Risk,20,0.3333333333333333,46.809374089919615,40.18041431903839,Month-to-month,DSL,Electronic check,60.0,1259.35
0455-ENTCR,0.09291951,Low Risk,66,0.8333333333333334,14.221204254484661,89.52069024244945,Two year,DSL,Electronic check,85.25,5538.35
8944-AILEF,0.2551947,Low Risk,15,0.0,0.0,43.49026679992676,Month-to-month,No,Credit card (automatic),19.45,340.85
5542-NKVRU,0.056441892,Low Risk,42,0.0,0.0,64.67790484428406,Two year,No,Bank transfer (automatic),20.75,844.45
7126-RBHSD,0.63467723,High Risk,17,0.16666666666666666,77.84887147921819,28.68280510107676,Month-to-month,Fiber optic,Electronic check,78.9,1348.95
5370-IIVVL,0.5103668,Medium Risk,37,0.6666666666666666,17.366868832927693,53.23166012763977,One year,Fiber optic,Credit card (automatic),104.5,3778.0
6789-HJBWG,0.5415099,Medium Risk,12,0.16666666666666666,69.85094063549555,31.257837017377216,Month-to-month,DSL,Electronic check,49.4,611.65
3927-NLNRY,0.44321904,Medium Risk,53,0.5,23.460322836217273,59.92238005002339,One year,Fiber optic,Bank transfer (automatic),94.25,4867.95
9087-EYCPR,0.05391562,Low Risk,60,0.0,0.0,72.30421900749207,Two year,No,Mailed check,25.0,1505.05
6791-YBNAK,0.3926688,Medium Risk,18,0.0,80.99453605766122,37.86655783653259,Month-to-month,DSL,Credit card (automatic),25.55,467.85
6358-LYNGM,0.90677655,High Risk,1,0.0,80.99453605766122,5.077839295069377,Month-to-month,Fiber optic,Electronic check,74.9,74.9
6077-BDPXA,0.810913,High Risk,3,0.0,80.99453605766122,10.704348683357239,Month-to-month,Fiber optic,Electronic check,70.15,194.2
0013-MHZWF,0.46632618,Medium Risk,9,0.5,28.510464255093368,40.433691143989556,Month-to-month,DSL,Credit card (automatic),69.4,571.45
5494-HECPR,0.9028906,High Risk,1,0.16666666666666666,57.64548480395888,8.60546886920929,Month-to-month,Fiber optic,Electronic check,80.25,80.25
8268-YDIXR,0.30900845,Medium Risk,56,0.5,52.484071802567854,67.88290937741598,One year,Fiber optic,Electronic check,93.15,5253.95
9824-BEMCV,0.7383579,High Risk,17,0.0,80.99453605766122,20.165438254674275,Month-to-month,Fiber optic,Electronic check,69.0,1149.65
1373-ORVIZ,0.5506692,Medium Risk,11,0.3333333333333333,51.85951550879571,33.71654033660889,Month-to-month,DSL,Electronic check,66.35,740.8
4291-SHSBH,0.7779281,High Risk,7,0.0,80.99453605766122,14.020260969797771,Month-to-month,Fiber optic,Electronic check,69.55,521.35
6980-IMXXE,0.041420165,Low Risk,69,0.0,0.0,76.67899191379547,Two year,No,Bank transfer (automatic),20.2,1412.65
9866-QEVEE,0.70185363,High Risk,19,0.16666666666666666,57.95296951208529,26.157318353652954,Month-to-month,Fiber optic,Bank transfer (automatic),86.0,1532.45
9897-KXHCM,0.8428644,High Risk,3,0.16666666666666666,57.95296951208529,12.440113623936972,Month-to-month,Fiber optic,Electronic check,80.3,250.05
0040-HALCW,0.064487,Low Risk,54,0.0,0.0,69.27565097808838,Two year,No,Credit card (automatic),20.4,1090.6
0784-GTUUK,0.083804235,Low Risk,62,0.0,0.0,71.64312084515889,One year,No,Credit card (automatic),23.75,1446.8
7979-CORPM,0.64477444,High Risk,24,0.3333333333333333,46.501889381793205,34.427944819132485,Month-to-month,Fiber optic,Credit card (automatic),90.55,2282.55
2294-DMMUS,0.2721368,Low Risk,62,0.3333333333333333,34.60391825838295,68.89315962791443,Month-to-month,DSL,Credit card (automatic),70.45,4300.45
0872-JCPIB,0.34829682,Medium Risk,17,0.3333333333333333,54.80730493364226,46.33515894412994,Month-to-month,DSL,Bank transfer (automatic),65.75,1111.2
3055-MJDSB,0.499286,Medium Risk,9,0.0,80.99453605766122,28.785700201988217,Month-to-month,DSL,Mailed check,24.6,190.1
9091-WTUUY,0.055512063,Low Risk,64,0.6666666666666666,34.18516196774161,87.22439646720885,Two year,DSL,Mailed check,69.25,4447.75
1618-CFHME,0.8620927,High Risk,2,0.0,80.99453605766122,7.728699644406636,Month-to-month,Fiber optic,Electronic check,75.9,143.35
3165-HDOEW,0.75211257,High Risk,1,0.0,80.99453605766122,12.81103829542796,Month-to-month,DSL,Mailed check,45.85,45.85
6581-NQCBA,0.6381394,High Risk,16,0.5,28.510464255093368,34.75969533125559,Month-to-month,DSL,Electronic check,49.95,810.2
7115-IRDHS,0.042341206,Low Risk,72,0.0,0.0,77.88293838500977,Two year,No,Bank transfer (automatic),24.65,1830.05
8496-DMZUK,0.17587174,Low Risk,30,0.5,52.484071802567854,63.70641350746155,One year,Fiber optic,Bank transfer (automatic),90.4,2820.65
2040-VZIKE,0.579713,Medium Risk,49,0.5,31.458253679939915,51.43101731936137,Month-to-month,Fiber optic,Mailed check,100.85,4847.35
9068-VPWQQ,0.08218261,Low Risk,61,0.6666666666666666,34.492646675868016,84.64087069034576,Two year,DSL,Credit card (automatic),75.35,4729.3
0178-SZBHO,0.5975055,Medium Risk,47,0.3333333333333333,46.501889381793205,46.37472450733184,Month-to-month,Fiber optic,Electronic check,87.2,4017.45
0384-RVBPI,0.2842232,Low Risk,20,0.5,40.586100679157596,54.122173388799034,Month-to-month,DSL,Credit card (automatic),64.4,1398.6
1689-MRZQR,0.6270943,High Risk,34,0.16666666666666666,57.64548480395888,36.145283579826355,Month-to-month,Fiber optic,Electronic check,78.3,2564.3
1299-AURJA,0.045714255,Low Risk,70,0.0,0.0,76.88095370928446,Two year,No,Bank transfer (automatic),24.7,1685.9
4525-VZCZG,0.42108858,Medium Risk,54,0.8333333333333334,14.221204254484661,68.11223785082498,One year,Fiber optic,Electronic check,105.85,5826.65
1543-LLLFT,0.20495327,Low Risk,61,0.6666666666666666,26.187231124018965,78.50233733654022,One year,Fiber optic,Mailed check,98.3,6066.55
5835-BEQEU,0.8612689,High Risk,3,0.0,80.99453605766122,8.186556100845337,Month-to-month,Fiber optic,Electronic check,76.95,228.4
2788-CJQAQ,0.096408084,Low Risk,13,0.0,0.0,50.596263209978744,One year,No,Mailed check,19.45,270.2
5565-FILXA,0.8340329,High Risk,16,0.3333333333333333,34.60391825838295,21.63168867429097,Month-to-month,Fiber optic,Electronic check,96.15,1529.2
0319-QZTCO,0.64101243,High Risk,3,0.3333333333333333,46.501889381793205,25.866045157114666,Month-to-month,DSL,Credit card (automatic),58.7,168.6
2120-SMPEX,0.17339176,Low Risk,25,0.0,0.0,51.747078696886696,Month-to-month,No,Mailed check,20.15,536.35
0096-FCPUF,0.24566478,Low Risk,30,0.3333333333333333,54.80730493364226,56.88342789808909,Month-to-month,DSL,Mailed check,64.5,1888.45
0668-OGMHD,0.5269952,Medium Risk,21,0.16666666666666666,77.84887147921819,35.73357423146566,Month-to-month,DSL,Electronic check,28.5,629.35
5552-ZNFSJ,0.75037676,High Risk,1,0.0,80.99453605766122,12.897828618685406,Month-to-month,DSL,Electronic check,45.3,45.3
2223-KAGMX,0.24708416,Low Risk,15,0.0,0.0,43.895792961120605,Month-to-month,No,Bank transfer (automatic),19.4,289.3
6507-ZJSUR,0.7590792,High Risk,23,0.3333333333333333,34.60391825838295,28.296039104461666,Month-to-month,Fiber optic,Electronic check,90.45,2117.25
9408-HRXRK,0.600459,High Risk,45,0.6666666666666666,20.31465825777424,52.06038435300191,Month-to-month,Fiber optic,Electronic check,105.15,4730.9
5593-SUAOO,0.21404691,Low Risk,24,0.3333333333333333,55.629736381010886,55.964321891466774,One year,Fiber optic,Bank transfer (automatic),83.15,2033.05
7321-PKUYW,0.7697352,High Risk,11,0.3333333333333333,51.5520308006693,22.76323914527893,Month-to-month,Fiber optic,Electronic check,90.15,987.95
2833-SLKDQ,0.69808674,High Risk,1,0.0,80.99453605766122,15.512329737345379,Month-to-month,DSL,Mailed check,45.05,45.05
6766-HFKLA,0.14375913,Low Risk,56,0.6666666666666666,14.289260000608706,79.47871009508769,Two year,Fiber optic,Bank transfer (automatic),103.2,5744.35
7595-EUIVN,0.849338,High Risk,1,0.16666666666666666,69.85094063549555,11.283100247383118,Month-to-month,Fiber optic,Electronic check,75.8,75.8
7617-EYGLW,0.5380546,Medium Risk,1,0.0,0.0,23.51393739382426,Month-to-month,No,Electronic check,19.45,19.45
2026-TGDHM,0.8345706,High Risk,7,0.16666666666666666,57.95296951208529,14.521470665931702,Month-to-month,Fiber optic,Electronic check,79.3,523.15
9220-ZNKJI,0.17921594,Low Risk,55,0.5,37.33082654618464,73.9558712641398,Two year,Fiber optic,Credit card (automatic),88.8,4805.3
4030-VPZBD,0.7655443,High Risk,2,0.16666666666666666,74.90108205437164,15.88945190111796,Month-to-month,DSL,Electronic check,30.9,59.05
2226-ICFDO,0.043175828,Low Risk,72,0.8333333333333334,11.143595422165674,94.5078758398692,Two year,DSL,Credit card (automatic),85.9,6110.75
0723-VSOBE,0.3001913,Medium Risk,45,0.16666666666666666,57.95296951208529,57.07376917203268,One year,DSL,Electronic check,34.2,1596.6
5529-GIBVH,0.05802076,Low Risk,47,0.0,0.0,66.68229480584462,Two year,No,Mailed check,20.15,1046.2
4187-CINZD,0.39197478,Medium Risk,46,0.5,23.460322836217273,59.56792632738749,One year,Fiber optic,Credit card (automatic),95.25,4424.2
9992-UJOEL,0.72375107,High Risk,2,0.16666666666666666,69.85094063549555,17.979113260904946,Month-to-month,DSL,Mailed check,50.3,92.75
4741-WWJQZ,0.757667,High Risk,2,0.3333333333333333,71.75541747592861,19.616649746894836,Month-to-month,Fiber optic,Electronic check,80.15,194.55
6625-UTXEW,0.53400636,Medium Risk,12,0.16666666666666666,69.85094063549555,31.633015473683674,Month-to-month,DSL,Electronic check,51.25,612.1
6818-WOBHJ,0.48008546,Medium Risk,68,0.3333333333333333,46.809374089919615,60.99572539329529,Month-to-month,Fiber optic,Bank transfer (automatic),89.6,6127.6
6244-BESBM,0.16453493,Low Risk,69,0.5,28.510464255093368,80.52325367927551,Two year,Fiber optic,Credit card (automatic),95.2,6671.7
1004-NOZNR,0.30801818,Medium Risk,56,0.5,31.458253679939915,67.9324229558309,One year,Fiber optic,Credit card (automatic),94.8,5264.3
1251-STYSZ,0.7955183,High Risk,4,0.16666666666666666,77.84887147921819,15.22408604621887,Month-to-month,Fiber optic,Electronic check,80.25,303.7
2612-PHGOX,0.12215072,Low Risk,64,0.6666666666666666,26.187231124018965,83.89246404170989,Two year,DSL,Bank transfer (automatic),76.1,4818.8
2408-TZMJL,0.51364315,Medium Risk,59,0.8333333333333334,6.09345400328958,65.5678427219391,One year,Fiber optic,Electronic check,110.15,6448.05
8480-PPONV,0.18075344,Low Risk,62,1.0,0.0,86.79565985997517,Two year,Fiber optic,Bank transfer (automatic),115.55,7159.05
8780-IHCRN,0.046633907,Low Risk,63,0.0,0.0,73.91830503940582,Two year,No,Credit card (automatic),24.65,1574.5
4598-ZADCK,0.20466888,Low Risk,53,0.8333333333333334,23.041566545575932,78.51655602455139,One year,DSL,Electronic check,53.6,2879.2
1257-SXUXQ,0.26337418,Low Risk,5,0.0,0.0,38.914622863133744,Month-to-month,No,Mailed check,19.45,86.05
9681-KYGYB,0.54262775,Medium Risk,49,0.5,52.484071802567854,53.28527907530467,Month-to-month,Fiber optic,Electronic check,88.2,4159.45
7182-OVLBJ,0.123369254,Low Risk,62,0.5,31.458253679939915,79.66486950715382,Two year,Fiber optic,Bank transfer (automatic),101.15,6638.35
5095-ETBRJ,0.054319546,Low Risk,55,0.5,60.611822053762936,80.20068864027658,Two year,DSL,Mailed check,56.8,3112.05
7005-CYUIL,0.079754904,Low Risk,71,0.8333333333333334,23.041566545575932,92.26225554943086,Two year,Fiber optic,Electronic check,99.4,7168.25
4821-WQOYN,0.045486186,Low Risk,72,0.0,0.0,77.72568941116333,Two year,No,Credit card (automatic),20.1,1326.25
4730-AWNAU,0.22324018,Low Risk,36,0.8333333333333334,11.143595422165674,70.50465683142345,One year,DSL,Credit card (automatic),60.7,2234.55
3452-FLHYD,0.09666146,Low Risk,25,0.0,0.0,55.58359424273173,One year,No,Bank transfer (automatic),20.95,495.15
2388-LAESQ,0.052836616,Low Risk,72,1.0,0.0,97.35817015171051,Two year,Fiber optic,Bank transfer (automatic),114.85,8317.95
9531-NSBMR,0.08584197,Low Risk,36,0.0,0.0,60.70790231227875,One year,No,Bank transfer (automatic),19.25,679.8
6260-ONULR,0.7251347,High Risk,1,0.3333333333333333,34.60391825838295,20.82659979661306,Month-to-month,DSL,Mailed check,62.8,62.8
4389-UEFCZ,0.18636958,Low Risk,72,0.6666666666666666,17.237049425455254,84.01485343774159,Two year,Fiber optic,Electronic check,105.5,7544.0
8711-LOBKY,0.04999965,Low Risk,59,0.0,0.0,72.08335061868031,Two year,No,Mailed check,19.85,1188.25
9134-CEQMF,0.8510426,High Risk,7,0.3333333333333333,34.60391825838295,17.03120191891988,Month-to-month,Fiber optic,Electronic check,89.5,676.7
8985-OOPOS,0.41957444,Medium Risk,1,0.6666666666666666,14.289260000608706,42.77127802371978,One year,DSL,Credit card (automatic),74.1,74.1
8800-ZKRFW,0.63370734,High Risk,30,0.8333333333333334,3.145664578443032,47.481299440066024,Month-to-month,Fiber optic,Electronic check,107.5,3242.5
2616-FLVQC,0.06527622,Low Risk,64,0.0,0.0,73.40285638968149,Two year,No,Mailed check,19.55,1240.15
9968-FFVVH,0.09471792,Low Risk,63,0.6666666666666666,46.390617799278274,84.84743734200795,One year,DSL,Bank transfer (automatic),68.8,4111.35
3108-PCCGG,0.06582854,Low Risk,72,0.8333333333333334,6.09345400328958,93.37523857752484,Two year,DSL,Credit card (automatic),84.45,5899.85
7993-PYKOF,0.6820866,High Risk,8,0.16666666666666666,77.84887147921819,22.56233731905619,Month-to-month,Fiber optic,Electronic check,75.0,632.95
8390-FESFV,0.07210699,Low Risk,62,0.8333333333333334,3.145664578443032,88.8946521282196,Two year,DSL,Bank transfer (automatic),84.5,5193.2
3022-BEXHZ,0.24387853,Low Risk,67,0.8333333333333334,3.145664578443032,82.3894061644872,Two year,Fiber optic,Bank transfer (automatic),111.2,7530.8
5027-XWQHA,0.59265983,Medium Risk,6,0.0,80.99453605766122,22.867008447647095,Month-to-month,DSL,Electronic check,44.75,270.95
6248-TKCQV,0.081597,Low Risk,70,0.6666666666666666,25.364799676650335,88.42015147209167,Two year,DSL,Bank transfer (automatic),80.6,5460.2
6729-GDNGC,0.5694143,Medium Risk,20,0.16666666666666666,57.64548480395888,33.19595078627268,Month-to-month,Fiber optic,Bank transfer (automatic),80.7,1614.2
6198-ZFIOJ,0.778554,High Risk,5,0.0,80.99453605766122,13.155632217725119,Month-to-month,Fiber optic,Electronic check,75.6,402.5
5989-OMNJE,0.32053664,Medium Risk,24,0.8333333333333334,6.09345400328958,60.639835993448884,One year,DSL,Electronic check,57.6,1367.75
4566-QVRRW,0.568886,Medium Risk,11,0.0,80.99453605766122,26.139034231503803,Month-to-month,DSL,Electronic check,44.05,483.7
1291-CUOCY,0.07770294,Low Risk,72,0.8333333333333334,3.145664578443032,92.78151969114941,Two year,Fiber optic,Credit card (automatic),110.6,7962.2
9795-SHUHB,0.058225743,Low Risk,66,0.5,60.611822053762936,84.58871245384215,Two year,DSL,Credit card (automatic),58.2,3810.8
3230-IUALN,0.051878177,Low Risk,45,0.8333333333333334,11.143595422165674,82.8227589527766,Two year,DSL,Mailed check,81.0,3533.6
0042-RLHYP,0.048076265,Low Risk,69,0.0,0.0,76.34618639945984,Two year,No,Bank transfer (automatic),19.7,1396.9
8519-IMDHU,0.7548887,High Risk,15,0.16666666666666666,57.95296951208529,21.838897665341694,Month-to-month,Fiber optic,Bank transfer (automatic),85.6,1345.55
4945-RVMTE,0.30475557,Medium Risk,28,0.3333333333333333,43.42428054947422,53.09555490811666,Month-to-month,DSL,Bank transfer (automatic),59.55,1646.45
0201-OAMXR,0.46519622,Medium Risk,70,1.0,0.0,75.90685407320659,One year,Fiber optic,Credit card (automatic),115.55,8127.6
1866-NXPSP,0.23710527,Low Risk,36,0.8333333333333334,23.349051253702342,69.8114041487376,One year,DSL,Mailed check,75.55,2680.15
3372-KWFBM,0.8036041,High Risk,16,0.16666666666666666,57.64548480395888,19.81979370117187,Month-to-month,Fiber optic,Electronic check,86.6,1281.0
7831-QGOXH,0.78952235,High Risk,18,0.16666666666666666,57.64548480395888,21.357215841611225,Month-to-month,Fiber optic,Electronic check,85.2,1553.9
6393-WRYZE,0.77086645,High Risk,34,0.3333333333333333,34.60391825838295,32.29001065095265,Month-to-month,Fiber optic,Electronic check,97.65,3207.55
3941-XTSKM,0.33975968,Medium Risk,42,0.5,32.588169835434954,60.512014627456665,One year,DSL,Credit card (automatic),45.1,2049.05
1661-CZBAU,0.21696998,Low Risk,48,0.5,48.71385093035268,69.15150165557861,One year,DSL,Bank transfer (automatic),70.95,3629.2
6599-RCLCJ,0.6801768,High Risk,47,0.8333333333333334,3.145664578443032,52.24116027355195,Month-to-month,Fiber optic,Electronic check,109.55,5124.55
9831-BPFRI,0.40098724,Medium Risk,39,0.5,49.53628237772131,56.20063662528991,One year,Fiber optic,Electronic check,89.55,3474.45
5158-RIVOP,0.06706646,Low Risk,11,0.0,0.0,51.23001178105673,Two year,No,Credit card (automatic),20.9,202.3
9788-YTFGE,0.27082467,Low Risk,7,0.0,0.0,39.375433127085365,Month-to-month,No,Mailed check,19.95,147.5
9277-JOOMO,0.3730702,Medium Risk,3,0.0,0.0,32.5964879989624,Month-to-month,No,Mailed check,24.6,86.35
1907-YLNYW,0.5251555,Medium Risk,8,0.5,40.586100679157596,37.075559099515274,Month-to-month,DSL,Electronic check,66.7,579.0
1725-MIMXW,0.6055739,High Risk,1,0.0,0.0,20.13797203699748,Month-to-month,No,Mailed check,19.45,19.45
8947-YRTDV,0.31641558,Medium Risk,32,0.6666666666666666,29.44250525699192,60.84588925043741,One year,Fiber optic,Mailed check,94.8,3131.55
3161-ONRWK,0.09793769,Low Risk,60,0.6666666666666666,46.390617799278274,83.43644817670186,One year,DSL,Bank transfer (automatic),65.85,3928.3
0114-RSRRW,0.26039082,Low Risk,10,0.0,0.0,41.14712576071422,Month-to-month,No,Bank transfer (automatic),19.95,187.75
4565-NLZBV,0.046049915,Low Risk,71,0.0,0.0,77.28083868821463,Two year,No,Bank transfer (automatic),24.65,1710.15
0031-PVLZI,0.31466532,Medium Risk,4,0.0,0.0,35.933400789896645,Month-to-month,No,Mailed check,20.35,76.35
7206-GZCDC,0.89743274,High Risk,1,0.0,80.99453605766122,5.545029441515605,Month-to-month,Fiber optic,Electronic check,69.25,69.25
6682-VCIXC,0.14051531,Low Risk,43,0.6666666666666666,37.26277080006059,74.22423362731934,One year,DSL,Bank transfer (automatic),51.25,2151.6
4791-QRGMF,0.508903,Medium Risk,59,0.5,20.382714003898286,59.13818200429281,One year,Fiber optic,Bank transfer (automatic),99.5,5961.1
6475-VHUIZ,0.38302422,Medium Risk,23,0.3333333333333333,60.67987779988698,47.09878921508789,Month-to-month,DSL,Electronic check,54.25,1221.55
3910-MRQOY,0.04970473,Low Risk,72,0.0,0.0,77.51476347446442,Two year,No,Bank transfer (automatic),19.4,1496.45
0661-WCQNQ,0.18558271,Low Risk,22,0.3333333333333333,71.75541747592861,56.554198463757835,One year,DSL,Credit card (automatic),56.25,1292.2
7537-RBWEA,0.7563717,High Risk,1,0.0,80.99453605766122,12.598082820574444,Month-to-month,DSL,Mailed check,25.15,25.15
4656-CAURT,0.045652658,Low Risk,69,0.0,0.0,76.46736860275269,Two year,No,Bank transfer (automatic),23.95,1713.1
0121-SNYRK,0.11324135,Low Risk,50,0.3333333333333333,71.75541747592861,71.83793127536772,One year,DSL,Mailed check,35.4,1748.9
1768-ZAIFU,0.83740973,High Risk,1,0.0,80.99453605766122,8.546179930369059,Month-to-month,DSL,Electronic check,25.2,25.2
4671-LXRDQ,0.7240739,High Risk,2,0.0,80.99453605766122,14.62963898976644,Month-to-month,DSL,Mailed check,45.0,96.45
3733-LSYCE,0.5829604,Medium Risk,15,0.16666666666666666,69.85094063549555,30.435311992963154,Month-to-month,Fiber optic,Bank transfer (automatic),75.35,1114.55
6265-FRMTQ,0.056126785,Low Risk,31,0.0,0.0,60.110327998797096,Two year,No,Bank transfer (automatic),20.4,609.1
1934-SJVJK,0.6056778,High Risk,1,0.0,0.0,20.132777492205303,Month-to-month,No,Mailed check,20.15,20.15
3838-OZURD,0.59127915,Medium Risk,66,0.6666666666666666,9.239118581732612,61.26937588055929,Month-to-month,Fiber optic,Credit card (automatic),105.0,7133.25
1371-DWPAZ,0.08187452,Low Risk,0,0.8333333333333334,23.041566545575932,62.572942177454635,Two year,DSL,Credit card (automatic),56.05,0.0
9269-CQOOL,0.677652,High Risk,3,0.16666666666666666,57.64548480395888,20.70073326428731,Month-to-month,DSL,Credit card (automatic),54.7,169.45
2017-CCBLH,0.07520317,Low Risk,8,0.0,0.0,49.57317431767782,Two year,No,Mailed check,20.0,141.6
7690-KPNCU,0.22998053,Low Risk,64,0.6666666666666666,17.237049425455254,78.50097358226775,One year,DSL,Credit card (automatic),73.05,4688.65
0536-BGFMZ,0.15491025,Low Risk,28,0.0,0.0,53.921153346697494,Month-to-month,No,Mailed check,20.5,563.05
2293-IJWPS,0.48481473,Medium Risk,57,0.5,20.382714003898286,59.50926184654236,One year,Fiber optic,Credit card (automatic),100.75,5985.0
2845-HSJCY,0.8034457,High Risk,14,0.3333333333333333,43.73176525760063,22.327715158462524,Month-to-month,Fiber optic,Electronic check,87.25,1258.6
5469-NUJUR,0.06536267,Low Risk,19,0.0,0.0,54.648532072703034,Two year,No,Mailed check,19.95,373.5
1184-PJVDB,0.8143489,High Risk,10,0.16666666666666666,57.64548480395888,16.782556176185608,Month-to-month,Fiber optic,Electronic check,79.95,857.2
2625-TRCZQ,0.52913666,Medium Risk,51,0.5,23.460322836217273,54.79316711425781,Month-to-month,DSL,Electronic check,49.65,2553.35
4102-HLENU,0.053207047,Low Risk,67,0.5,52.484071802567854,85.25631467501323,Two year,DSL,Mailed check,65.65,4322.85
7266-GSSJX,0.2823452,Low Risk,11,0.0,0.0,40.466074546178184,Month-to-month,No,Electronic check,20.45,250.8
7722-VJRQD,0.04856274,Low Risk,72,0.8333333333333334,11.143595422165674,94.23852841059369,Two year,DSL,Bank transfer (automatic),60.95,4549.05
7073-QETQY,0.10799184,Low Risk,66,0.0,0.0,72.10040926933287,One year,No,Electronic check,20.35,1359.5
9415-DPEWS,0.7613582,High Risk,18,0.3333333333333333,51.5520308006693,26.098756591478985,Month-to-month,Fiber optic,Electronic check,88.35,1639.3
5624-RYAMH,0.33266184,Medium Risk,9,0.0,0.0,37.11690664291382,Month-to-month,No,Electronic check,19.5,178.85
0196-JTUQI,0.75646967,High Risk,9,0.0,80.99453605766122,15.926516652107239,Month-to-month,Fiber optic,Credit card (automatic),75.2,633.85
7130-YXBRO,0.5399298,Medium Risk,48,0.8333333333333334,6.09345400328958,59.670176307360336,Month-to-month,Fiber optic,Bank transfer (automatic),111.45,5315.1
9272-LSVYH,0.64406747,High Risk,10,0.0,80.99453605766122,21.96329335371653,Month-to-month,Fiber optic,Mailed check,70.15,735.5
7943-RQCHR,0.86840886,High Risk,9,0.3333333333333333,34.60391825838295,16.99622372786204,Month-to-month,Fiber optic,Electronic check,94.75,889.9
3793-MMFUH,0.8341352,High Risk,13,0.3333333333333333,34.60391825838295,20.37657459576925,Month-to-month,Fiber optic,Electronic check,95.05,1290.0
3249-ZPQRG,0.7810875,High Risk,4,0.16666666666666666,69.85094063549555,15.945624113082884,Month-to-month,Fiber optic,Electronic check,78.45,330.05
2568-BRGYX,0.80637455,High Risk,4,0.0,80.99453605766122,11.347939173380533,Month-to-month,Fiber optic,Electronic check,70.2,237.95
3084-DOWLE,0.040253453,Low Risk,72,1.0,0.0,97.98732697963715,Two year,DSL,Bank transfer (automatic),92.0,6474.4
1084-MNSMJ,0.05078036,Low Risk,51,1.0,0.0,88.7109822034836,Two year,DSL,Credit card (automatic),85.5,4421.95
7721-JXEAW,0.39667124,Medium Risk,59,0.3333333333333333,46.809374089919615,61.41643822193146,Month-to-month,DSL,Bank transfer (automatic),41.05,2452.7
7249-WBIYX,0.8510848,High Risk,10,0.16666666666666666,57.64548480395888,14.945758581161497,Month-to-month,Fiber optic,Electronic check,85.6,813.85
4238-HFHSN,0.5422121,Medium Risk,61,0.16666666666666666,69.85094063549555,51.63939356803894,Month-to-month,Fiber optic,Electronic check,82.15,4904.85
6250-CGGUN,0.27525356,Low Risk,54,0.5,57.53421322144395,68.73732328414917,One year,Fiber optic,Electronic check,84.4,4484.05
5478-JJVZK,0.24280967,Low Risk,33,0.3333333333333333,66.70527605705252,58.27618400255838,Month-to-month,DSL,Mailed check,60.9,2033.85
7596-IIWYC,0.057915084,Low Risk,27,0.0,0.0,58.35424542427064,Two year,No,Bank transfer (automatic),20.25,538.2
6567-HOOPW,0.9078301,High Risk,1,0.16666666666666666,57.64548480395888,8.35849404335022,Month-to-month,Fiber optic,Electronic check,79.2,79.2
9793-WECQC,0.6063165,High Risk,23,0.5,23.460322836217273,39.26750799020131,Month-to-month,Fiber optic,Mailed check,95.3,2192.9
4291-HPAXL,0.5564649,Medium Risk,1,0.0,0.0,22.59342114130656,Month-to-month,No,Mailed check,19.85,19.85
8999-YPYBV,0.049508,Low Risk,45,1.0,0.0,86.2746012210846,Two year,DSL,Mailed check,84.35,3858.05
1839-FBNFR,0.052201524,Low Risk,39,0.0,0.0,63.6399245262146,Two year,No,Bank transfer (automatic),19.85,854.8
3164-AALRN,0.5495667,Medium Risk,5,0.5,20.382714003898286,34.60499902566274,One year,DSL,Mailed check,70.0,347.4
3071-MVJCD,0.043567438,Low Risk,72,0.8333333333333334,23.041566545575932,94.48829571406048,Two year,DSL,Bank transfer (automatic),82.3,5815.15
1697-BCSHV,0.24910976,Low Risk,58,0.3333333333333333,46.501889381793205,68.37784608205159,Month-to-month,DSL,Bank transfer (automatic),66.8,3970.4
0562-KBDVM,0.055845227,Low Risk,70,0.6666666666666666,46.390617799278274,89.70773994922638,Two year,DSL,Bank transfer (automatic),44.6,3058.15
1131-SUEKT,0.33941025,Medium Risk,61,0.6666666666666666,17.366868832927693,71.77948772907257,One year,Fiber optic,Bank transfer (automatic),98.45,6145.2
3717-OEAUQ,0.7581579,High Risk,2,0.0,80.99453605766122,12.925437887509664,Month-to-month,Fiber optic,Mailed check,70.7,129.2
4538-WNTMJ,0.09996843,Low Risk,46,0.0,0.0,64.16824499766032,One year,No,Mailed check,24.95,1165.9
3334-CTHOL,0.75528,High Risk,1,0.0,80.99453605766122,12.652665774027508,Month-to-month,DSL,Bank transfer (automatic),49.95,49.95
4704-ERYFC,0.7121144,High Risk,22,0.0,80.99453605766122,23.560946981112163,Month-to-month,Fiber optic,Electronic check,69.25,1554.0
9432-RUVSL,0.15298285,Low Risk,48,0.8333333333333334,11.143595422165674,79.01752511660258,Two year,Fiber optic,Credit card (automatic),102.5,4904.25
8060-HIWJJ,0.063000344,Low Risk,64,0.8333333333333334,3.145664578443032,90.1833172639211,Two year,DSL,Credit card (automatic),86.55,5632.55
7684-XSZIY,0.03879197,Low Risk,72,0.0,0.0,78.06040227413177,Two year,No,Bank transfer (automatic),24.3,1643.25
9089-UOWJG,0.44350022,Medium Risk,12,0.3333333333333333,43.42428054947422,39.49165562788645,Month-to-month,DSL,Credit card (automatic),58.35,740.55
8621-MNIHH,0.68229944,High Risk,34,0.5,32.588169835434954,40.05169490973155,Month-to-month,Fiber optic,Electronic check,94.25,3217.55
8039-ACLPL,0.06571953,Low Risk,72,0.6666666666666666,29.44250525699192,90.04735608895619,Two year,DSL,Credit card (automatic),68.75,4888.2
9885-AIBVB,0.7237833,High Risk,29,0.3333333333333333,55.629736381010886,32.56083428859711,Month-to-month,Fiber optic,Electronic check,85.8,2440.25
1934-MKPXS,0.071086206,Low Risk,33,0.0,0.0,60.195688605308526,One year,No,Credit card (automatic),20.1,620.55
2592-YKDIF,0.5452726,Medium Risk,1,0.0,0.0,23.153037230173748,Month-to-month,No,Mailed check,20.35,20.35
2272-JKMSI,0.34895045,Medium Risk,62,0.8333333333333334,3.145664578443032,75.0524777173996,One year,Fiber optic,Electronic check,110.8,6840.95
0471-LVHGK,0.4348813,Medium Risk,41,0.5,20.382714003898286,55.33926685651143,One year,DSL,Electronic check,73.0,3001.2
9518-RWHZL,0.4500232,Medium Risk,64,0.5,20.382714003898286,64.16550795237222,One year,Fiber optic,Credit card (automatic),100.05,6254.2
8714-CTZJW,0.8237878,High Risk,4,0.3333333333333333,43.73176525760063,17.143942912419636,Month-to-month,Fiber optic,Credit card (automatic),82.85,319.6
3569-EDBPQ,0.6838056,High Risk,24,0.3333333333333333,71.75541747592861,32.47638742129008,Month-to-month,Fiber optic,Electronic check,84.35,1938.05
3131-NWVFJ,0.107938014,Low Risk,14,0.0,0.0,50.43643375237783,One year,No,Mailed check,19.55,294.5
7521-YXVZY,0.31787297,Medium Risk,3,0.0,0.0,35.35634994506836,Month-to-month,No,Mailed check,19.95,58.3
5419-CONWX,0.86854374,High Risk,4,0.6666666666666666,9.239118581732612,21.572812795639038,Month-to-month,Fiber optic,Credit card (automatic),99.8,442.85
6240-EURKS,0.6441457,High Risk,18,0.16666666666666666,57.95296951208529,28.626046975453693,Month-to-month,DSL,Electronic check,35.0,553.0
2373-NTKOD,0.57983184,Medium Risk,8,0.3333333333333333,34.60391825838295,31.008408069610592,Month-to-month,DSL,Electronic check,66.25,546.45
1970-KKFWL,0.062377382,Low Risk,35,0.0,0.0,61.46446367104848,Two year,No,Bank transfer (automatic),23.3,797.1
6960-HVYXR,0.8823032,High Risk,1,0.0,80.99453605766122,6.301507751146953,Month-to-month,Fiber optic,Electronic check,76.0,76.0
9337-SRRNI,0.051724147,Low Risk,66,0.0,0.0,74.91379320621489,Two year,No,Credit card (automatic),25.3,1673.8
0895-UADGO,0.08985671,Low Risk,8,0.5,48.71385093035268,58.840499122937516,Two year,DSL,Mailed check,44.55,343.45
5678-VFNEQ,0.25323665,Low Risk,71,0.6666666666666666,17.237049425455254,80.25483409563701,One year,Fiber optic,Credit card (automatic),104.1,7412.25
5977-CKHON,0.5844686,Medium Risk,43,0.3333333333333333,43.73176525760063,45.35990317662557,Month-to-month,Fiber optic,Bank transfer (automatic),92.55,4039.0
7024-OHCCK,0.89507693,High Risk,2,0.3333333333333333,34.60391825838295,12.746153473854067,Month-to-month,Fiber optic,Electronic check,93.85,170.85
2692-BUCFV,0.6824952,High Risk,29,0.6666666666666666,9.239118581732612,41.291907827059426,Month-to-month,Fiber optic,Bank transfer (automatic),101.45,2948.6
7861-UVUFT,0.7704335,High Risk,15,0.3333333333333333,43.42428054947422,24.39499239126841,Month-to-month,Fiber optic,Electronic check,84.3,1308.4
1830-GGFNM,0.12382939,Low Risk,65,0.6666666666666666,46.390617799278274,84.22519842783609,Two year,Fiber optic,Credit card (automatic),94.55,6078.75
5302-BDJNT,0.6185034,High Risk,35,0.5,37.33082654618464,43.65816374619802,Month-to-month,Fiber optic,Electronic check,95.5,3418.2
5223-UZAVK,0.3590033,Medium Risk,64,0.6666666666666666,20.31465825777424,72.04983472824095,One year,Fiber optic,Credit card (automatic),100.3,6603.8
4859-ZSRDZ,0.060378596,Low Risk,58,0.6666666666666666,14.289260000608706,84.48106944561005,Two year,DSL,Credit card (automatic),55.5,3166.9
5651-WYIPH,0.4407714,Medium Risk,18,0.16666666666666666,69.85094063549555,38.79476328690847,Month-to-month,DSL,Credit card (automatic),49.85,865.75
9350-VLHMB,0.44037697,Medium Risk,67,0.3333333333333333,46.809374089919615,62.56448348363241,Month-to-month,Fiber optic,Bank transfer (automatic),89.55,6373.1
3498-LZGQZ,0.071628585,Low Risk,63,0.0,0.0,72.66857147216797,Two year,No,Mailed check,19.15,1177.05
8785-CJSHH,0.6499136,High Risk,60,0.5,23.460322836217273,52.50431954860687,Month-to-month,Fiber optic,Electronic check,99.8,5985.75
5357-TZHPP,0.82667005,High Risk,9,0.16666666666666666,57.95296951208529,15.749830802281698,Month-to-month,Fiber optic,Credit card (automatic),84.4,732.5
3870-SPZSI,0.0826164,Low Risk,70,1.0,0.0,95.03584722677867,Two year,Fiber optic,Credit card (automatic),113.05,7869.05
0680-DFNNY,0.8440501,High Risk,15,0.5,20.382714003898286,24.047494530677795,Month-to-month,Fiber optic,Electronic check,101.1,1504.05
7560-QRBXH,0.07328123,Low Risk,48,0.0,0.0,66.3359385728836,One year,No,Mailed check,19.95,936.7
7077-XJMET,0.5250236,Medium Risk,12,0.6666666666666666,14.289260000608706,42.08215435345968,Month-to-month,DSL,Electronic check,74.15,741.4
8752-GHJFU,0.22327955,Low Risk,71,0.6666666666666666,46.390617799278274,81.75268987814586,One year,Fiber optic,Electronic check,92.0,6585.2
6896-SRVYQ,0.58319366,Medium Risk,44,0.16666666666666666,66.77333180317656,42.50698367754618,Month-to-month,Fiber optic,Electronic check,73.85,3122.4
7767-UXAGJ,0.8125343,High Risk,1,0.0,80.99453605766122,9.789953033129374,Month-to-month,DSL,Electronic check,50.45,50.45
4652-ODEVH,0.058589466,Low Risk,45,0.0,0.0,65.82052707672119,Two year,No,Mailed check,24.45,1088.25
6510-UPNKS,0.11028775,Low Risk,23,0.0,0.0,54.06894703706106,One year,No,Credit card (automatic),24.8,615.35
6718-BDGHG,0.1632062,Low Risk,43,0.3333333333333333,51.5520308006693,66.42302234967549,One year,DSL,Bank transfer (automatic),64.85,2908.2
9046-DQMTP,0.1668153,Low Risk,35,0.0,0.0,56.242569287618,Month-to-month,No,Bank transfer (automatic),20.75,739.9
6439-LAJXL,0.3755948,Medium Risk,9,0.6666666666666666,37.26277080006059,48.30359359582265,Month-to-month,DSL,Mailed check,68.95,593.85
1571-SAVHK,0.8318135,High Risk,12,0.5,28.510464255093368,23.409324288368225,Month-to-month,Fiber optic,Mailed check,99.95,1132.75
9052-VKDUW,0.3710812,Medium Risk,65,0.8333333333333334,6.09345400328958,75.19593834877014,Month-to-month,Fiber optic,Credit card (automatic),109.4,7227.45
9546-CQJSU,0.885784,High Risk,2,0.3333333333333333,43.42428054947422,13.210801482200624,Month-to-month,Fiber optic,Electronic check,91.4,193.6
1666-JZPZT,0.2628465,Low Risk,27,0.0,80.99453605766122,48.10767650604248,Month-to-month,DSL,Mailed check,49.0,1291.35
5777-KJIRB,0.15504287,Low Risk,40,0.16666666666666666,66.77333180317656,62.24785566329955,One year,DSL,Mailed check,50.25,2023.55
0506-LVNGN,0.7904387,High Risk,5,0.16666666666666666,66.77333180317656,15.894731084505716,Month-to-month,Fiber optic,Credit card (automatic),75.55,349.65
7677-SJJJK,0.1825699,Low Risk,8,0.0,0.0,44.20483728249868,One year,No,Credit card (automatic),19.9,153.95
2480-EJWYP,0.46993798,Medium Risk,58,0.5,23.460322836217273,60.66976765791575,One year,Fiber optic,Bank transfer (automatic),97.8,5458.8
3253-HKOKL,0.32262447,Medium Risk,52,0.6666666666666666,17.237049425455254,68.86877775192261,One year,Fiber optic,Electronic check,100.3,5244.45
7055-HNEOJ,0.61612105,High Risk,3,0.3333333333333333,60.67987779988698,27.110613981882732,Month-to-month,DSL,Mailed check,55.8,154.55
5514-YQENT,0.21115533,Low Risk,41,1.0,0.0,76.52556856473286,Two year,Fiber optic,Electronic check,111.15,4507.15
3211-AAPKX,0.6981997,High Risk,20,0.5,28.510464255093368,33.42334886391958,Month-to-month,Fiber optic,Mailed check,98.55,2031.95
8445-DNBAE,0.8055791,High Risk,1,0.0,80.99453605766122,10.137710372606913,Month-to-month,DSL,Electronic check,50.05,50.05
2951-QOQTK,0.77544886,High Risk,4,0.16666666666666666,74.90108205437164,16.227557063102722,Month-to-month,Fiber optic,Credit card (automatic),80.8,332.45
2958-NHPPS,0.20799297,Low Risk,23,0.0,0.0,49.18368478616079,Month-to-month,No,Electronic check,20.85,473.9
6806-YDEUL,0.28778806,Low Risk,6,0.0,0.0,38.11059832572937,Month-to-month,No,Bank transfer (automatic),19.5,106.8
1735-XMJVH,0.23778118,Low Risk,8,0.0,0.0,41.44427498181661,Month-to-month,No,Mailed check,19.35,152.6
6890-PFRQX,0.30282986,Medium Risk,18,0.5,40.278615971031186,52.3585069179535,Month-to-month,DSL,Mailed check,69.5,1199.4
0222-CNVPT,0.39400414,Medium Risk,52,0.5,31.458253679939915,61.96646134058634,Month-to-month,DSL,Credit card (automatic),48.8,2555.05
5899-OUVKV,0.6964842,High Risk,31,0.5,23.460322836217273,38.09245626131693,Month-to-month,Fiber optic,Electronic check,94.5,2979.2
8681-ICONS,0.1604637,Low Risk,29,0.0,0.0,54.06014879544576,Month-to-month,No,Mailed check,20.65,654.85
1621-YNCJH,0.2526504,Low Risk,36,0.8333333333333334,23.349051253702342,69.03414765993755,Two year,Fiber optic,Credit card (automatic),106.05,3834.4
3473-XIIIT,0.8355265,High Risk,16,0.5,23.460322836217273,24.89034036795298,Month-to-month,Fiber optic,Electronic check,100.0,1534.75
6362-QHAFM,0.61759704,High Risk,42,0.6666666666666666,14.289260000608706,49.95348115762075,One year,Fiber optic,Electronic check,108.3,4586.15
7893-IXHRQ,0.53789157,Medium Risk,1,0.0,0.0,23.522088328997295,Month-to-month,No,Electronic check,20.55,20.55
3070-BDOQC,0.20542571,Low Risk,60,0.6666666666666666,9.239118581732612,78.06204636891682,Two year,Fiber optic,Electronic check,99.65,5941.05
2952-QAYZF,0.870291,High Risk,5,0.3333333333333333,55.629736381010886,15.235450267791748,Month-to-month,Fiber optic,Electronic check,85.3,424.15
6234-PFPXL,0.5626731,Medium Risk,22,0.5,48.40636622222627,41.03301207224528,Month-to-month,Fiber optic,Credit card (automatic),95.9,2234.95
9824-QCJPK,0.073494606,Low Risk,36,0.0,0.0,61.32526934146881,One year,No,Mailed check,20.0,666.75
4763-PGDPO,0.74658984,High Risk,4,0.0,80.99453605766122,14.337174693743387,Month-to-month,Fiber optic,Electronic check,70.4,281.0
4283-IVYCI,0.3419282,Medium Risk,9,0.5,48.71385093035268,46.653587818145745,Month-to-month,DSL,Mailed check,64.95,547.8
1866-OBPNR,0.80380684,High Risk,1,0.16666666666666666,69.85094063549555,13.55965793132782,Month-to-month,Fiber optic,Credit card (automatic),74.6,74.6
8205-MQUGY,0.53088456,Medium Risk,12,0.16666666666666666,77.84887147921819,31.789105137189228,Month-to-month,DSL,Electronic check,49.2,571.15
8970-ANWXO,0.28949,Low Risk,23,0.5,28.510464255093368,55.10883410771687,One year,DSL,Mailed check,73.75,1756.6
9480-BQJEI,0.30372092,Medium Risk,62,0.5,43.66370951147658,70.64728577931722,One year,Fiber optic,Bank transfer (automatic),92.3,5731.45
5394-SVGJV,0.58012265,Medium Risk,37,0.5,28.510464255093368,46.4105341831843,Month-to-month,Fiber optic,Bank transfer (automatic),98.8,3475.55
6979-TNDEU,0.1936006,Low Risk,8,0.0,0.0,43.653303583463035,Month-to-month,No,Mailed check,19.2,156.85
9777-WJJPR,0.550128,Medium Risk,31,0.3333333333333333,43.42428054947422,42.07693417867024,Month-to-month,Fiber optic,Credit card (automatic),88.65,2683.2
9283-LZQOH,0.72098535,High Risk,13,0.0,80.99453605766122,19.367399017016094,Month-to-month,Fiber optic,Credit card (automatic),74.4,896.75
7079-QRCBC,0.8146165,High Risk,24,0.5,20.382714003898286,29.26917493343353,Month-to-month,Fiber optic,Electronic check,98.75,2407.3
9495-SKLKD,0.592823,Medium Risk,45,0.5,32.588169835434954,49.108848571777344,Month-to-month,Fiber optic,Bank transfer (automatic),95.95,4456.65
6048-UWKAL,0.1575553,Low Risk,69,0.6666666666666666,17.366868832927693,84.20556922753651,Two year,Fiber optic,Credit card (automatic),105.4,6998.95
5067-DGXLL,0.3379801,Medium Risk,2,0.0,0.0,33.93432875474294,Month-to-month,No,Mailed check,20.25,36.8
5469-CTCWN,0.37680665,Medium Risk,61,0.6666666666666666,20.31465825777424,69.9096691608429,One year,Fiber optic,Electronic check,106.0,6547.7
9851-QXEEQ,0.7676691,High Risk,41,0.6666666666666666,9.239118581732612,42.033212582270295,Month-to-month,Fiber optic,Electronic check,104.7,4346.4
6281-FKEWS,0.37786204,Medium Risk,44,0.5,20.382714003898286,59.44023152192434,One year,DSL,Electronic check,49.05,2265.0
8898-KASCD,0.14078222,Low Risk,39,0.3333333333333333,60.67987779988698,65.87755481402078,One year,DSL,Mailed check,35.55,1309.15
9242-TKFSV,0.043884017,Low Risk,72,1.0,0.0,97.80579805374146,Two year,DSL,Credit card (automatic),65.1,4754.3
9290-SHCMB,0.8305793,High Risk,13,0.5,20.382714003898286,23.887702624003094,Month-to-month,Fiber optic,Electronic check,96.85,1235.55
0743-HNPFG,0.17069411,Low Risk,51,0.6666666666666666,37.570255508187,76.04862769444783,One year,DSL,Credit card (automatic),69.75,3562.5
2277-BKJKN,0.16832496,Low Risk,71,0.6666666666666666,9.239118581732612,84.50041929880778,Two year,Fiber optic,Electronic check,99.2,7213.75
9809-IMGCQ,0.81527865,High Risk,22,0.3333333333333333,34.60391825838295,25.069400866826374,Month-to-month,Fiber optic,Electronic check,96.7,2082.95
5208-HFSBT,0.68488264,High Risk,2,0.3333333333333333,63.75748663220597,23.255867958068848,Month-to-month,DSL,Credit card (automatic),55.05,102.75
5035-PGZXH,0.5569967,Medium Risk,56,0.6666666666666666,9.239118581732612,58.81683150927226,One year,Fiber optic,Electronic check,106.8,5914.4
8695-WDYEA,0.6200976,High Risk,1,0.16666666666666666,77.84887147921819,22.745121121406555,Month-to-month,DSL,Mailed check,51.25,51.25
6543-JXSOO,0.14767767,Low Risk,23,0.5,60.611822053762936,62.19945033391316,One year,DSL,Mailed check,57.75,1282.85
8016-ZMGMO,0.15458164,Low Risk,66,0.5,32.280685127308544,79.77091670036314,One year,DSL,Bank transfer (automatic),70.85,4738.85
8605-ITULD,0.5370646,Medium Risk,1,0.0,0.0,23.563436071077984,Month-to-month,No,Mailed check,19.55,19.55
3254-YRILK,0.78658015,High Risk,19,0.3333333333333333,46.501889381793205,25.254326065381367,Month-to-month,Fiber optic,Electronic check,88.2,1775.8
6416-YJTTB,0.67578626,High Risk,11,0.3333333333333333,63.62766722473353,27.460687160491943,Month-to-month,Fiber optic,Bank transfer (automatic),79.5,795.65
2667-WYLWJ,0.19644327,Low Risk,8,0.0,0.0,43.51117034753164,One year,No,Mailed check,19.75,145.0
4472-VESGY,0.44932267,Medium Risk,52,0.6666666666666666,29.44250525699192,62.533864974975586,Month-to-month,Fiber optic,Bank transfer (automatic),98.15,4993.4
3195-TQDZX,0.3801362,Medium Risk,3,0.0,0.0,32.24319040775299,Month-to-month,No,Electronic check,20.25,61.45
3128-YOVTD,0.3906794,Medium Risk,51,0.3333333333333333,66.70527605705252,58.38269869486491,Month-to-month,Fiber optic,Bank transfer (automatic),79.15,4018.55
0529-ONKER,0.719793,High Risk,15,0.0,80.99453605766122,20.260348916053772,Month-to-month,Fiber optic,Electronic check,75.65,1146.65
1728-CXQBE,0.53980166,Medium Risk,64,0.5,32.588169835434954,59.67658380667369,Month-to-month,Fiber optic,Electronic check,94.25,6081.4
7041-TXQJH,0.4218034,Medium Risk,37,0.3333333333333333,43.73176525760063,50.9931625922521,Month-to-month,DSL,Credit card (automatic),40.2,1478.85
5014-GSOUQ,0.06606309,Low Risk,13,0.0,0.0,52.11351136366527,Two year,No,Mailed check,19.95,243.65
5724-BIDBU,0.2255496,Low Risk,49,0.16666666666666666,77.84887147921819,62.47252106666564,One year,DSL,Electronic check,55.35,2633.95
0481-SUMCB,0.50250864,Medium Risk,45,0.5,20.382714003898286,53.62456798553467,One year,Fiber optic,Bank transfer (automatic),102.15,4735.35
1769-GRUIK,0.711639,High Risk,18,0.0,80.99453605766122,21.91805064678192,Month-to-month,Fiber optic,Electronic check,71.1,1247.75
5240-IJOQT,0.908193,High Risk,1,0.0,80.99453605766122,5.007017056147258,Month-to-month,Fiber optic,Electronic check,74.7,74.7
8819-WFGGJ,0.07170149,Low Risk,68,0.6666666666666666,17.237049425455254,88.08159331480661,Two year,DSL,Bank transfer (automatic),54.1,3794.5
7427-AUFPY,0.08338419,Low Risk,54,0.0,0.0,68.33078920841217,Two year,No,Credit card (automatic),19.65,1008.7
2811-POVEX,0.6371065,High Risk,23,0.5,32.588169835434954,37.72800942262013,Month-to-month,Fiber optic,Bank transfer (automatic),88.45,2130.55
1092-GANHU,0.7177693,High Risk,17,0.16666666666666666,66.77333180317656,24.52820042769114,Month-to-month,Fiber optic,Electronic check,76.65,1313.55
7898-PDWQE,0.048747785,Low Risk,71,0.8333333333333334,23.349051253702342,93.81261110305788,Two year,DSL,Credit card (automatic),80.4,5727.15
9972-EWRJS,0.06038381,Low Risk,67,0.0,0.0,74.89747683207194,Two year,No,Bank transfer (automatic),19.25,1372.9
9314-IJWSQ,0.8151777,High Risk,14,0.16666666666666666,57.64548480395888,18.407782713572185,Month-to-month,Fiber optic,Electronic check,84.8,1203.9
0661-XEYAN,0.80159974,High Risk,1,0.0,80.99453605766122,10.336679617563883,Month-to-month,DSL,Mailed check,25.8,25.8
5799-JRCZO,0.064609125,Low Risk,63,0.0,0.0,73.01954448223114,Two year,No,Credit card (automatic),19.5,1215.1
1921-KYSAY,0.30053288,Medium Risk,41,0.5,37.63831125431105,62.05668946107228,One year,DSL,Electronic check,68.6,2877.05
6198-RTPMF,0.73087496,High Risk,17,0.3333333333333333,34.60391825838295,27.206252217292786,Month-to-month,Fiber optic,Electronic check,92.6,1579.7
2924-KHUVI,0.51676613,Medium Risk,56,0.5,31.458253679939915,57.49502678712209,One year,Fiber optic,Electronic check,100.55,5514.95
1925-GMVBW,0.31536537,Medium Risk,5,0.0,0.0,36.31506462891896,Month-to-month,No,Credit card (automatic),20.55,96.1
7881-EVUAD,0.7718188,High Risk,2,0.5,43.66370951147658,22.242392500241596,Month-to-month,DSL,Electronic check,42.6,72.4
6184-DYUOB,0.34295842,Medium Risk,3,0.0,0.0,34.10207748413086,Month-to-month,No,Mailed check,19.6,55.25
9207-ZPANB,0.18151364,Low Risk,37,0.6666666666666666,46.390617799278274,69.67431664466858,One year,DSL,Electronic check,67.45,2443.3
5766-XQXMQ,0.29241627,Low Risk,29,0.6666666666666666,29.44250525699192,60.79585293928782,Month-to-month,DSL,Bank transfer (automatic),68.85,1970.5
9327-QSDED,0.446926,Medium Risk,8,0.0,80.99453605766122,30.98703344662984,Month-to-month,DSL,Mailed check,43.55,335.4
1656-DRSMG,0.43606052,Medium Risk,63,0.8333333333333334,3.145664578443032,71.11363927523296,Month-to-month,Fiber optic,Credit card (automatic),109.85,7002.95
3012-VFFMN,0.25380862,Low Risk,7,0.0,0.0,40.22623578707377,Month-to-month,No,Mailed check,20.65,158.95
2984-AFWNC,0.7908641,High Risk,3,0.5,23.460322836217273,21.706794500350952,Month-to-month,Fiber optic,Electronic check,95.4,293.15
0640-YJTPY,0.03816733,Low Risk,72,0.0,0.0,78.09163212776184,Two year,No,Bank transfer (automatic),21.0,1493.75
8096-LOIST,0.5651982,Medium Risk,19,0.16666666666666666,57.95296951208529,32.99009084701538,Month-to-month,DSL,Electronic check,56.2,1093.4
9764-REAFF,0.08221209,Low Risk,59,0.0,0.0,70.4727288087209,Two year,No,Bank transfer (automatic),18.4,1057.85
3703-VAVCL,0.7858308,High Risk,2,0.5,37.63831125431105,21.541793545087177,Month-to-month,Fiber optic,Credit card (automatic),90.0,190.05
7107-UBYKY,0.22388335,Low Risk,35,0.0,0.0,53.38916679223378,Month-to-month,No,Electronic check,25.75,882.55
4881-GQJTW,0.22554871,Low Risk,14,0.0,0.0,44.55589612325033,Month-to-month,No,Credit card (automatic),19.6,300.4
8519-QJGJD,0.6725069,High Risk,14,0.16666666666666666,66.77333180317656,25.541320244471233,Month-to-month,Fiber optic,Electronic check,75.35,1025.95
7876-DNYAP,0.041792743,Low Risk,69,0.0,0.0,76.66036248207092,Two year,No,Credit card (automatic),19.8,1436.95
7905-NJMXS,0.40812874,Medium Risk,7,0.5,60.611822053762936,42.51022974650065,Month-to-month,DSL,Electronic check,64.2,475.0
2882-WDTBA,0.063102044,Low Risk,69,0.8333333333333334,23.041566545575932,92.26156334082285,Two year,DSL,Bank transfer (automatic),75.75,5388.15
2091-GPPIQ,0.11020996,Low Risk,72,0.6666666666666666,17.366868832927693,87.82283624013265,Two year,DSL,Electronic check,78.95,5730.15
6326-MTTXK,0.8208675,High Risk,8,0.5,23.460322836217273,22.28995939095815,Month-to-month,Fiber optic,Electronic check,100.85,819.55
5071-FBJFS,0.59732264,Medium Risk,4,0.16666666666666666,77.84887147921819,25.133867859840393,Month-to-month,DSL,Electronic check,50.3,217.1
2796-UUZZO,0.3320484,Medium Risk,63,0.3333333333333333,55.629736381010886,66.31424585978189,Month-to-month,Fiber optic,Credit card (automatic),80.3,4896.35
2429-AYKKO,0.042056914,Low Risk,72,0.0,0.0,77.8971540927887,Two year,No,Bank transfer (automatic),19.85,1434.1
9798-OPFEM,0.06726005,Low Risk,46,0.0,0.0,65.80366532007854,Two year,No,Electronic check,21.1,937.1
0330-IVZHA,0.74144155,High Risk,5,0.0,80.99453605766122,15.011255939801535,Month-to-month,Fiber optic,Electronic check,69.95,330.15
3794-NFNCH,0.2919695,Low Risk,30,0.16666666666666666,66.77333180317656,51.23485644658407,Month-to-month,DSL,Mailed check,50.0,1474.9
5193-QLVZB,0.25987887,Low Risk,63,0.6666666666666666,9.239118581732612,76.58938964207967,Two year,Fiber optic,Bank transfer (automatic),104.75,6536.5
7114-AEOZE,0.058105607,Low Risk,60,0.0,0.0,72.09472060203552,Two year,No,Bank transfer (automatic),19.85,1128.1
2886-KEFUM,0.47787446,Medium Risk,63,0.6666666666666666,9.239118581732612,65.68961044152577,One year,Fiber optic,Electronic check,107.5,6873.75
5522-NYKPB,0.5973127,Medium Risk,25,0.3333333333333333,51.5520308006693,37.217698891957596,Month-to-month,Fiber optic,Electronic check,85.9,2199.05
4237-RLAQD,0.7534007,High Risk,1,0.0,80.99453605766122,12.746632496515911,Month-to-month,DSL,Mailed check,45.85,45.85
9957-YODKZ,0.8632685,High Risk,6,0.16666666666666666,66.77333180317656,12.669908603032429,Month-to-month,Fiber optic,Electronic check,80.8,457.1
6518-KZXCB,0.06743969,Low Risk,22,0.0,0.0,55.79468290011088,Two year,No,Mailed check,25.25,566.5
2245-ADZFJ,0.070538424,Low Risk,31,0.6666666666666666,17.366868832927693,72.72307991981506,Two year,DSL,Bank transfer (automatic),80.55,2471.6
7776-QGYJC,0.47058734,Medium Risk,39,0.3333333333333333,60.67987779988698,49.387298027674355,Month-to-month,Fiber optic,Bank transfer (automatic),81.5,3107.3
9313-QOLTZ,0.15886305,Low Risk,26,0.0,0.0,52.89017995198567,Month-to-month,No,Mailed check,20.9,518.3
9651-GTSAQ,0.49553847,Medium Risk,53,0.8333333333333334,6.09345400328958,63.97307634353637,One year,Fiber optic,Bank transfer (automatic),106.1,5769.75
3186-BAXNB,0.8097962,High Risk,1,0.5,40.408435378503626,19.92685596148173,Month-to-month,Fiber optic,Electronic check,91.7,91.7
4672-FOTSD,0.4697291,Medium Risk,12,0.5,60.611822053762936,41.51354670524597,Month-to-month,DSL,Electronic check,67.25,832.3
0637-YLETY,0.72238165,High Risk,16,0.5,32.588169835434954,30.547584096590676,Month-to-month,Fiber optic,Credit card (automatic),95.6,1555.65
9818-XQCUV,0.3423093,Medium Risk,2,0.0,0.0,33.717868526776634,Month-to-month,No,Mailed check,20.35,45.3
7338-ERIVA,0.12749338,Low Risk,39,0.5,48.40636622222627,69.8753309249878,One year,DSL,Bank transfer (automatic),45.05,1790.6
1157-BQCUW,0.90677655,High Risk,1,0.0,80.99453605766122,5.077839295069377,Month-to-month,Fiber optic,Electronic check,74.95,74.95
8259-NFJTV,0.42058972,Medium Risk,7,0.3333333333333333,71.75541747592861,38.55384906133016,Month-to-month,DSL,Mailed check,34.65,246.6
3223-DWFIO,0.7336438,High Risk,4,0.0,80.99453605766122,14.98447815577189,Month-to-month,Fiber optic,Electronic check,69.35,261.65
2660-EMUBI,0.8720902,High Risk,10,0.3333333333333333,34.60391825838295,17.228822310765583,Month-to-month,Fiber optic,Electronic check,95.35,898.35
6968-GMKPR,0.5493354,Medium Risk,55,0.3333333333333333,55.629736381010886,52.11656232674916,Month-to-month,Fiber optic,Electronic check,81.55,4509.5
4751-ERMAN,0.073246635,Low Risk,72,0.6666666666666666,9.239118581732612,89.67100044091542,Two year,DSL,Bank transfer (automatic),75.4,5480.25
1436-ZMJAN,0.47566953,Medium Risk,10,0.5,20.382714003898286,40.38319150606792,Month-to-month,DSL,Credit card (automatic),67.8,653.15
3292-PBZEJ,0.79752743,High Risk,11,0.8333333333333334,3.145664578443032,31.373628377914432,Month-to-month,Fiber optic,Electronic check,111.4,1183.05
0799-DDIHE,0.5053428,Medium Risk,15,0.0,80.99453605766122,30.982860922813416,Month-to-month,DSL,Electronic check,46.3,639.45
3070-FNFZQ,0.052427478,Low Risk,23,0.0,0.0,56.96195979913076,Two year,No,Bank transfer (automatic),20.4,478.75
2812-SFXMJ,0.5898857,Medium Risk,1,0.0,0.0,20.922381083170574,Month-to-month,No,Mailed check,20.05,20.05
7675-OZCZG,0.7167799,High Risk,3,0.0,80.99453605766122,15.411005616188051,Month-to-month,DSL,Electronic check,45.0,127.1
5014-WUQMG,0.3722331,Medium Risk,47,0.6666666666666666,29.44250525699192,64.30501202742258,One year,Fiber optic,Electronic check,96.1,4391.45
5312-TSZVC,0.11018207,Low Risk,15,0.0,0.0,50.74089765548706,One year,No,Mailed check,19.65,270.6
2003-CKLOR,0.55944246,Medium Risk,66,0.6666666666666666,9.239118581732612,62.861210306485496,Month-to-month,Fiber optic,Electronic check,99.5,6710.5
0993-OSGPT,0.11994577,Low Risk,68,0.5,49.53628237772131,82.33604510625203,One year,DSL,Bank transfer (automatic),60.65,3975.9
9254-RBFON,0.40148738,Medium Risk,17,0.6666666666666666,14.289260000608706,50.3422991434733,One year,Fiber optic,Bank transfer (automatic),98.6,1704.95
1205-WNWPJ,0.46103996,Medium Risk,7,0.3333333333333333,51.5520308006693,36.53133531411489,Month-to-month,DSL,Mailed check,59.5,415.95
9391-EOYLI,0.79828495,High Risk,12,0.16666666666666666,57.95296951208529,18.41908593972524,Month-to-month,Fiber optic,Electronic check,80.45,950.2
7108-DGVUU,0.274687,Low Risk,21,0.5,32.588169835434954,55.015650391578674,One year,DSL,Bank transfer (automatic),71.7,1497.05
2782-JEEBU,0.41338733,Medium Risk,21,0.3333333333333333,63.75748663220597,44.747301737467446,Month-to-month,DSL,Mailed check,36.0,780.15
5127-BZENZ,0.1043966,Low Risk,56,0.3333333333333333,54.49982022551585,74.78017091751099,One year,DSL,Bank transfer (automatic),65.2,3512.15
2720-FVBQP,0.5574711,Medium Risk,6,0.0,80.99453605766122,24.626445174217224,Month-to-month,DSL,Credit card (automatic),48.95,273.25
9906-NHHVC,0.14357115,Low Risk,65,0.6666666666666666,9.239118581732612,83.23810974756876,Two year,DSL,Bank transfer (automatic),53.5,3517.9
4522-XRWWI,0.21959107,Low Risk,42,0.6666666666666666,25.364799676650335,69.85377927621205,One year,DSL,Credit card (automatic),80.45,3375.9
3766-EJLFL,0.29430002,Low Risk,68,0.8333333333333334,11.143595422165674,80.28499901294708,Two year,Fiber optic,Bank transfer (automatic),109.05,7508.55
5939-SXWHM,0.057675093,Low Risk,48,0.0,0.0,67.11624383926392,Two year,No,Bank transfer (automatic),26.3,1245.05
8152-UOBNY,0.5232547,Medium Risk,50,0.6666666666666666,17.366868832927693,58.00393203894297,One year,Fiber optic,Electronic check,106.8,5347.95
7351-KYHQH,0.5522775,Medium Risk,7,0.5,32.280685127308544,35.30279139677683,Month-to-month,DSL,Electronic check,64.95,493.65
7643-RCHXS,0.07766668,Low Risk,63,0.0,0.0,72.3666650056839,Two year,No,Electronic check,19.35,1263.85
8246-SHFGA,0.23402825,Low Risk,17,0.0,0.0,45.38192232449849,Month-to-month,No,Credit card (automatic),21.1,385.55
8387-MOJJT,0.5435778,Medium Risk,42,0.16666666666666666,57.64548480395888,43.65444382031759,Month-to-month,Fiber optic,Credit card (automatic),77.95,3384.0
0620-XEFWH,0.21891981,Low Risk,4,0.0,0.0,40.72067598501841,Month-to-month,No,Mailed check,18.85,84.2
6485-QXWWE,0.049984932,Low Risk,62,0.0,0.0,73.33408673604329,Two year,No,Bank transfer (automatic),26.0,1638.7
2761-OCIAX,0.8199342,High Risk,2,0.16666666666666666,69.85094063549555,13.169957200686136,Month-to-month,Fiber optic,Electronic check,74.7,165.4
7321-VGNKU,0.81789035,High Risk,2,0.0,80.99453605766122,9.938816030820211,Month-to-month,Fiber optic,Electronic check,70.35,120.25
5327-CNLUQ,0.10214865,Low Risk,48,0.6666666666666666,29.135020548865512,78.22590072949727,Two year,Fiber optic,Bank transfer (automatic),96.9,4473.45
7552-KEYGT,0.05671919,Low Risk,27,0.0,0.0,58.41404080390931,Two year,No,Bank transfer (automatic),19.55,520.55
5816-JMLGY,0.054961704,Low Risk,70,0.8333333333333334,3.145664578443032,93.08524926503499,Two year,DSL,Bank transfer (automatic),80.4,5717.85
3068-OMWZA,0.9170813,High Risk,1,0.3333333333333333,43.42428054947422,11.229268511136373,Month-to-month,Fiber optic,Electronic check,88.8,88.8
2927-QRRQV,0.49207586,Medium Risk,46,0.5,32.280685127308544,54.56287364164988,One year,Fiber optic,Electronic check,94.65,4312.5
6032-KRXXO,0.7218432,High Risk,30,0.3333333333333333,34.60391825838295,33.07450751463572,Month-to-month,Fiber optic,Electronic check,90.25,2755.35
7459-RRWQZ,0.44286412,Medium Risk,15,0.3333333333333333,54.80730493364226,40.7734606663386,Month-to-month,DSL,Bank transfer (automatic),64.65,994.55
6265-SXWBU,0.1971395,Low Risk,69,0.5,32.280685127308544,78.89302492141724,One year,Fiber optic,Credit card (automatic),95.75,6511.25
7941-RCJOW,0.06783585,Low Risk,65,0.0,0.0,73.69153996308644,Two year,No,Credit card (automatic),19.55,1218.65
6374-NTQLP,0.1529877,Low Risk,72,0.8333333333333334,11.143595422165674,89.01728073755902,Two year,Fiber optic,Credit card (automatic),104.1,7447.7
4154-AQUGT,0.73953205,High Risk,13,0.5,40.715920086630035,28.44006399313609,Month-to-month,Fiber optic,Bank transfer (automatic),89.05,1169.35
2387-KDZQY,0.107082956,Low Risk,17,0.0,0.0,51.72918518384297,One year,No,Mailed check,20.1,279.5
3584-WKTTW,0.5062859,Medium Risk,51,0.8333333333333334,11.143595422165674,62.60237137476603,One year,Fiber optic,Electronic check,111.55,5720.35
3399-BMLVW,0.05950802,Low Risk,51,0.5,60.611822053762936,78.27459871768951,Two year,DSL,Credit card (automatic),60.5,3121.45
1971-DTCZB,0.039143376,Low Risk,72,1.0,0.0,98.04283082485199,Two year,DSL,Bank transfer (automatic),90.95,6468.6
3092-IGHWF,0.38210285,Medium Risk,67,0.3333333333333333,55.629736381010886,65.47819097836812,One year,Fiber optic,Electronic check,87.4,5918.8
3374-PZLXD,0.17137733,Low Risk,34,0.0,0.0,55.59780160586038,Month-to-month,No,Mailed check,19.7,675.6
3813-DHBBB,0.058409903,Low Risk,67,0.6666666666666666,37.570255508187,88.32950353622437,Two year,DSL,Bank transfer (automatic),50.95,3521.7
2812-REYAT,0.08234762,Low Risk,49,0.0,0.0,66.29928509394327,One year,No,Bank transfer (automatic),20.05,923.1
6518-PPLMZ,0.067080915,Low Risk,53,0.0,0.0,68.7292875846227,Two year,No,Mailed check,19.4,1110.35
4939-KYYPY,0.27429593,Low Risk,27,0.3333333333333333,60.67987779988698,54.20187036196391,Month-to-month,DSL,Electronic check,59.45,1611.65
8017-LXHFA,0.7619688,High Risk,23,0.5,23.460322836217273,31.48489375909169,Month-to-month,Fiber optic,Electronic check,94.75,2293.6
5930-GBIWP,0.05959493,Low Risk,69,0.8333333333333334,23.349051253702342,92.43692020575205,Two year,DSL,Credit card (automatic),81.5,5553.25
6022-KOUQO,0.62924904,High Risk,2,0.16666666666666666,74.90108205437164,22.7042148510615,Month-to-month,DSL,Bank transfer (automatic),29.05,44.75
6352-TWCAU,0.7352259,High Risk,35,0.16666666666666666,57.64548480395888,31.15537087122599,Month-to-month,Fiber optic,Electronic check,86.45,3029.1
2361-UPSND,0.18599263,Low Risk,46,0.6666666666666666,37.570255508187,73.20037007331848,One year,DSL,Mailed check,70.6,3231.05
6035-RIIOM,0.19903284,Low Risk,54,0.5,23.460322836217273,72.54835784435272,Two year,Fiber optic,Bank transfer (automatic),97.2,5129.45
2929-QNSRW,0.52750134,Medium Risk,56,0.5,23.460322836217273,56.95826609929403,One year,Fiber optic,Electronic check,98.25,5508.35
1262-OPMFY,0.7379063,High Risk,9,0.16666666666666666,66.77333180317656,20.18801947434743,Month-to-month,Fiber optic,Bank transfer (automatic),75.75,655.9
9504-DSHWM,0.30722708,Medium Risk,20,0.3333333333333333,71.75541747592861,49.63864624500275,Month-to-month,DSL,Bank transfer (automatic),59.2,1191.2
5035-BVCXS,0.7024636,High Risk,11,0.16666666666666666,69.85094063549555,22.793485323588055,Month-to-month,Fiber optic,Mailed check,75.9,866.4
6267-DCFFZ,0.7396125,High Risk,30,0.3333333333333333,46.501889381793205,32.18604067961375,Month-to-month,Fiber optic,Electronic check,90.05,2627.2
3533-UVMOM,0.08216997,Low Risk,68,0.6666666666666666,29.44250525699192,87.55816916624704,Two year,DSL,Bank transfer (automatic),70.95,4741.45
2439-LYPMQ,0.7664079,High Risk,38,0.6666666666666666,9.239118581732612,40.84627131621043,Month-to-month,Fiber optic,Electronic check,102.6,4009.2
4248-QPAVC,0.64184976,High Risk,17,0.3333333333333333,63.62766722473353,31.657512187957764,Month-to-month,Fiber optic,Bank transfer (automatic),85.35,1463.45
1899-VXWXM,0.547022,Medium Risk,48,0.6666666666666666,9.239118581732612,55.98223408063252,One year,Fiber optic,Credit card (automatic),106.1,5082.8
1478-VPOAD,0.72866285,High Risk,1,0.0,80.99453605766122,13.983524243036907,Month-to-month,DSL,Electronic check,43.8,43.8
9995-HOTOH,0.15243877,Low Risk,63,0.8333333333333334,6.09345400328958,85.29472867647807,Two year,DSL,Electronic check,59.0,3707.6
2988-PLAHS,0.524689,Medium Risk,3,0.5,20.382714003898286,35.01554906368256,One year,DSL,Electronic check,69.95,220.45
1371-OJCEK,0.095176,Low Risk,48,0.0,0.0,65.24120092391968,One year,No,Bank transfer (automatic),24.35,1133.7
4999-IEZLT,0.11979799,Low Risk,66,0.16666666666666666,74.90108205437164,74.84343310197194,One year,DSL,Credit card (automatic),29.45,1983.15
8883-ANODQ,0.09757031,Low Risk,68,0.3333333333333333,55.629736381010886,80.1214849948883,Two year,Fiber optic,Credit card (automatic),84.4,5746.75
4690-LLKUA,0.5834291,Medium Risk,17,0.0,80.99453605766122,27.911878426869706,Month-to-month,DSL,Electronic check,45.05,770.6
2351-RRBUE,0.17448233,Low Risk,7,0.0,0.0,44.19254938761393,One year,No,Mailed check,20.65,134.05
5980-BDHPY,0.03985276,Low Risk,72,1.0,0.0,98.0073630809784,Two year,DSL,Bank transfer (automatic),87.1,6230.1
1498-DQNRX,0.15970933,Low Risk,29,0.0,0.0,54.09786661465963,Month-to-month,No,Mailed check,19.85,573.05
9469-WEJBT,0.55277085,Medium Risk,37,0.5,37.63831125431105,47.77812401453654,Month-to-month,Fiber optic,Electronic check,90.35,3419.3
3331-HQDTW,0.5356931,Medium Risk,34,0.8333333333333334,6.09345400328958,54.04867788155874,Month-to-month,Fiber optic,Mailed check,109.8,3587.25
9490-DFPMD,0.7256697,High Risk,42,0.16666666666666666,57.64548480395888,34.549849232037865,Month-to-month,Fiber optic,Electronic check,84.65,3541.35
2581-VKIRT,0.085507974,Low Risk,59,0.5,60.611822053762936,80.3079338868459,One year,DSL,Mailed check,65.5,3801.3
5442-XSDCW,0.7371477,High Risk,11,0.16666666666666666,57.64548480395888,21.059282223383587,Month-to-month,Fiber optic,Bank transfer (automatic),79.5,868.5
7426-WEIJX,0.40932602,Medium Risk,60,0.16666666666666666,77.84887147921819,57.86703248818716,Month-to-month,Fiber optic,Electronic check,80.95,4859.1
2851-MMUTZ,0.2768513,Low Risk,27,0.3333333333333333,63.75748663220597,54.074101845423385,Month-to-month,DSL,Mailed check,56.15,1439.35
3049-NDXFL,0.8818187,High Risk,1,0.16666666666666666,57.95296951208529,9.659064412117004,Month-to-month,Fiber optic,Mailed check,85.8,85.8
8580-AECUZ,0.9077965,High Risk,1,0.16666666666666666,57.64548480395888,8.360174894332886,Month-to-month,Fiber optic,Electronic check,79.1,79.1
3307-TLCUD,0.37359354,Medium Risk,17,0.3333333333333333,63.62766722473353,45.070321559906,Month-to-month,DSL,Mailed check,34.4,592.75
6625-FLENO,0.052056447,Low Risk,58,0.0,0.0,71.56384507815044,Two year,No,Mailed check,20.75,1185.95
2967-MXRAV,0.17587751,Low Risk,1,0.0,0.0,41.62279109160105,One year,No,Mailed check,18.8,18.8
7963-GQRMY,0.60783315,High Risk,3,0.0,80.99453605766122,20.85834264755249,Month-to-month,DSL,Mailed check,44.3,134.5
8189-HBVRW,0.41515213,Medium Risk,53,0.5,52.484071802567854,61.32572670777638,Month-to-month,Fiber optic,Electronic check,90.8,4921.2
4163-KIUHY,0.22955148,Low Risk,35,0.0,0.0,53.10575862725575,Month-to-month,No,Electronic check,25.6,901.25
1228-FZFRV,0.5818261,Medium Risk,50,0.6666666666666666,17.237049425455254,55.07536212603251,Month-to-month,Fiber optic,Credit card (automatic),105.95,5341.8
3500-NSDOA,0.096117355,Low Risk,68,0.5,40.715920086630035,83.52746446927388,Two year,DSL,Credit card (automatic),70.8,4859.95
1171-TYKUR,0.2148451,Low Risk,47,0.0,0.0,58.84107728799184,Month-to-month,No,Electronic check,25.4,1139.2
3761-FLYZI,0.5150668,Medium Risk,65,0.6666666666666666,9.239118581732612,64.66332654158273,Month-to-month,Fiber optic,Bank transfer (automatic),108.8,7082.45
2058-DCJBE,0.80264544,High Risk,5,0.0,80.99453605766122,11.951061089833576,Month-to-month,Fiber optic,Electronic check,69.75,324.6
5364-XYIRR,0.7177224,High Risk,51,0.3333333333333333,34.60391825838295,42.03054587046305,Month-to-month,Fiber optic,Electronic check,94.65,4812.75
4829-AUOAX,0.606632,High Risk,46,0.3333333333333333,34.60391825838295,45.5017336209615,Month-to-month,Fiber optic,Bank transfer (automatic),96.05,4399.5
1219-NNDDO,0.8169191,High Risk,9,0.0,80.99453605766122,12.904045581817627,Month-to-month,Fiber optic,Electronic check,76.85,663.55
8388-DMKAE,0.07432675,Low Risk,8,0.0,0.0,49.616995652516685,Two year,No,Mailed check,20.25,174.65
4403-BWPAY,0.15102285,Low Risk,14,0.0,0.0,48.28219075997671,One year,No,Credit card (automatic),24.8,321.7
9659-QEQSY,0.54593104,Medium Risk,45,1.0,0.0,61.453447937965386,Month-to-month,Fiber optic,Electronic check,115.65,5125.5
5405-ZMYXQ,0.78527814,High Risk,8,0.0,80.99453605766122,14.069426258405048,Month-to-month,Fiber optic,Credit card (automatic),74.6,548.9
5047-LHVLY,0.78807217,High Risk,1,0.16666666666666666,66.77333180317656,14.346391558647156,Month-to-month,DSL,Mailed check,50.15,50.15
1442-OKRJE,0.32829753,Medium Risk,66,0.8333333333333334,6.09345400328958,77.75179187456767,One year,Fiber optic,Bank transfer (automatic),103.15,7031.3
4737-AQCPU,0.07101801,Low Risk,72,0.6666666666666666,46.390617799278274,89.78243430455525,Two year,DSL,Credit card (automatic),72.1,5016.65
9158-VCTQB,0.5554561,Medium Risk,41,1.0,0.0,59.3105282386144,Month-to-month,Fiber optic,Bank transfer (automatic),113.6,4594.95
2808-CHTDM,0.06530244,Low Risk,23,0.0,0.0,56.31821175416311,Two year,No,Mailed check,25.1,611.45
6311-UEUME,0.7124745,High Risk,29,0.16666666666666666,57.64548480395888,29.792940417925518,Month-to-month,Fiber optic,Electronic check,78.9,2384.15
0793-TWELN,0.7918398,High Risk,4,0.16666666666666666,77.84887147921819,15.408011078834532,Month-to-month,Fiber optic,Electronic check,80.15,319.85
3283-WCWXT,0.076846555,Low Risk,6,0.0,0.0,48.65767300128937,Two year,No,Mailed check,25.4,153.3
1060-ENTOF,0.31456065,Medium Risk,67,0.8333333333333334,23.349051253702342,78.85530074437459,One year,Fiber optic,Credit card (automatic),105.4,7035.6
0999-QXNSA,0.5096483,Medium Risk,7,0.0,80.99453605766122,27.434250513712566,Month-to-month,DSL,Mailed check,45.75,344.2
5451-MHQOF,0.09687996,Low Risk,56,0.0,0.0,68.48933537801108,One year,No,Mailed check,24.45,1431.65
4836-WNFNO,0.044174243,Low Risk,72,0.0,0.0,77.79128730297089,Two year,No,Credit card (automatic),25.0,1849.2
9225-BZLNZ,0.083668396,Low Risk,72,0.8333333333333334,6.09345400328958,92.4832461277644,Two year,DSL,Electronic check,85.25,6083.1
0354-VXMJC,0.055271078,Low Risk,23,0.0,0.0,56.81977887948354,Two year,No,Credit card (automatic),19.6,426.65
4422-QVIJA,0.26155213,Low Risk,35,0.0,80.99453605766122,51.50572856267293,Month-to-month,DSL,Mailed check,50.15,1655.35
9365-SRSZE,0.62498367,High Risk,27,0.0,80.99453605766122,30.000816583633423,Month-to-month,Fiber optic,Electronic check,70.55,1943.9
6839-ITVZJ,0.38593653,Medium Risk,26,0.3333333333333333,63.75748663220597,48.20317506790161,Month-to-month,DSL,Electronic check,60.05,1616.15
8332-OSJDW,0.19239393,Low Risk,12,0.0,0.0,45.38030505180359,One year,No,Mailed check,26.4,314.95
4735-BJKOU,0.054424357,Low Risk,40,0.0,0.0,63.94544939200083,Two year,No,Mailed check,20.15,804.85
0274-JKUJR,0.42966828,Medium Risk,7,0.8333333333333334,6.09345400328958,48.09991796811422,Month-to-month,DSL,Mailed check,58.85,465.7
5740-YHGTW,0.41529638,Medium Risk,70,0.5,43.35622480335017,68.40184787909189,Month-to-month,Fiber optic,Credit card (automatic),97.55,6669.05
8917-SZTTJ,0.060995482,Low Risk,60,0.0,0.0,71.95022702217102,Two year,No,Credit card (automatic),19.65,1161.75
1696-MZVAU,0.1868916,Low Risk,39,0.0,80.99453605766122,56.90541923046112,One year,DSL,Credit card (automatic),25.25,947.75
7359-WWYJV,0.05772937,Low Risk,72,1.0,0.0,97.11353182792664,Two year,Fiber optic,Credit card (automatic),114.45,8375.05
0375-HVGXO,0.8278956,High Risk,1,0.16666666666666666,57.64548480395888,12.355220913887024,Month-to-month,DSL,Electronic check,34.7,34.7
4906-ZHGPK,0.20792814,Low Risk,54,0.5,40.408435378503626,72.10359394550323,One year,DSL,Electronic check,70.7,3770.0
8593-WHYHV,0.8797428,High Risk,3,0.16666666666666666,57.95296951208529,10.596193273862204,Month-to-month,Fiber optic,Electronic check,85.3,264.8
3795-GWTRD,0.064512104,Low Risk,63,0.8333333333333334,23.041566545575932,89.69105998675029,Two year,DSL,Credit card (automatic),75.55,4707.85
1298-PHBTI,0.11352948,Low Risk,71,0.3333333333333333,63.75748663220597,80.57352483272552,Two year,Fiber optic,Electronic check,84.8,6152.4
6223-DHJGV,0.07524474,Low Risk,42,0.0,0.0,63.73776376247407,One year,No,Mailed check,20.65,958.1
6961-MJKBO,0.056852393,Low Risk,47,0.0,0.0,66.74071331818898,Two year,No,Bank transfer (automatic),20.45,943.0
6097-EQISJ,0.40133578,Medium Risk,66,0.6666666666666666,9.239118581732612,70.76654454072315,One year,Fiber optic,Credit card (automatic),102.45,6615.15
4423-YLHDV,0.7521412,High Risk,21,0.6666666666666666,17.237049425455254,34.47627445062002,Month-to-month,Fiber optic,Bank transfer (automatic),104.4,2200.25
8158-WPEZG,0.57559675,Medium Risk,11,0.3333333333333333,63.75748663220597,32.47016251087189,Month-to-month,DSL,Electronic check,35.65,425.1
0107-YHINA,0.91601443,High Risk,1,0.5,20.382714003898286,14.615945021311443,Month-to-month,Fiber optic,Electronic check,99.75,99.75
4918-FYJNT,0.42312443,Medium Risk,55,0.5,49.53628237772131,61.76044503847757,Month-to-month,Fiber optic,Electronic check,90.45,5044.8
0727-BNRLG,0.1306738,Low Risk,69,0.6666666666666666,26.187231124018965,85.54964502652486,Two year,Fiber optic,Credit card (automatic),97.65,6743.55
4854-CIDCF,0.75892574,High Risk,3,0.16666666666666666,66.77333180317656,16.637046535809834,Month-to-month,Fiber optic,Electronic check,73.85,196.4
8640-SDGKB,0.6438828,High Risk,4,0.6666666666666666,14.289260000608706,32.805859446525574,Month-to-month,DSL,Electronic check,74.4,299.7
3280-MRDOF,0.10954016,Low Risk,30,0.5,37.33082654618464,67.02299177646637,Two year,DSL,Credit card (automatic),69.1,2093.9
6435-SRWBJ,0.8502561,High Risk,5,0.3333333333333333,60.67987779988698,16.23719573020935,Month-to-month,Fiber optic,Electronic check,82.75,417.75
9964-WBQDJ,0.04575421,Low Risk,71,0.0,0.0,77.29562362035117,Two year,No,Credit card (automatic),24.4,1725.4
6303-KFWSL,0.21049027,Low Risk,29,0.16666666666666666,69.85094063549555,54.89215234915415,One year,DSL,Electronic check,55.25,1620.2
1702-CCFNJ,0.21815823,Low Risk,52,0.3333333333333333,63.75748663220597,67.42542107899983,Month-to-month,DSL,Bank transfer (automatic),61.35,3169.55
8932-CZHRQ,0.21263987,Low Risk,68,0.6666666666666666,29.44250525699192,81.03467325369516,One year,DSL,Credit card (automatic),76.75,5233.25
0386-CWRGM,0.056481317,Low Risk,46,0.0,0.0,66.3426015774409,Two year,No,Mailed check,19.4,967.85
5515-RUGKN,0.5246651,Medium Risk,8,0.16666666666666666,57.95296951208529,30.433410803476967,Month-to-month,DSL,Credit card (automatic),54.75,438.05
0404-AHASP,0.0472382,Low Risk,72,0.0,0.0,77.63808846473694,Two year,No,Credit card (automatic),19.7,1421.9
7279-NMVJC,0.11313845,Low Risk,17,0.0,0.0,51.42641146977742,One year,No,Bank transfer (automatic),19.9,323.15
2081-VEYEH,0.79341316,High Risk,3,0.8333333333333334,3.145664578443032,28.246008555094406,Month-to-month,Fiber optic,Electronic check,107.95,318.6
6407-UTSLV,0.8437876,High Risk,2,0.3333333333333333,46.501889381793205,15.310619473457338,Month-to-month,Fiber optic,Bank transfer (automatic),83.8,163.7
4116-TZAQJ,0.7024757,High Risk,9,0.16666666666666666,77.84887147921819,21.95954700311025,Month-to-month,Fiber optic,Credit card (automatic),74.25,639.65
9060-HJJRW,0.31953686,Medium Risk,51,0.6666666666666666,9.239118581732612,68.60649009545644,One year,DSL,Credit card (automatic),56.4,2928.5
2587-YNLES,0.06485546,Low Risk,6,0.0,0.0,49.257227182388306,Two year,No,Mailed check,20.1,100.35
7398-SKNQZ,0.8436072,High Risk,3,0.3333333333333333,34.60391825838295,15.736307303110758,Month-to-month,Fiber optic,Electronic check,94.9,273.2
5935-FCCNB,0.79961175,High Risk,17,0.3333333333333333,34.60391825838295,23.769412636756897,Month-to-month,Fiber optic,Electronic check,94.2,1608.15
1958-RNRKS,0.30366376,Medium Risk,30,0.0,80.99453605766122,47.316813468933105,Month-to-month,DSL,Electronic check,49.9,1441.95
5136-RGMZO,0.36984858,Medium Risk,31,0.5,40.408435378503626,54.42423621813456,Month-to-month,DSL,Electronic check,71.05,2168.15
8345-MVDYC,0.059205364,Low Risk,45,0.8333333333333334,11.143595422165674,82.45639900366466,Two year,DSL,Bank transfer (automatic),81.65,3618.7
8226-BXGES,0.14684471,Low Risk,64,0.5,52.484071802567854,79.32442943255106,One year,Fiber optic,Bank transfer (automatic),89.45,5692.65
3877-JRJIP,0.7999163,High Risk,1,0.16666666666666666,57.64548480395888,13.754183650016785,Month-to-month,DSL,Electronic check,59.85,59.85
8375-DKEBR,0.8975748,High Risk,1,0.0,80.99453605766122,5.537927548090617,Month-to-month,Fiber optic,Electronic check,69.6,69.6
9705-IOVQQ,0.39115217,Medium Risk,61,0.5,23.460322836217273,65.85905949274698,One year,Fiber optic,Electronic check,99.0,5969.3
1015-OWJKI,0.4012519,Medium Risk,1,0.0,0.0,30.354071060816445,Month-to-month,No,Mailed check,19.05,19.05
7511-YMXVQ,0.70781463,High Risk,9,0.3333333333333333,34.60391825838295,25.02593497435252,Month-to-month,DSL,Electronic check,45.4,418.8
2040-XBAVJ,0.054194137,Low Risk,72,1.0,0.0,97.2902923822403,Two year,Fiber optic,Bank transfer (automatic),114.45,8100.55
7551-JOHTI,0.5407025,Medium Risk,1,0.0,0.0,23.381540576616924,Month-to-month,No,Mailed check,19.5,19.5
8887-IPQNC,0.50033253,Medium Risk,7,0.0,80.99453605766122,27.900039951006573,Month-to-month,DSL,Mailed check,44.25,313.45
8646-JCOMS,0.17550468,Low Risk,66,0.5,49.53628237772131,78.72476577758788,One year,Fiber optic,Bank transfer (automatic),90.55,6130.95
9804-ICWBG,0.89412373,High Risk,1,0.0,80.99453605766122,5.710480014483134,Month-to-month,Fiber optic,Electronic check,69.9,69.9
1222-KJNZD,0.1649868,Low Risk,40,0.0,0.0,58.417327205340065,Month-to-month,No,Bank transfer (automatic),20.4,745.3
0106-GHRQR,0.46709976,Medium Risk,16,0.5,32.588169835434954,43.31167737642924,Month-to-month,DSL,Bank transfer (automatic),71.4,1212.1
5318-IXUZF,0.85359645,High Risk,2,0.3333333333333333,46.501889381793205,14.82017755508423,Month-to-month,Fiber optic,Bank transfer (automatic),87.15,183.75
3768-VHXQO,0.049494397,Low Risk,67,0.0,0.0,75.4419473807017,Two year,No,Credit card (automatic),24.85,1583.5
8952-WCVCD,0.4888109,Medium Risk,41,0.8333333333333334,6.09345400328958,59.30945515632629,One year,Fiber optic,Bank transfer (automatic),104.45,4162.05
2418-TPEUN,0.058665533,Low Risk,56,0.0,0.0,70.40005763371786,Two year,No,Credit card (automatic),19.8,1119.9
3963-RYFNS,0.062426094,Low Risk,72,1.0,0.0,96.87869548797607,Two year,Fiber optic,Bank transfer (automatic),116.45,8013.55
3198-VELRD,0.8690871,High Risk,3,0.16666666666666666,57.95296951208529,11.128978331883749,Month-to-month,Fiber optic,Bank transfer (automatic),84.75,264.85
8540-ZQGEA,0.06177615,Low Risk,54,0.0,0.0,69.41119194030762,Two year,No,Credit card (automatic),20.05,1102.4
1320-REHCS,0.6271445,High Risk,52,0.8333333333333334,3.145664578443032,56.97610755761464,Month-to-month,Fiber optic,Electronic check,110.75,5832.0
4137-JOPHL,0.085834615,Low Risk,50,0.5,37.63831125431105,76.54160221417744,Two year,Fiber optic,Bank transfer (automatic),89.7,4304.5
9436-ZBZCT,0.81359226,High Risk,14,0.3333333333333333,51.5520308006693,21.82038724422455,Month-to-month,Fiber optic,Electronic check,89.95,1178.4
7801-CEDNV,0.13703848,Low Risk,27,0.16666666666666666,77.84887147921819,57.731409867604576,One year,DSL,Credit card (automatic),48.7,1421.75
2057-BOYKM,0.06538594,Low Risk,72,0.6666666666666666,46.390617799278274,90.06403644879659,Two year,Fiber optic,Bank transfer (automatic),96.6,6827.5
3658-QQJYD,0.22246712,Low Risk,62,0.6666666666666666,20.31465825777424,78.04331044356027,One year,DSL,Credit card (automatic),74.3,4698.05
1803-BGNBD,0.5182079,Medium Risk,12,0.3333333333333333,63.75748663220597,35.756271282831825,Month-to-month,DSL,Electronic check,54.3,654.5
0134-XWXCE,0.2870605,Low Risk,44,0.6666666666666666,14.289260000608706,67.31364170710246,One year,DSL,Bank transfer (automatic),74.85,3268.05
6950-TWMYB,0.0738228,Low Risk,54,0.3333333333333333,63.75748663220597,75.4755268494288,Two year,Fiber optic,Bank transfer (automatic),79.95,4362.05
5848-FHRFC,0.04559797,Low Risk,68,0.0,0.0,76.05343480904897,Two year,No,Bank transfer (automatic),20.05,1386.9
2243-FNMMI,0.17474851,Low Risk,20,0.0,0.0,49.59590633710225,Month-to-month,No,Mailed check,19.4,415.4
2511-MORQY,0.15401505,Low Risk,50,0.16666666666666666,66.77333180317656,66.46591345469156,One year,DSL,Bank transfer (automatic),54.9,2614.1
5356-KZCKT,0.06036586,Low Risk,58,0.0,0.0,71.14837388197581,Two year,No,Credit card (automatic),24.45,1513.6
9470-XCCEM,0.5645839,Medium Risk,35,0.3333333333333333,46.501889381793205,43.02080512046814,Month-to-month,Fiber optic,Bank transfer (automatic),89.65,3161.6
6519-CFDBX,0.781375,High Risk,2,0.0,80.99453605766122,11.764583786328634,Month-to-month,DSL,Electronic check,45.4,80.95
3902-MIVLE,0.07561808,Low Risk,63,0.6666666666666666,34.492646675868016,85.80242892106374,Two year,DSL,Mailed check,75.7,4676.7
0409-WTMPL,0.42660668,Medium Risk,58,0.8333333333333334,6.09345400328958,69.50300057729086,One year,Fiber optic,Credit card (automatic),110.65,6526.65
8763-KIAFH,0.077040695,Low Risk,27,0.0,0.0,57.3979663848877,One year,No,Mailed check,20.55,583.3
3669-WHAFY,0.06978584,Low Risk,71,1.0,0.0,96.0940416653951,Two year,Fiber optic,Credit card (automatic),115.15,8078.1
3055-VTCGS,0.16164422,Low Risk,63,0.3333333333333333,43.73176525760063,74.83445564905801,One year,DSL,Credit card (automatic),58.55,3503.5
3144-KMTWZ,0.38253757,Medium Risk,71,0.5,32.588169835434954,70.45645316441855,Month-to-month,Fiber optic,Bank transfer (automatic),93.25,6669.45
7279-BUYWN,0.6002387,High Risk,41,0.8333333333333334,6.09345400328958,53.738065958023064,Month-to-month,Fiber optic,Electronic check,113.2,4689.5
7156-MHUGY,0.8238107,High Risk,13,0.3333333333333333,34.60391825838295,20.892798503239952,Month-to-month,Fiber optic,Electronic check,90.5,1201.15
7198-GLXTC,0.8089999,High Risk,2,0.16666666666666666,57.64548480395888,13.71667186419169,Month-to-month,Fiber optic,Electronic check,79.0,143.65
2007-QVGAW,0.06894664,Low Risk,68,0.0,0.0,74.88600035508473,Two year,No,Bank transfer (automatic),19.35,1292.65
5207-PLSTK,0.6950563,High Risk,1,0.16666666666666666,77.84887147921819,18.99718403816223,Month-to-month,DSL,Mailed check,48.75,48.75
2307-FYNNL,0.49298748,Medium Risk,65,0.8333333333333334,11.143595422165674,69.10062432289124,Two year,Fiber optic,Electronic check,109.05,7108.2
5605-XNWEN,0.045184765,Low Risk,72,0.0,0.0,77.74076044559479,Two year,No,Bank transfer (automatic),25.0,1802.55
2155-AMQRX,0.28074658,Low Risk,28,0.16666666666666666,74.90108205437164,50.96267104148865,Month-to-month,DSL,Credit card (automatic),54.9,1505.15
6181-AXXYF,0.042428292,Low Risk,72,0.0,0.0,77.87858426570892,Two year,No,Credit card (automatic),24.75,1859.1
5091-HFAZW,0.796436,High Risk,2,0.5,43.35622480335017,21.01153274377187,Month-to-month,Fiber optic,Electronic check,91.15,168.5
0516-VRYBW,0.119240716,Low Risk,18,0.0,0.0,51.5379649400711,One year,No,Bank transfer (automatic),20.15,390.85
2519-LBNQL,0.5674249,Medium Risk,60,0.6666666666666666,9.239118581732612,59.96208866437276,One year,Fiber optic,Electronic check,104.35,6339.45
8623-ULFNQ,0.40612745,Medium Risk,26,0.3333333333333333,51.85951550879571,47.19362735748291,Month-to-month,DSL,Electronic check,66.05,1652.4
8380-PEFPE,0.88812387,High Risk,1,0.0,80.99453605766122,6.010473171869914,Month-to-month,Fiber optic,Electronic check,71.65,71.65
5687-DKDTV,0.3168443,Medium Risk,4,0.0,0.0,35.82444945971171,Month-to-month,No,Mailed check,20.35,77.5
1568-LJSZU,0.05468364,Low Risk,68,1.0,0.0,95.59915204842886,Two year,DSL,Credit card (automatic),92.2,6392.85
7530-HDYDS,0.4789093,Medium Risk,38,0.5,49.53628237772131,51.887867649396256,Month-to-month,Fiber optic,Credit card (automatic),84.25,3264.5
7789-HKSBS,0.5153597,Medium Risk,42,0.6666666666666666,17.237049425455254,55.0653483470281,One year,Fiber optic,Bank transfer (automatic),105.2,4599.15
7416-CKTEP,0.06510189,Low Risk,57,0.0,0.0,70.49490690231323,Two year,No,Bank transfer (automatic),19.6,1134.25
2586-CWXVV,0.44432345,Medium Risk,54,0.16666666666666666,69.85094063549555,53.61716230710347,Month-to-month,DSL,Electronic check,30.4,1621.35
3096-IZETN,0.67624474,High Risk,12,0.16666666666666666,57.95296951208529,24.52109654744466,Month-to-month,Fiber optic,Bank transfer (automatic),78.1,947.3
2348-KCJLT,0.13511737,Low Risk,44,0.5,52.484071802567854,71.57746573289235,One year,DSL,Mailed check,61.5,2722.2
8401-EMUWF,0.2550096,Low Risk,42,0.5,43.35622480335017,64.74952042102814,Month-to-month,DSL,Bank transfer (automatic),69.4,3058.3
4193-IBKSW,0.04201419,Low Risk,72,0.0,0.0,77.8992909193039,Two year,No,Bank transfer (automatic),24.75,1769.6
5377-NDTOU,0.043468203,Low Risk,71,1.0,0.0,97.40992446740468,Two year,DSL,Mailed check,91.05,6293.75
5922-ABDVO,0.61224,High Risk,19,0.3333333333333333,43.73176525760063,33.97133251031239,Month-to-month,Fiber optic,Mailed check,89.65,1761.05
2474-LCNUE,0.3288316,Medium Risk,23,0.5,28.510464255093368,53.141752680142716,Month-to-month,DSL,Credit card (automatic),73.65,1642.75
0839-QNXME,0.06508407,Low Risk,30,0.0,0.0,59.245795011520386,Two year,No,Credit card (automatic),19.4,578.5
3506-OVLKD,0.11060713,Low Risk,35,0.0,0.0,59.052975972493485,One year,No,Bank transfer (automatic),26.2,954.9
9172-ANCRX,0.86873376,High Risk,10,0.5,31.458253679939915,20.72997848192851,Month-to-month,Fiber optic,Electronic check,98.7,973.25
6650-VJONK,0.75048625,High Risk,1,0.0,80.99453605766122,12.892353932062786,Month-to-month,DSL,Bank transfer (automatic),43.85,43.85
2178-PMGCJ,0.60692185,High Risk,22,0.0,80.99453605766122,28.820574084917705,Month-to-month,Fiber optic,Mailed check,69.7,1490.4
7492-TAFJD,0.087002374,Low Risk,7,0.5,52.484071802567854,58.56654683748881,Two year,DSL,Mailed check,38.55,280.0
2773-MADBQ,0.06489463,Low Risk,36,0.8333333333333334,23.349051253702342,78.4219358364741,Two year,DSL,Mailed check,53.1,1901.25
6016-LVTJQ,0.15682767,Low Risk,34,0.0,0.0,56.3252822558085,Month-to-month,No,Mailed check,20.65,716.4
7860-KSUGX,0.06034801,Low Risk,72,0.5,52.484071802567854,86.98259830474854,Two year,DSL,Credit card (automatic),64.45,4720.0
8966-KZXXA,0.06339053,Low Risk,36,0.0,0.0,61.830472350120544,Two year,No,Credit card (automatic),25.1,930.95
6910-HADCM,0.8703569,High Risk,1,0.16666666666666666,66.77333180317656,10.232154130935669,Month-to-month,Fiber optic,Electronic check,76.35,76.35
4816-LXZYW,0.7481176,High Risk,23,0.16666666666666666,69.85094063549555,25.510785380999245,Month-to-month,Fiber optic,Electronic check,79.15,1676.95
9606-PBKBQ,0.74240524,High Risk,32,0.16666666666666666,57.95296951208529,29.54640487829844,Month-to-month,Fiber optic,Electronic check,85.0,2642.05
5149-QYTTU,0.11667978,Low Risk,71,0.6666666666666666,46.390617799278274,87.08267728487651,One year,Fiber optic,Credit card (automatic),95.15,6770.85
2070-XYMFH,0.6116828,High Risk,23,0.16666666666666666,66.77333180317656,32.332528034845986,Month-to-month,Fiber optic,Mailed check,79.35,1835.3
2085-BOJKI,0.53489107,Medium Risk,17,0.5,20.382714003898286,40.338779886563614,One year,Fiber optic,Bank transfer (automatic),96.65,1588.25
0817-HSUSE,0.7011307,High Risk,1,0.6666666666666666,14.289260000608706,28.69346559047699,Month-to-month,DSL,Electronic check,75.5,75.5
5442-PPTJY,0.06508995,Low Risk,12,0.0,0.0,51.74550294876099,Two year,No,Mailed check,19.7,258.35
1927-QEWMY,0.040461227,Low Risk,72,0.0,0.0,77.9769378900528,Two year,No,Credit card (automatic),20.5,1502.25
1663-MHLHE,0.39468703,Medium Risk,1,0.0,0.0,30.68231383959452,Month-to-month,No,Mailed check,19.2,19.2
5663-QBGIS,0.114522144,Low Risk,72,0.5,23.460322836217273,84.27389204502106,Two year,Fiber optic,Bank transfer (automatic),98.35,6929.4
4450-MDZFX,0.3501884,Medium Risk,60,0.0,80.99453605766122,57.49058127403259,Month-to-month,Fiber optic,Bank transfer (automatic),74.35,4453.3
6701-DHKWQ,0.059663583,Low Risk,61,0.6666666666666666,26.187231124018965,85.76682031154633,Two year,DSL,Credit card (automatic),51.35,3244.4
7554-AKDQF,0.47700575,Medium Risk,6,0.0,80.99453605766122,28.649713993072513,Month-to-month,DSL,Mailed check,45.65,323.45
3536-IQCTX,0.6894537,High Risk,32,0.16666666666666666,57.95296951208529,32.19398061434428,Month-to-month,Fiber optic,Electronic check,85.3,2661.1
4911-BANWH,0.61461675,High Risk,31,0.16666666666666666,57.64548480395888,35.51916241645813,Month-to-month,Fiber optic,Credit card (automatic),86.55,2697.4
8496-EJAUI,0.6310888,High Risk,19,0.16666666666666666,69.85094063549555,29.695560336112976,Month-to-month,Fiber optic,Credit card (automatic),73.85,1424.5
0794-YVSGE,0.038351867,Low Risk,72,0.0,0.0,78.08240532875061,Two year,No,Bank transfer (automatic),20.3,1401.15
5423-BHIXO,0.3554422,Medium Risk,32,0.16666666666666666,69.85094063549555,48.894558350245156,Month-to-month,DSL,Electronic check,54.2,1739.6
6908-VVYHM,0.5350474,Medium Risk,65,0.3333333333333333,46.809374089919615,56.997629404067986,Month-to-month,Fiber optic,Electronic check,90.65,5931.0
2959-EEXWB,0.35282132,Medium Risk,45,0.5,31.458253679939915,61.10893249511719,Month-to-month,DSL,Bank transfer (automatic),50.9,2333.85
1839-UMACK,0.12168201,Low Risk,42,0.0,0.0,61.41590058803559,One year,No,Electronic check,25.05,949.85
3030-YDNRM,0.83500355,High Risk,8,0.0,80.99453605766122,11.583155592282612,Month-to-month,Fiber optic,Electronic check,74.85,572.45
7321-KKSDU,0.06123103,Low Risk,32,0.0,0.0,60.27178247769673,Two year,No,Mailed check,20.5,696.8
3402-XRIUO,0.3290316,Medium Risk,22,0.5,60.611822053762936,52.71508733431498,Month-to-month,DSL,Mailed check,63.55,1381.8
3132-TVFDZ,0.60333514,High Risk,57,0.3333333333333333,34.60391825838295,50.249909559885666,Month-to-month,DSL,Electronic check,44.85,2572.95
8286-AFUYI,0.69887096,High Risk,1,0.16666666666666666,77.84887147921819,18.80645215511322,Month-to-month,DSL,Electronic check,47.95,47.95
8080-DDEMJ,0.7797697,High Risk,1,0.0,80.99453605766122,11.428180734316507,Month-to-month,DSL,Electronic check,45.1,45.1
8356-WUAOJ,0.80155146,High Risk,1,0.0,80.99453605766122,10.339093605677286,Month-to-month,DSL,Electronic check,45.0,45.0
6365-MTGZX,0.72960764,High Risk,24,0.5,28.510464255093368,33.519617915153496,Month-to-month,Fiber optic,Electronic check,96.0,2122.45
1349-WXNGG,0.58445764,Medium Risk,1,0.0,0.0,21.193784872690838,Month-to-month,No,Bank transfer (automatic),20.05,20.05
8058-DMYRU,0.6239569,High Risk,54,0.3333333333333333,46.809374089919615,47.96882073084513,Month-to-month,Fiber optic,Electronic check,90.05,4931.8
9350-ZXYJC,0.10038104,Low Risk,4,0.0,0.0,46.647615830103554,Two year,No,Credit card (automatic),25.3,116.95
6990-YNRIO,0.42921242,Medium Risk,65,0.8333333333333334,11.143595422165674,72.289377450943,Two year,Fiber optic,Bank transfer (automatic),108.65,6937.95
8958-JPTRR,0.13091978,Low Risk,56,0.0,0.0,66.78734262784323,One year,No,Electronic check,24.3,1261.7
6959-GQEGV,0.33172888,Medium Risk,45,0.6666666666666666,17.237049425455254,65.4968895514806,Month-to-month,DSL,Electronic check,75.95,3273.8
3173-WSSUE,0.04567269,Low Risk,71,0.0,0.0,77.29969759782156,Two year,No,Credit card (automatic),19.7,1415.85
1265-HVPZB,0.11747432,Low Risk,59,0.6666666666666666,29.135020548865512,82.04295078913371,One year,DSL,Credit card (automatic),66.4,3958.2
4115-UMJFQ,0.178423,Low Risk,69,0.3333333333333333,55.629736381010886,76.49551729361215,One year,DSL,Bank transfer (automatic),35.75,2492.25
7369-TRPFD,0.0794797,Low Risk,19,0.0,0.0,53.9426819483439,One year,No,Mailed check,18.8,279.2
1098-KFQEC,0.07583868,Low Risk,55,0.0,0.0,69.12473241488138,Two year,No,Credit card (automatic),19.4,1083.0
7190-XHTWJ,0.072932184,Low Risk,38,0.0,0.0,62.186724146207176,One year,No,Mailed check,19.3,755.5
0621-TWIEM,0.59261644,Medium Risk,10,0.0,80.99453605766122,24.535844723383583,Month-to-month,DSL,Electronic check,45.55,402.6
3537-RYBHH,0.30387014,Medium Risk,47,0.5,52.484071802567854,64.38982625802358,Month-to-month,DSL,Credit card (automatic),67.45,3252.0
2485-ITVKB,0.81294703,High Risk,2,0.16666666666666666,57.95296951208529,13.519314924875895,Month-to-month,DSL,Electronic check,35.1,68.75
3669-OYSJI,0.70272803,High Risk,1,0.0,80.99453605766122,15.280265013376873,Month-to-month,DSL,Credit card (automatic),46.2,46.2
1612-EOHDH,0.7478468,High Risk,1,0.0,80.99453605766122,13.024327556292217,Month-to-month,DSL,Electronic check,45.15,45.15
6702-OHFWR,0.84625727,High Risk,1,0.5,32.588169835434954,18.103803197542828,Month-to-month,DSL,Electronic check,43.3,43.3
5296-BFCYD,0.05073861,Low Risk,46,0.0,0.0,66.62973503271739,Two year,No,Mailed check,20.1,936.85
4510-PYUSH,0.34903443,Medium Risk,38,0.3333333333333333,66.70527605705252,55.04827857017517,Month-to-month,DSL,Credit card (automatic),57.15,2250.65
9359-JANWS,0.06612089,Low Risk,65,0.5,57.53421322144395,83.77729018529256,Two year,DSL,Credit card (automatic),58.9,3857.1
7517-SAWMO,0.7019106,High Risk,19,0.16666666666666666,77.84887147921819,26.15446925163269,Month-to-month,Fiber optic,Electronic check,73.2,1441.1
4143-HHPMK,0.6107789,High Risk,52,0.3333333333333333,46.809374089919615,47.79438694318136,Month-to-month,Fiber optic,Electronic check,85.35,4338.6
3279-DYZQM,0.046343096,Low Risk,71,0.0,0.0,77.26617892583212,Two year,No,Mailed check,19.45,1378.45
7054-LGEQW,0.7039763,High Risk,1,0.0,80.99453605766122,15.217852989832561,Month-to-month,DSL,Mailed check,45.95,45.95
0523-VNGTF,0.43392596,Medium Risk,52,0.6666666666666666,26.187231124018965,63.3037006855011,Month-to-month,DSL,Electronic check,50.5,2566.3
9575-IWCAZ,0.17400706,Low Risk,6,0.0,0.0,43.799647092819214,One year,No,Mailed check,25.1,171.0
7105-MXJLL,0.23528166,Low Risk,26,0.3333333333333333,43.73176525760063,55.735917687416084,One year,DSL,Mailed check,60.7,1597.4
7064-FRRSW,0.55827403,Medium Risk,48,0.5,23.460322836217273,52.08629846572875,One year,Fiber optic,Electronic check,99.0,4744.35
7940-UQQUG,0.3085298,Medium Risk,64,0.6666666666666666,25.364799676650335,74.57351028919219,One year,Fiber optic,Bank transfer (automatic),104.4,6721.6
0923-PNFUB,0.776148,High Risk,3,0.3333333333333333,46.501889381793205,19.109265605608623,Month-to-month,Fiber optic,Electronic check,83.75,247.25
3961-SXAXY,0.7510092,High Risk,1,0.0,80.99453605766122,12.866205374399822,Month-to-month,DSL,Bank transfer (automatic),44.05,44.05
7010-BRBUU,0.03869398,Low Risk,72,0.0,0.0,78.06530177593231,Two year,No,Credit card (automatic),24.1,1734.65
3566-HJGPK,0.74762714,High Risk,1,0.0,80.99453605766122,13.035309712092083,Month-to-month,DSL,Mailed check,45.55,45.55
3062-ICYZQ,0.5272339,Medium Risk,51,0.5,43.66370951147658,54.88830506801605,Month-to-month,Fiber optic,Electronic check,93.8,4539.35
9938-PRCVK,0.055818792,Low Risk,41,0.0,0.0,64.29239352544148,Two year,No,Bank transfer (automatic),19.7,804.25
0973-KYVNF,0.071001574,Low Risk,72,0.6666666666666666,29.135020548865512,89.78325386842091,Two year,DSL,Credit card (automatic),70.65,5011.15
5129-HHMZC,0.056596186,Low Risk,43,0.8333333333333334,14.221204254484661,81.75352533658346,Two year,DSL,Credit card (automatic),86.45,3574.5
9637-CDTKZ,0.058419134,Low Risk,72,1.0,0.0,97.0790445804596,Two year,Fiber optic,Credit card (automatic),114.1,8086.4
3946-JEWRQ,0.47917044,Medium Risk,47,0.3333333333333333,34.60391825838295,52.29147791862487,One year,Fiber optic,Credit card (automatic),95.2,4563.0
7873-CVMAW,0.043049183,Low Risk,72,1.0,0.0,97.8475421667099,Two year,DSL,Credit card (automatic),88.55,6362.35
0463-WZZKO,0.38784745,Medium Risk,3,0.0,0.0,31.85762882232666,Month-to-month,No,Credit card (automatic),20.75,67.1
3494-JCHRQ,0.8911799,High Risk,1,0.0,80.99453605766122,5.857670704523723,Month-to-month,Fiber optic,Electronic check,70.05,70.05
6474-FVJLC,0.88408947,High Risk,2,0.16666666666666666,57.95296951208529,9.962193171183268,Month-to-month,Fiber optic,Electronic check,86.0,165.45
4524-QCSSM,0.41706878,Medium Risk,26,0.5,43.66370951147658,49.97989435990652,Month-to-month,DSL,Bank transfer (automatic),44.65,1156.55
5832-EXGTT,0.25191018,Low Risk,29,0.3333333333333333,54.80730493364226,56.154489517211914,Month-to-month,DSL,Mailed check,60.2,1834.15
8840-DQLGN,0.5341048,Medium Risk,35,0.6666666666666666,37.26277080006059,51.21142546335856,Month-to-month,Fiber optic,Bank transfer (automatic),100.5,3653.35
2039-JONDJ,0.13585374,Low Risk,27,0.3333333333333333,66.70527605705252,61.123978296915695,One year,DSL,Bank transfer (automatic),55.45,1477.65
7217-JYHOQ,0.25732517,Low Risk,24,0.6666666666666666,37.570255508187,60.46707471211751,Month-to-month,DSL,Credit card (automatic),70.3,1706.45
6695-FRVEC,0.051409684,Low Risk,67,0.5,57.53421322144395,85.34618357817332,Two year,DSL,Bank transfer (automatic),60.4,3953.7
4547-LYTDD,0.6683293,High Risk,16,0.0,80.99453605766122,23.250201741854347,Month-to-month,Fiber optic,Electronic check,72.65,1194.3
9894-QMIMJ,0.17409337,Low Risk,23,0.3333333333333333,55.629736381010886,57.545331716537476,One year,DSL,Bank transfer (automatic),55.8,1327.85
8069-YQQAJ,0.48310387,Medium Risk,14,0.16666666666666666,69.85094063549555,35.01147309939066,Month-to-month,DSL,Mailed check,31.1,419.7
6770-XUAGN,0.58593726,Medium Risk,1,0.0,0.0,21.119803587595623,Month-to-month,No,Electronic check,21.0,21.0
4193-ORFCL,0.742464,High Risk,1,0.0,80.99453605766122,13.293466369311016,Month-to-month,DSL,Mailed check,45.1,45.1
1636-NTNCO,0.69078934,High Risk,4,0.5,23.460322836217273,27.127199570337936,Month-to-month,DSL,Credit card (automatic),50.95,207.35
3466-WAESX,0.52350885,Medium Risk,16,0.5,43.66370951147658,40.49122432867686,Month-to-month,DSL,Electronic check,69.1,1083.7
9281-PKKZE,0.49394125,Medium Risk,46,0.3333333333333333,34.60391825838295,51.13627096017201,Month-to-month,DSL,Electronic check,43.95,2007.85
3638-VBZTA,0.055731192,Low Risk,68,0.8333333333333334,14.221204254484661,92.21344113349915,Two year,DSL,Bank transfer (automatic),86.5,5882.75
7459-IMVYU,0.27397218,Low Risk,38,0.6666666666666666,46.390617799278274,65.4680589834849,Month-to-month,DSL,Electronic check,69.95,2657.55
7776-QWNFX,0.35287008,Medium Risk,30,0.16666666666666666,69.85094063549555,48.18982799847921,Month-to-month,DSL,Bank transfer (automatic),50.4,1527.5
6689-TCZHQ,0.805013,High Risk,5,0.16666666666666666,57.95296951208529,15.166016618410746,Month-to-month,Fiber optic,Electronic check,78.95,378.4
8563-OYMQY,0.6443023,High Risk,17,0.5,32.588169835434954,34.86821790536245,Month-to-month,Fiber optic,Credit card (automatic),90.95,1612.2
0754-EEBDC,0.06767649,Low Risk,4,0.0,0.0,48.28284243742625,Two year,No,Mailed check,19.9,76.65
5777-ZPQNC,0.14601056,Low Risk,12,0.0,0.0,47.69947111606598,One year,No,Electronic check,20.15,260.7
1951-IEYXM,0.039865132,Low Risk,72,1.0,0.0,98.00674319267273,Two year,DSL,Credit card (automatic),90.6,6441.85
3318-NMQXL,0.861692,High Risk,3,0.3333333333333333,34.60391825838295,14.832066098848978,Month-to-month,Fiber optic,Electronic check,92.0,266.8
3143-ILDAL,0.53277546,Medium Risk,56,0.5,40.715920086630035,56.69456024964651,Month-to-month,Fiber optic,Electronic check,94.45,5124.6
1022-RKXDR,0.09571045,Low Risk,41,0.0,0.0,62.29781051476796,One year,No,Mailed check,24.85,962.25
2361-FJWNO,0.15869528,Low Risk,40,0.3333333333333333,63.75748663220597,65.39856930573781,One year,DSL,Credit card (automatic),36.0,1382.9
2272-UOINI,0.48450068,Medium Risk,7,0.8333333333333334,14.221204254484661,45.35830100377401,Month-to-month,DSL,Electronic check,78.5,571.05
8232-UTFOZ,0.04612076,Low Risk,69,0.0,0.0,76.44396185874939,Two year,No,Credit card (automatic),19.95,1399.35
3750-YHRYO,0.16586217,Low Risk,7,0.0,0.0,44.62355653444926,One year,No,Mailed check,20.65,150.0
6637-KYRCV,0.69793504,High Risk,5,0.16666666666666666,69.85094063549555,20.519914428393047,Month-to-month,DSL,Electronic check,30.5,167.2
5668-MEISB,0.08772883,Low Risk,72,0.8333333333333334,23.041566545575932,92.2802237669627,Two year,Fiber optic,Credit card (automatic),106.1,7657.4
0129-QMPDR,0.075265,Low Risk,44,0.0,0.0,64.5700838168462,One year,No,Bank transfer (automatic),20.5,865.05
7188-CBBBA,0.45408872,Medium Risk,65,0.5,32.280685127308544,64.3788989384969,One year,Fiber optic,Electronic check,95.5,6153.85
5356-CSVSQ,0.62922204,High Risk,3,0.3333333333333333,51.5520308006693,26.455564896265667,Month-to-month,DSL,Electronic check,64.6,174.2
3221-CJMSG,0.2906396,Low Risk,24,0.16666666666666666,74.90108205437164,48.80135138829549,Month-to-month,DSL,Credit card (automatic),51.1,1269.6
4720-VSTSI,0.5342346,Medium Risk,44,0.3333333333333333,55.629736381010886,48.28827083110809,Month-to-month,Fiber optic,Bank transfer (automatic),84.8,3862.55
3219-JQRSL,0.055589832,Low Risk,72,1.0,0.0,97.22050726413727,Two year,DSL,Credit card (automatic),89.1,6352.4
2801-NISEI,0.3372549,Medium Risk,24,0.3333333333333333,71.75541747592861,49.80392257372538,Month-to-month,DSL,Electronic check,54.95,1348.5
3946-MHCZW,0.7168916,High Risk,1,0.16666666666666666,66.77333180317656,17.905420660972595,Month-to-month,DSL,Mailed check,50.9,50.9
4623-ZKHLY,0.20078634,Low Risk,22,0.0,0.0,49.127349058787026,Month-to-month,No,Bank transfer (automatic),20.45,471.55
6732-VAILE,0.058161747,Low Risk,70,0.8333333333333334,3.145664578443032,92.92524655659993,Two year,DSL,Credit card (automatic),85.95,5931.75
8201-AAXCB,0.36607224,Medium Risk,25,0.16666666666666666,57.64548480395888,45.44638812541961,Month-to-month,DSL,Electronic check,60.35,1404.65
7696-CFTAT,0.056508664,Low Risk,37,0.0,0.0,62.5912336508433,Two year,No,Bank transfer (automatic),19.8,726.1
1845-CSBRZ,0.5927062,Medium Risk,22,0.16666666666666666,57.64548480395888,32.86468982696533,Month-to-month,Fiber optic,Bank transfer (automatic),85.35,1961.6
2123-VSCOT,0.056806583,Low Risk,59,0.5,37.33082654618464,81.7430051167806,Two year,DSL,Bank transfer (automatic),72.1,4194.85
6651-AZVTJ,0.732928,High Risk,49,0.5,20.382714003898286,43.77026776472728,Month-to-month,Fiber optic,Electronic check,99.8,4872.45
4566-GOLUK,0.61498487,High Risk,47,0.6666666666666666,14.289260000608706,52.16742316881815,Month-to-month,Fiber optic,Bank transfer (automatic),107.35,5118.95
2484-DGXPZ,0.20544164,Low Risk,31,0.0,0.0,52.64458398024241,Month-to-month,No,Mailed check,19.55,658.95
2018-QKYGT,0.90049267,High Risk,1,0.16666666666666666,57.95296951208529,8.725366592407227,Month-to-month,Fiber optic,Electronic check,81.05,81.05
2792-VPPET,0.4004774,Medium Risk,3,0.0,0.0,31.22612953186035,Month-to-month,No,Electronic check,20.5,76.95
7409-JURKQ,0.45025396,Medium Risk,53,0.8333333333333334,3.145664578443032,66.23730182647705,One year,Fiber optic,Bank transfer (automatic),111.8,5809.75
3247-MHJKM,0.5938612,Medium Risk,1,0.0,0.0,20.723605553309124,Month-to-month,No,Mailed check,20.2,20.2
1964-SVLEA,0.097029105,Low Risk,20,0.0,0.0,53.48187883694967,One year,No,Mailed check,19.7,415.9
4587-NUKOX,0.7759004,High Risk,3,0.3333333333333333,66.70527605705252,19.121645490328472,Month-to-month,Fiber optic,Electronic check,79.1,246.5
7297-DVYGA,0.085791916,Low Risk,51,0.0,0.0,66.96040272712708,One year,No,Bank transfer (automatic),19.85,996.95
2239-CGBUZ,0.120169416,Low Risk,51,0.5,60.611822053762936,75.24152994155884,One year,DSL,Bank transfer (automatic),60.5,3145.15
0854-UYHZD,0.059688862,Low Risk,13,0.0,0.0,52.43222335974376,Two year,No,Mailed check,19.55,265.3
7243-LCGGZ,0.62249815,High Risk,1,0.0,0.0,19.29175893465678,Month-to-month,No,Mailed check,20.9,20.9
8267-KFGYD,0.57997024,Medium Risk,1,0.0,0.0,21.41815463701884,Month-to-month,No,Mailed check,21.05,21.05
4890-VMUAV,0.14436708,Low Risk,63,0.6666666666666666,46.390617799278274,82.3649783929189,One year,DSL,Electronic check,71.5,4576.3
9261-WDCAF,0.6272248,High Risk,3,0.16666666666666666,57.95296951208529,23.22209318478902,Month-to-month,DSL,Mailed check,54.65,189.1
3764-MNMOI,0.073947206,Low Risk,46,0.0,0.0,65.4693071047465,Two year,No,Credit card (automatic),19.2,908.15
7442-YGZFK,0.753309,High Risk,1,0.0,80.99453605766122,12.751216093699139,Month-to-month,DSL,Credit card (automatic),49.8,49.8
0420-BWTPW,0.48725328,Medium Risk,8,0.0,80.99453605766122,28.97066791852315,Month-to-month,DSL,Mailed check,25.5,215.2
8229-BUJHX,0.039606467,Low Risk,71,0.0,0.0,77.60301073392233,Two year,No,Bank transfer (automatic),20.5,1500.95
7449-HVPIV,0.4600953,Medium Risk,55,0.3333333333333333,43.42428054947422,56.57856901486714,Month-to-month,Fiber optic,Credit card (automatic),90.4,5099.15
5504-WSIUR,0.15981573,Low Risk,70,0.5,49.53628237772131,81.17588023344675,One year,Fiber optic,Bank transfer (automatic),90.25,6385.95
8183-ONMXC,0.8033443,High Risk,2,0.16666666666666666,57.95296951208529,13.999451200167337,Month-to-month,Fiber optic,Electronic check,80.75,159.45
8466-PZBLH,0.22144574,Low Risk,67,0.6666666666666666,25.364799676650335,80.17771303653717,Two year,Fiber optic,Bank transfer (automatic),104.6,6885.75
9614-RMGHA,0.4622602,Medium Risk,65,0.3333333333333333,46.501889381793205,60.63699066638946,Month-to-month,Fiber optic,Bank transfer (automatic),91.85,5940.85
8735-IJJEG,0.38779765,Medium Risk,14,0.16666666666666666,66.77333180317656,39.7767839829127,Month-to-month,DSL,Credit card (automatic),50.2,668.85
0564-MUUQK,0.60577786,High Risk,20,0.5,37.63831125431105,38.04444034894308,Month-to-month,Fiber optic,Bank transfer (automatic),95.5,1916.2
5054-IEXZT,0.8861972,High Risk,1,0.16666666666666666,69.85094063549555,9.440139532089233,Month-to-month,Fiber optic,Electronic check,75.35,75.35
5834-ASPWA,0.9055076,High Risk,1,0.0,80.99453605766122,5.1412854592005415,Month-to-month,Fiber optic,Electronic check,75.45,75.45
0701-RFGFI,0.6223571,High Risk,49,0.3333333333333333,34.60391825838295,45.96547981103261,Month-to-month,Fiber optic,Bank transfer (automatic),95.4,4613.95
0019-EFAEP,0.07751002,Low Risk,72,0.6666666666666666,29.135020548865512,89.45783336957295,Two year,Fiber optic,Bank transfer (automatic),101.3,7261.25
5619-PTMIK,0.31869262,Medium Risk,46,0.16666666666666666,77.84887147921819,56.56536877155304,Month-to-month,DSL,Electronic check,53.1,2459.8
3737-XBQDD,0.60247064,High Risk,24,0.3333333333333333,55.629736381010886,36.54313484827677,Month-to-month,Fiber optic,Bank transfer (automatic),84.85,2048.8
5882-CMAZQ,0.5901449,Medium Risk,5,0.3333333333333333,63.75748663220597,29.24275636672974,Month-to-month,DSL,Electronic check,34.25,163.55
5846-QFDFI,0.43248245,Medium Risk,33,0.5,49.53628237772131,52.12587594985961,Month-to-month,Fiber optic,Credit card (automatic),88.6,2888.7
4445-KWOKW,0.14705847,Low Risk,42,0.3333333333333333,66.70527605705252,66.81374231974284,One year,DSL,Bank transfer (automatic),60.15,2421.6
3511-APPBJ,0.48749363,Medium Risk,23,0.6666666666666666,17.237049425455254,48.541984955469765,One year,Fiber optic,Credit card (automatic),99.95,2292.75
7967-HYCDE,0.69546074,High Risk,8,0.0,80.99453605766122,18.560296495755512,Month-to-month,Fiber optic,Bank transfer (automatic),70.7,553.4
2430-RRYUW,0.09951394,Low Risk,66,0.3333333333333333,66.70527605705252,79.19096926848093,One year,DSL,Mailed check,54.8,3465.7
3948-XHGNA,0.33474964,Medium Risk,24,0.16666666666666666,77.84887147921819,46.59585138161977,Month-to-month,DSL,Bank transfer (automatic),49.55,1210.4
3723-BFBGR,0.34335157,Medium Risk,24,0.16666666666666666,69.85094063549555,46.165753205617264,Month-to-month,DSL,Credit card (automatic),54.8,1291.3
0565-IYCGT,0.26216087,Low Risk,69,0.8333333333333334,23.349051253702342,82.30862180391946,One year,DSL,Credit card (automatic),78.6,5356.45
5447-WZAFP,0.42835903,Medium Risk,53,0.6666666666666666,9.239118581732612,63.99871508280436,One year,Fiber optic,Mailed check,100.3,5200.8
5110-CHOPY,0.26393348,Low Risk,60,0.6666666666666666,17.237049425455254,75.13665934403737,Two year,DSL,Electronic check,53.6,3237.05
5445-UTODQ,0.8317552,High Risk,7,0.16666666666666666,57.64548480395888,14.662238955497742,Month-to-month,Fiber optic,Electronic check,81.1,576.65
4425-OWHWB,0.10262097,Low Risk,20,0.0,0.0,53.202285369237266,One year,No,Credit card (automatic),19.35,433.75
7892-QVYKW,0.6652695,High Risk,23,0.16666666666666666,57.95296951208529,29.65319196383158,Month-to-month,Fiber optic,Electronic check,85.6,1868.4
9675-ICXCT,0.06457303,Low Risk,72,0.8333333333333334,11.143595422165674,93.43801418940228,Two year,DSL,Electronic check,80.8,5728.55
1024-VRZHF,0.80937934,High Risk,11,0.0,80.99453605766122,14.114366372426352,Month-to-month,Fiber optic,Electronic check,74.95,825.7
4703-MQYKT,0.06818522,Low Risk,21,0.0,0.0,55.340739488601685,Two year,No,Mailed check,19.6,390.4
9497-QCMMS,0.923564,High Risk,1,0.3333333333333333,34.60391825838295,10.905132492383322,Month-to-month,Fiber optic,Electronic check,93.55,93.55
5692-ICXLW,0.73415554,High Risk,31,0.3333333333333333,46.501889381793205,32.87555654843648,Month-to-month,Fiber optic,Electronic check,90.7,2845.15
0602-DDUML,0.054912798,Low Risk,57,0.6666666666666666,26.187231124018965,84.33769305547078,Two year,DSL,Mailed check,69.75,3894.4
2208-MPXIO,0.051226567,Low Risk,45,0.0,0.0,66.18867218494415,Two year,No,Bank transfer (automatic),20.0,886.4
1960-UYCNN,0.8563177,High Risk,10,0.5,32.588169835434954,21.350781718889873,Month-to-month,Fiber optic,Electronic check,95.25,1021.55
0348-SDKOL,0.53266805,Medium Risk,58,0.6666666666666666,14.289260000608706,60.866597294807434,Month-to-month,Fiber optic,Credit card (automatic),102.1,5885.4
3190-FZATL,0.22135201,Low Risk,14,0.0,0.0,44.76573427518209,Month-to-month,No,Mailed check,19.95,268.4
7336-RLLRH,0.19656585,Low Risk,27,0.6666666666666666,25.364799676650335,64.75504000981648,One year,DSL,Mailed check,80.85,2204.35
4373-MAVJG,0.759627,High Risk,14,0.3333333333333333,46.809374089919615,24.518650770187378,Month-to-month,Fiber optic,Bank transfer (automatic),90.9,1259.0
8901-HJXTF,0.42529064,Medium Risk,12,0.16666666666666666,69.85094063549555,37.06880112489064,Month-to-month,DSL,Mailed check,29.2,309.1
7710-JSYOA,0.08804973,Low Risk,69,0.5,40.715920086630035,84.34751451015472,Two year,Fiber optic,Bank transfer (automatic),93.3,6398.05
5419-KLXBN,0.6066635,High Risk,25,0.5,32.280685127308544,40.08349041144052,Month-to-month,Fiber optic,Bank transfer (automatic),89.15,2257.75
3424-NMNBO,0.54335696,Medium Risk,58,0.8333333333333334,6.09345400328958,63.66548558076224,One year,Fiber optic,Electronic check,108.85,6287.25
9885-MFVSU,0.062695034,Low Risk,35,0.5,48.40636622222627,71.44858201344807,Two year,DSL,Credit card (automatic),46.35,1662.05
4514-GFCFI,0.8039075,High Risk,16,0.16666666666666666,57.64548480395888,19.804624319076535,Month-to-month,Fiber optic,Electronic check,84.75,1350.15
0607-MVMGC,0.25284538,Low Risk,45,0.6666666666666666,9.239118581732612,69.44106300671895,One year,DSL,Credit card (automatic),78.75,3600.65
3365-SAIGS,0.7586954,High Risk,17,0.3333333333333333,46.501889381793205,25.815228819847107,Month-to-month,Fiber optic,Electronic check,83.55,1329.15
9828-AOQLM,0.8065056,High Risk,1,0.0,80.99453605766122,10.091385642687479,Month-to-month,DSL,Electronic check,45.7,45.7
8022-BECSI,0.0816968,Low Risk,22,0.0,0.0,55.0818262497584,One year,No,Mailed check,19.6,422.5
8000-REIQB,0.89483786,High Risk,1,0.0,80.99453605766122,5.6747738520304365,Month-to-month,Fiber optic,Electronic check,69.95,69.95
9993-LHIEB,0.07860031,Low Risk,67,0.6666666666666666,34.492646675868016,87.31998562812805,Two year,DSL,Mailed check,67.85,4627.65
0266-CLZKZ,0.2084714,Low Risk,67,0.6666666666666666,14.289260000608706,80.82642912864685,Two year,Fiber optic,Bank transfer (automatic),105.65,6717.9
7615-ESMYF,0.7497205,High Risk,2,0.3333333333333333,34.60391825838295,20.01397430896759,Month-to-month,DSL,Electronic check,44.6,97.1
3858-VOBET,0.7355335,High Risk,23,0.0,80.99453605766122,22.806659539540608,Month-to-month,Fiber optic,Electronic check,74.95,1710.45
7020-OZKXZ,0.6778731,High Risk,9,0.16666666666666666,66.77333180317656,23.189679582913715,Month-to-month,Fiber optic,Credit card (automatic),75.5,637.4
3977-QCRSL,0.3179234,Medium Risk,5,0.0,0.0,36.18716200192769,Month-to-month,No,Mailed check,20.15,117.95
0017-DINOC,0.07302244,Low Risk,54,0.5,48.40636622222627,78.84887874126434,Two year,DSL,Credit card (automatic),45.2,2460.55
1447-PJGGA,0.39115477,Medium Risk,57,0.5,20.382714003898286,64.19226169586182,Two year,Fiber optic,Electronic check,95.25,5464.65
8565-CLBZW,0.6433014,High Risk,24,0.3333333333333333,43.42428054947422,34.501595298449196,Month-to-month,Fiber optic,Mailed check,89.85,2165.05
9139-WQQDY,0.3910611,Medium Risk,49,0.5,23.460322836217273,60.86361328760782,One year,Fiber optic,Mailed check,100.45,4941.8
0224-HJAPT,0.68203616,High Risk,5,0.0,80.99453605766122,17.98152526219686,Month-to-month,DSL,Electronic check,47.15,223.15
8086-OVPWV,0.85080975,High Risk,2,0.16666666666666666,57.95296951208529,11.626179019610086,Month-to-month,Fiber optic,Electronic check,80.2,181.1
9430-FRQOC,0.8493433,High Risk,4,0.3333333333333333,60.67987779988698,15.8661683400472,Month-to-month,Fiber optic,Mailed check,87.1,341.45
7639-OPLNG,0.05998153,Low Risk,70,0.8333333333333334,23.041566545575932,92.83425708611806,Two year,DSL,Bank transfer (automatic),79.25,5731.85
3074-GQWYX,0.82452124,High Risk,5,0.0,80.99453605766122,10.857271154721577,Month-to-month,Fiber optic,Bank transfer (automatic),75.9,357.75
1492-QGCLU,0.25991005,Low Risk,53,0.8333333333333334,11.143595422165674,75.75449764728546,Month-to-month,DSL,Electronic check,85.7,4616.1
6845-RGTYS,0.632889,High Risk,47,0.6666666666666666,29.135020548865512,51.272218028704316,Month-to-month,Fiber optic,Electronic check,98.75,4533.7
7328-OWMOM,0.07645514,Low Risk,31,0.0,0.0,59.09391085306803,One year,No,Credit card (automatic),20.1,589.25
4418-LZMSV,0.31215012,Medium Risk,13,0.5,49.53628237772131,49.80916062990824,Month-to-month,DSL,Bank transfer (automatic),61.8,750.1
5155-AZQPB,0.2671838,Low Risk,28,0.0,80.99453605766122,48.30747763315837,Month-to-month,DSL,Mailed check,49.9,1410.25
8861-HGGKB,0.7891731,High Risk,10,0.16666666666666666,57.95296951208529,18.041343688964844,Month-to-month,Fiber optic,Electronic check,86.45,830.85
1087-GRUYI,0.05260032,Low Risk,38,0.0,0.0,63.20331712563833,Two year,No,Bank transfer (automatic),20.4,743.5
7065-YUNRY,0.7473991,High Risk,1,0.0,80.99453605766122,13.046712080637615,Month-to-month,DSL,Mailed check,45.3,45.3
7694-VLBWQ,0.49050444,Medium Risk,67,0.6666666666666666,9.239118581732612,66.72477781772614,One year,Fiber optic,Electronic check,104.1,7040.85
2546-KZAAT,0.23040509,Low Risk,52,0.6666666666666666,20.31465825777424,73.479745388031,One year,DSL,Mailed check,75.4,3865.45
0181-RITDD,0.26545206,Low Risk,62,1.0,0.0,82.56073196729024,Two year,Fiber optic,Mailed check,108.15,6825.65
5989-PGKJB,0.7487099,High Risk,16,0.3333333333333333,46.809374089919615,25.897837479909256,Month-to-month,Fiber optic,Electronic check,86.25,1340.1
4795-KTRTH,0.86676043,High Risk,5,0.16666666666666666,69.85094063549555,12.07864503065745,Month-to-month,Fiber optic,Electronic check,81.0,371.65
8272-ONJLV,0.5003242,Medium Risk,12,0.5,20.382714003898286,39.98379051685333,One year,Fiber optic,Electronic check,95.7,1184.0
1488-PBLJN,0.058796305,Low Risk,72,1.0,0.0,97.06018567085266,Two year,Fiber optic,Bank transfer (automatic),116.85,8477.7
0308-GIQJT,0.3021245,Medium Risk,71,0.6666666666666666,17.366868832927693,77.81044165293376,One year,Fiber optic,Bank transfer (automatic),105.75,7382.85
3778-FOAQW,0.07892668,Low Risk,24,0.0,0.0,56.05366587638855,One year,No,Mailed check,20.15,456.85
4452-ROHMO,0.071031146,Low Risk,15,0.0,0.0,52.698442339897156,Two year,No,Mailed check,19.6,331.6
6481-OGDOO,0.3596273,Medium Risk,67,0.5,43.66370951147658,69.93530134359996,One year,Fiber optic,Credit card (automatic),90.6,6056.15
3090-LETTY,0.4881194,Medium Risk,2,0.3333333333333333,66.70527605705252,33.0940318107605,Month-to-month,DSL,Bank transfer (automatic),60.95,134.6
5349-AZPEW,0.5394445,Medium Risk,5,0.0,80.99453605766122,25.111108024915058,Month-to-month,DSL,Mailed check,25.05,125.5
3753-TSEMP,0.7263737,High Risk,15,0.3333333333333333,34.60391825838295,26.597983042399086,Month-to-month,Fiber optic,Electronic check,88.15,1390.6
8305-VHZBZ,0.66711336,High Risk,1,0.0,0.0,17.06099847952525,Month-to-month,No,Mailed check,20.2,20.2
9720-JJJOR,0.15363333,Low Risk,41,0.5,52.484071802567854,69.40166552861531,One year,DSL,Bank transfer (automatic),60.3,2511.3
8100-HZZLJ,0.32272676,Medium Risk,43,0.5,43.66370951147658,61.78033034006754,Month-to-month,DSL,Electronic check,63.95,2737.05
8775-ERLNB,0.87444824,High Risk,1,0.0,80.99453605766122,6.6942546765009565,Month-to-month,Fiber optic,Electronic check,74.3,74.3
8309-IEYJD,0.8778244,High Risk,1,0.0,80.99453605766122,6.525445381800334,Month-to-month,Fiber optic,Mailed check,70.6,70.6
9172-JITSM,0.7372589,High Risk,26,0.3333333333333333,34.60391825838295,30.637054443359375,Month-to-month,Fiber optic,Electronic check,90.8,2361.8
6298-QDFNH,0.76316017,High Risk,22,0.16666666666666666,69.85094063549555,24.341991543769836,Month-to-month,Fiber optic,Electronic check,79.35,1730.35
7398-HPYZQ,0.04521446,Low Risk,71,1.0,0.0,97.32260962327321,Two year,DSL,Bank transfer (automatic),90.55,6404.0
3546-GHEAE,0.07176955,Low Risk,7,0.0,0.0,49.32818988958994,Two year,No,Mailed check,19.45,165.35
7361-YPXFS,0.2727074,Low Risk,28,0.5,49.53628237772131,58.03129653135935,Month-to-month,DSL,Bank transfer (automatic),64.45,1867.6
6557-BZXLQ,0.6729404,High Risk,16,0.0,80.99453605766122,23.019647995630898,Month-to-month,Fiber optic,Electronic check,69.65,1043.3
2550-QHZGP,0.12192815,Low Risk,7,0.0,0.0,46.82025889555613,One year,No,Mailed check,19.5,128.6
7519-JTWQH,0.20512728,Low Risk,69,0.8333333333333334,3.145664578443032,85.16030172506967,Two year,Fiber optic,Bank transfer (automatic),110.5,7455.45
2538-OIMXF,0.6793056,High Risk,1,0.0,80.99453605766122,16.451386014620464,Month-to-month,DSL,Mailed check,24.7,24.7
8543-MSDMF,0.6438881,High Risk,3,0.6666666666666666,17.237049425455254,32.38892753918966,Month-to-month,DSL,Electronic check,77.4,206.15
9961-JBNMK,0.72259265,High Risk,21,0.5,20.382714003898286,32.62036740779877,Month-to-month,Fiber optic,Bank transfer (automatic),96.8,2030.3
1170-SASML,0.40467054,Medium Risk,69,0.3333333333333333,55.629736381010886,65.18313984076181,Month-to-month,Fiber optic,Bank transfer (automatic),85.4,5869.4
4872-JCVCA,0.0496734,Low Risk,71,0.6666666666666666,46.390617799278274,90.43299774328868,Two year,DSL,Bank transfer (automatic),47.6,3377.8
5346-BZCHP,0.0539795,Low Risk,69,0.0,0.0,76.0510241985321,Two year,No,Mailed check,19.4,1346.2
2038-LLMLM,0.69206566,High Risk,48,0.6666666666666666,14.289260000608706,48.73005052407582,Month-to-month,Fiber optic,Electronic check,103.85,4946.05
6173-ITPWD,0.52892965,Medium Risk,47,0.3333333333333333,55.629736381010886,49.80351746082305,Month-to-month,Fiber optic,Bank transfer (automatic),83.35,4065.0
9734-UYXQI,0.79334927,High Risk,2,0.0,80.99453605766122,11.16587003072103,Month-to-month,DSL,Electronic check,49.4,106.55
1216-BGTSP,0.51669115,Medium Risk,45,0.8333333333333334,11.143595422165674,59.5821092526118,Month-to-month,Fiber optic,Credit card (automatic),108.45,4964.7
4138-NAXED,0.45146888,Medium Risk,51,0.16666666666666666,69.85094063549555,52.00988908608755,Month-to-month,Fiber optic,Bank transfer (automatic),81.0,4085.75
2189-UXTKY,0.50529736,Medium Risk,22,0.6666666666666666,25.364799676650335,47.23513185977936,Month-to-month,DSL,Electronic check,79.2,1742.75
0744-BIKKF,0.04211162,Low Risk,72,1.0,0.0,97.8944182395935,Two year,DSL,Bank transfer (automatic),86.65,6224.8
7483-IQWIB,0.66788596,High Risk,37,0.5,32.280685127308544,42.022368709246315,Month-to-month,Fiber optic,Electronic check,92.95,3415.25
5248-KWLAR,0.06004028,Low Risk,71,1.0,0.0,96.58131857713063,Two year,DSL,Electronic check,90.35,6325.25
4958-GZWIY,0.5770559,Medium Risk,7,0.16666666666666666,66.77333180317656,27.39720642566681,Month-to-month,DSL,Electronic check,48.7,340.25
7996-MHXLW,0.05625224,Low Risk,66,0.0,0.0,74.68738794326781,Two year,No,Credit card (automatic),25.15,1683.6
7833-PKIHD,0.21240531,Low Risk,51,0.6666666666666666,25.364799676650335,73.96306713422139,One year,DSL,Bank transfer (automatic),76.4,3966.3
7061-OVMIM,0.0832727,Low Risk,30,0.0,0.0,58.33636522293091,One year,No,Bank transfer (automatic),19.55,608.5
5153-RTHKF,0.6646566,High Risk,34,0.16666666666666666,57.64548480395888,34.267171025276184,Month-to-month,Fiber optic,Electronic check,85.35,2896.6
1852-QSWCD,0.05164188,Low Risk,64,0.0,0.0,74.08457259337106,Two year,No,Mailed check,24.8,1514.85
4832-VRBMR,0.45290664,Medium Risk,65,0.6666666666666666,9.239118581732612,67.77133623758951,One year,Fiber optic,Bank transfer (automatic),103.15,6792.45
9079-LWTFD,0.43427852,Medium Risk,47,0.6666666666666666,37.26277080006059,61.20274225870767,Month-to-month,Fiber optic,Mailed check,100.75,4669.2
6356-ELRKD,0.8866322,High Risk,1,0.5,31.458253679939915,16.08505646387736,Month-to-month,Fiber optic,Electronic check,95.6,95.6
8624-GIOUT,0.27759466,Low Risk,49,0.3333333333333333,66.70527605705252,63.20359905560811,Month-to-month,DSL,Credit card (automatic),59.75,2934.3
3392-EHMNK,0.1424578,Low Risk,67,0.5,40.408435378503626,80.79377750555675,Two year,Fiber optic,Credit card (automatic),94.1,6302.8
5986-WWXDV,0.07648198,Low Risk,39,0.0,0.0,62.42590010166168,One year,No,Bank transfer (automatic),19.35,779.2
3061-BCKYI,0.22727452,Low Risk,14,0.0,0.0,44.469606479008995,Month-to-month,No,Mailed check,19.9,283.75
6179-GJPSO,0.5471539,Medium Risk,43,0.8333333333333334,14.221204254484661,57.22563882668814,Month-to-month,Fiber optic,Credit card (automatic),108.15,4600.7
7901-TBKJX,0.7099435,High Risk,56,0.5,20.382714003898286,47.836159666379295,Month-to-month,Fiber optic,Electronic check,101.05,5594.0
7228-PAQPD,0.28825182,Low Risk,14,0.3333333333333333,51.85951550879571,48.087409138679504,One year,DSL,Credit card (automatic),59.1,772.85
3177-LASXD,0.8606473,High Risk,1,0.0,80.99453605766122,7.3843006292978925,Month-to-month,Fiber optic,Electronic check,71.35,71.35
7746-QYVCO,0.21651986,Low Risk,16,0.3333333333333333,66.70527605705252,52.50734170277913,One year,DSL,Mailed check,55.85,857.8
5804-HYIEZ,0.49864766,Medium Risk,70,0.6666666666666666,20.31465825777424,67.5676155090332,Month-to-month,Fiber optic,Electronic check,106.05,7554.05
9919-FZDED,0.06707401,Low Risk,72,0.8333333333333334,6.09345400328958,93.31296662489575,Two year,DSL,Credit card (automatic),84.1,5981.65
5934-TSSAU,0.56320506,Medium Risk,23,0.16666666666666666,66.77333180317656,34.75641349951426,Month-to-month,Fiber optic,Credit card (automatic),75.3,1702.9
3486-KHMLI,0.185549,Low Risk,21,0.0,0.0,49.472548961639404,Month-to-month,No,Mailed check,24.7,467.15
4897-QSUYC,0.67947,High Risk,1,0.0,0.0,16.443166534105938,Month-to-month,No,Mailed check,20.15,20.15
1084-UQCHV,0.84572405,High Risk,1,0.0,80.99453605766122,8.130464355150858,Month-to-month,Fiber optic,Bank transfer (automatic),69.75,69.75
8290-YWKHZ,0.7469621,High Risk,32,0.3333333333333333,34.60391825838295,32.6518964767456,Month-to-month,Fiber optic,Electronic check,93.2,2931.0
2955-BJZHG,0.6716083,High Risk,17,0.16666666666666666,57.64548480395888,26.836250225702923,Month-to-month,Fiber optic,Electronic check,80.85,1400.85
3806-DXQOM,0.67745024,High Risk,4,0.3333333333333333,66.70527605705252,24.460821350415547,Month-to-month,DSL,Electronic check,33.65,137.85
6784-XYJAE,0.16446811,Low Risk,36,0.16666666666666666,66.77333180317656,60.10992785294851,One year,DSL,Electronic check,55.8,1941.5
3933-DQPWX,0.06900075,Low Risk,50,0.5,49.53628237772131,77.38329728444417,Two year,DSL,Credit card (automatic),39.7,1932.75
6661-EIPZC,0.30389032,Medium Risk,48,0.16666666666666666,74.90108205437164,58.13881595929463,Month-to-month,DSL,Credit card (automatic),29.5,1423.05
8957-THMOA,0.05967549,Low Risk,50,0.0,0.0,67.8495575984319,Two year,No,Credit card (automatic),20.15,970.85
2251-PYLPB,0.046004258,Low Risk,72,0.8333333333333334,23.349051253702342,94.36645487944287,Two year,DSL,Credit card (automatic),79.55,5810.9
5555-RNPGT,0.27191368,Low Risk,10,0.0,0.0,40.57098428408305,Month-to-month,No,Credit card (automatic),24.8,223.9
1057-FOGLZ,0.20169166,Low Risk,18,0.0,0.0,47.41541862487793,Month-to-month,No,Mailed check,19.65,391.7
9300-RENDD,0.90358084,High Risk,1,0.16666666666666666,57.64548480395888,8.570957779884338,Month-to-month,Fiber optic,Electronic check,79.95,79.95
0761-AETCS,0.4949776,Medium Risk,1,0.0,0.0,25.667786995569863,Month-to-month,No,Electronic check,19.3,19.3
8087-LGYHQ,0.8387558,High Risk,9,0.5,20.382714003898286,21.81221067905426,Month-to-month,Fiber optic,Electronic check,94.05,811.65
4137-BTIKL,0.7182588,High Risk,2,0.3333333333333333,54.80730493364226,21.5870600938797,Month-to-month,Fiber optic,Mailed check,90.75,174.75
2190-BCXEC,0.5013725,Medium Risk,40,0.16666666666666666,74.90108205437164,44.93137419223785,Month-to-month,Fiber optic,Credit card (automatic),78.85,3126.85
6227-FBDXH,0.35807863,Medium Risk,69,0.5,20.382714003898286,70.84607005119324,One year,Fiber optic,Bank transfer (automatic),99.5,6841.45
2153-MREFK,0.46473294,Medium Risk,37,0.6666666666666666,34.492646675868016,55.51335275173187,One year,Fiber optic,Electronic check,99.2,3754.6
2911-WDXMV,0.63982934,High Risk,18,0.16666666666666666,66.77333180317656,28.841866453488667,Month-to-month,Fiber optic,Credit card (automatic),80.55,1406.65
7206-PQBBZ,0.77115977,High Risk,11,0.0,80.99453605766122,16.02534492810567,Month-to-month,Fiber optic,Electronic check,70.2,834.7
3106-ULWFW,0.84093463,High Risk,8,0.16666666666666666,57.95296951208529,14.619934956232704,Month-to-month,Fiber optic,Credit card (automatic),85.2,627.4
0925-VYDLG,0.78701687,High Risk,3,0.0,80.99453605766122,11.89915657043457,Month-to-month,Fiber optic,Electronic check,75.25,242.0
4547-FZJWE,0.19122455,Low Risk,55,0.3333333333333333,54.80730493364226,70.0221045811971,One year,DSL,Credit card (automatic),59.45,3157.0
7422-WNBTY,0.6607822,High Risk,33,0.5,32.588169835434954,40.710889101028435,Month-to-month,Fiber optic,Electronic check,93.35,3092.0
0842-IWYCP,0.2688269,Low Risk,46,0.0,80.99453605766122,55.725321571032204,Month-to-month,DSL,Bank transfer (automatic),44.95,2168.9
3521-HTQTV,0.0653172,Low Risk,34,0.0,0.0,60.900805989901215,Two year,No,Bank transfer (automatic),26.1,980.35
3744-ZBHON,0.34650767,Medium Risk,3,0.0,0.0,33.92461657524109,Month-to-month,No,Electronic check,20.2,65.95
3373-DIUUN,0.06106829,Low Risk,30,0.0,0.0,59.446585178375244,Two year,No,Mailed check,21.25,711.9
8383-SGHJU,0.14938447,Low Risk,33,0.3333333333333333,71.75541747592861,62.94744173685709,One year,DSL,Electronic check,59.4,1952.8
7607-QKKTJ,0.4228992,Medium Risk,45,0.5,32.588169835434954,57.60504066944122,One year,Fiber optic,Credit card (automatic),95.0,4368.85
7707-PYBBH,0.2157471,Low Risk,40,0.5,60.611822053762936,65.87931076685587,Month-to-month,DSL,Mailed check,61.9,2647.1
8984-HPEMB,0.10071737,Low Risk,71,1.0,0.0,94.54746504624684,Two year,Fiber optic,Electronic check,118.65,8477.6
4349-GFQHK,0.76466215,High Risk,1,0.16666666666666666,66.77333180317656,15.516892671585083,Month-to-month,DSL,Electronic check,54.35,54.35
4139-DETXS,0.044166267,Low Risk,72,1.0,0.0,97.79168665409088,Two year,DSL,Bank transfer (automatic),64.45,4528.0
9779-DPNEJ,0.722707,High Risk,22,0.16666666666666666,57.95296951208529,26.364651322364807,Month-to-month,Fiber optic,Electronic check,80.15,1790.65
9805-FILKB,0.07760366,Low Risk,46,0.0,0.0,65.28648475805919,One year,No,Bank transfer (automatic),20.2,845.6
5793-YOLJN,0.04945328,Low Risk,55,0.0,0.0,70.44400374094644,Two year,No,Mailed check,21.0,1210.3
0673-IGUQO,0.5348524,Medium Risk,1,0.0,0.0,23.674047390619915,Month-to-month,No,Mailed check,20.45,20.45
4123-FCVCB,0.4198618,Medium Risk,12,0.5,28.510464255093368,44.00691032409668,One year,DSL,Mailed check,75.85,854.45
8819-IMISP,0.71957713,High Risk,31,0.16666666666666666,69.85094063549555,30.27114331722259,Month-to-month,Fiber optic,Electronic check,80.45,2429.1
7802-EFKNY,0.73243904,High Risk,5,0.0,80.99453605766122,15.461381276448568,Month-to-month,DSL,Electronic check,24.95,100.4
8311-UEUAB,0.23889081,Low Risk,67,0.5,31.458253679939915,75.97212533156078,Two year,DSL,Electronic check,75.5,5229.45
5858-EAFCZ,0.69365615,High Risk,1,0.0,80.99453605766122,15.733859340349834,Month-to-month,DSL,Mailed check,44.45,44.45
8035-BUYVG,0.25752446,Low Risk,40,0.5,52.484071802567854,63.79044214884439,One year,DSL,Electronic check,42.35,1716.45
1163-ONYEY,0.2768443,Low Risk,41,0.6666666666666666,29.135020548865512,66.57445351282755,Month-to-month,DSL,Credit card (automatic),74.55,3023.55
9787-XVQIU,0.90611494,High Risk,1,0.0,80.99453605766122,5.110919872919719,Month-to-month,Fiber optic,Electronic check,75.3,75.3
8945-MUQUF,0.41186026,Medium Risk,51,0.5,43.35622480335017,60.65698862075806,One year,Fiber optic,Electronic check,94.8,4837.6
5656-MJEFC,0.06189453,Low Risk,42,0.6666666666666666,34.18516196774161,77.73860653241475,Two year,DSL,Credit card (automatic),48.15,2032.3
6082-OQFBA,0.078140005,Low Risk,23,0.0,0.0,55.676332314809166,One year,No,Mailed check,19.65,436.9
8051-HJRLT,0.8941205,High Risk,1,0.0,80.99453605766122,5.710640947024028,Month-to-month,Fiber optic,Electronic check,70.55,70.55
8974-OVACP,0.60534775,High Risk,1,0.0,0.0,20.14927903811137,Month-to-month,No,Mailed check,20.15,20.15
4010-YLMVT,0.50153375,Medium Risk,56,0.6666666666666666,20.31465825777424,61.589979330698654,Month-to-month,Fiber optic,Credit card (automatic),106.6,5893.95
1379-FRVEB,0.8045792,High Risk,15,0.3333333333333333,46.501889381793205,22.68770674864451,Month-to-month,Fiber optic,Electronic check,91.0,1430.05
8612-GXIDD,0.07981845,Low Risk,12,0.0,0.0,51.009078621864326,Two year,No,Bank transfer (automatic),25.4,313.0
6288-CHQJB,0.05389344,Low Risk,54,0.6666666666666666,34.492646675868016,83.13866098721822,Two year,DSL,Bank transfer (automatic),69.95,3871.85
8160-HOWOX,0.60171497,High Risk,7,0.3333333333333333,34.60391825838295,29.49758489926656,Month-to-month,DSL,Electronic check,66.85,458.1
3023-GFLBR,0.56759506,Medium Risk,33,0.16666666666666666,57.95296951208529,38.70358010133107,Month-to-month,Fiber optic,Credit card (automatic),86.15,2745.7
6648-INWPS,0.286552,Low Risk,16,0.0,0.0,42.3390660683314,Month-to-month,No,Electronic check,20.15,341.35
4223-BKEOR,0.19165157,Low Risk,21,0.5,40.586100679157596,59.167420864105225,One year,DSL,Mailed check,64.85,1336.8
4079-VTGLK,0.14244403,Low Risk,30,0.5,20.382714003898286,65.37779927253723,Two year,DSL,Electronic check,74.85,2181.75
1763-WQFUK,0.6175417,High Risk,3,0.16666666666666666,74.90108205437164,23.706249793370564,Month-to-month,DSL,Mailed check,50.5,147.75
1391-UBDAR,0.6894544,High Risk,11,0.16666666666666666,66.77333180317656,23.443947831789654,Month-to-month,Fiber optic,Electronic check,72.9,818.45
8894-JVDCV,0.2974523,Low Risk,62,1.0,0.0,80.9607168038686,One year,Fiber optic,Credit card (automatic),115.05,7133.45
2023-VQFDL,0.24631673,Low Risk,18,0.0,0.0,45.18416345119476,Month-to-month,No,Electronic check,19.0,348.8
1345-GKDZZ,0.23804437,Low Risk,6,0.0,0.0,40.59778094291687,Month-to-month,No,Mailed check,19.55,128.6
2014-MKGMH,0.5351015,Medium Risk,46,0.5,20.382714003898286,52.41159300009409,One year,Fiber optic,Electronic check,101.1,4674.4
5628-FCGYG,0.7717425,High Risk,21,0.16666666666666666,57.95296951208529,23.496207197507225,Month-to-month,Fiber optic,Electronic check,84.1,1737.45
2560-WBWXF,0.048255503,Low Risk,68,0.0,0.0,75.92055817445119,Two year,No,Bank transfer (automatic),24.15,1498.85
0248-IPDFW,0.80563,High Risk,1,0.0,80.99453605766122,10.135165254275003,Month-to-month,DSL,Electronic check,50.1,50.1
7978-DKUQH,0.654852,High Risk,25,0.16666666666666666,66.77333180317656,31.007401347160336,Month-to-month,Fiber optic,Electronic check,74.6,1797.75
4335-UPJSI,0.06575542,Low Risk,24,0.0,0.0,56.712228655815125,Two year,No,Mailed check,19.75,498.1
0524-IAVZO,0.7273969,High Risk,30,0.16666666666666666,57.95296951208529,29.463488062222797,Month-to-month,Fiber optic,Electronic check,85.0,2624.25
2737-YNGYW,0.79967993,High Risk,2,0.16666666666666666,57.95296951208529,14.18266991774241,Month-to-month,Fiber optic,Electronic check,80.55,184.1
1784-EZDKJ,0.5529637,Medium Risk,51,0.6666666666666666,9.239118581732612,56.93514962991079,One year,Fiber optic,Bank transfer (automatic),106.8,5498.8
9297-FVVDH,0.09319857,Low Risk,57,0.8333333333333334,11.143595422165674,85.75673977533978,Two year,DSL,Electronic check,84.5,4845.4
8007-YYPWD,0.086838886,Low Risk,15,0.0,0.0,51.90805494785309,Two year,No,Bank transfer (automatic),25.05,369.1
7101-HRBLJ,0.037634265,Low Risk,72,1.0,0.0,98.1182873249054,Two year,DSL,Bank transfer (automatic),83.7,6096.9
5159-YFPKQ,0.8359957,High Risk,2,0.16666666666666666,66.77333180317656,12.366882960001627,Month-to-month,Fiber optic,Electronic check,75.8,160.75
6635-CPNUN,0.57197857,Medium Risk,28,0.5,32.280685127308544,43.06773821512858,Month-to-month,Fiber optic,Credit card (automatic),96.6,2684.35
4021-RQSNY,0.7907749,High Risk,29,0.5,20.382714003898286,32.544589241345726,Month-to-month,Fiber optic,Electronic check,98.5,3004.15
5453-YBTWV,0.09449294,Low Risk,70,0.8333333333333334,23.041566545575932,91.1086877187093,Two year,Fiber optic,Credit card (automatic),101.1,6994.8
5039-LZRQT,0.10665997,Low Risk,13,0.0,0.0,50.08366922537486,One year,No,Mailed check,20.2,273.25
2931-VUVJN,0.29279232,Low Risk,59,0.6666666666666666,46.390617799278274,73.27705065409343,One year,Fiber optic,Electronic check,94.05,5483.9
9061-TIHDA,0.8549358,High Risk,13,0.3333333333333333,34.60391825838295,19.336542089780174,Month-to-month,Fiber optic,Electronic check,95.25,1233.65
8699-ASUFO,0.8046801,High Risk,7,0.0,80.99453605766122,12.682661215464275,Month-to-month,Fiber optic,Mailed check,74.4,527.9
6418-PIQSP,0.07005362,Low Risk,62,0.8333333333333334,11.143595422165674,88.99731814861298,Two year,DSL,Mailed check,81.0,4985.9
8220-OCUFY,0.23864307,Low Risk,21,0.5,57.53421322144395,56.81784749031067,One year,DSL,Electronic check,60.25,1258.35
3995-WFCSM,0.6581267,High Risk,2,0.3333333333333333,43.73176525760063,24.593664407730103,Month-to-month,DSL,Electronic check,60.85,111.4
1895-QTKDO,0.69168067,High Risk,1,0.0,80.99453605766122,15.832633177439373,Month-to-month,DSL,Credit card (automatic),43.95,43.95
2038-OEQZH,0.7932784,High Risk,4,0.3333333333333333,43.73176525760063,18.669413526852924,Month-to-month,Fiber optic,Electronic check,86.05,308.1
1178-PZGAB,0.100688204,Low Risk,19,0.0,0.0,52.88225571314493,One year,No,Credit card (automatic),20.25,383.65
7927-AUXBZ,0.6094838,High Risk,30,0.3333333333333333,51.5520308006693,38.69247774283091,Month-to-month,Fiber optic,Electronic check,85.15,2555.9
2626-VEEWG,0.056562457,Low Risk,67,0.0,0.0,75.0885425011317,Two year,No,Credit card (automatic),19.4,1284.2
2878-RMWXY,0.09901648,Low Risk,72,0.6666666666666666,29.44250525699192,88.38250895341237,Two year,Fiber optic,Credit card (automatic),102.65,7550.3
1657-DYMBM,0.06279631,Low Risk,53,0.0,0.0,68.9435185988744,Two year,No,Credit card (automatic),19.9,1110.05
7311-MQJCH,0.13565953,Low Risk,5,0.0,0.0,45.3003575404485,One year,No,Electronic check,19.55,99.6
7375-WMVMT,0.12907895,Low Risk,71,0.6666666666666666,26.494715832145374,86.46271745363872,Two year,Fiber optic,Credit card (automatic),95.5,6707.15
1136-XGEQU,0.23781216,Low Risk,50,0.8333333333333334,3.145664578443032,75.60939192771912,One year,DSL,Credit card (automatic),84.15,4164.4
2530-FMFXO,0.21873358,Low Risk,56,0.6666666666666666,14.289260000608706,75.72998921076457,Two year,Fiber optic,Electronic check,103.2,5873.75
6844-DZKRF,0.6461151,High Risk,2,0.16666666666666666,74.90108205437164,21.86091045538584,Month-to-month,DSL,Credit card (automatic),50.2,109.25
4695-WJZUE,0.8881143,High Risk,2,0.3333333333333333,43.73176525760063,13.09428632259369,Month-to-month,Fiber optic,Electronic check,88.55,179.25
7619-ODSGN,0.40024978,Medium Risk,24,0.16666666666666666,77.84887147921819,43.32084437211354,Month-to-month,DSL,Electronic check,54.75,1338.15
5970-GHJAW,0.05249865,Low Risk,46,0.0,0.0,66.541734735171,Two year,No,Credit card (automatic),19.95,862.4
8879-XUAHX,0.09083753,Low Risk,71,1.0,0.0,95.04145642121632,Two year,Fiber optic,Electronic check,116.25,8564.75
3689-MOZGR,0.4463583,Medium Risk,29,0.16666666666666666,74.90108205437164,43.098750511805214,Month-to-month,DSL,Electronic check,31.2,926.2
4195-PNGZS,0.042079348,Low Risk,69,0.0,0.0,76.64603352546692,Two year,No,Bank transfer (automatic),24.45,1718.2
5003-XZWWO,0.05271996,Low Risk,71,0.8333333333333334,3.145664578443032,93.6140024662018,Two year,DSL,Credit card (automatic),84.2,5956.85
3988-RQIXO,0.91103137,High Risk,1,0.3333333333333333,34.60391825838295,11.53176506360372,Month-to-month,Fiber optic,Electronic check,91.3,91.3
7622-FWGEW,0.12698704,Low Risk,56,1.0,0.0,86.98398133118947,Two year,DSL,Bank transfer (automatic),85.65,4824.45
6922-NCEDI,0.093733825,Low Risk,56,0.0,0.0,68.64664097627005,One year,No,Mailed check,21.2,1238.65
2514-GINMM,0.9054412,High Risk,1,0.16666666666666666,57.64548480395888,8.477938771247864,Month-to-month,Fiber optic,Electronic check,79.5,79.5
9891-NQDBD,0.11732794,Low Risk,28,0.0,0.0,55.80027023951213,One year,No,Mailed check,25.55,672.2
6131-IUNXN,0.18652913,Low Risk,19,0.0,0.0,48.59020868937174,Month-to-month,No,Mailed check,20.2,382.2
8548-AWOFC,0.28791556,Low Risk,66,0.3333333333333333,51.85951550879571,69.77088729540506,Month-to-month,DSL,Electronic check,63.85,4264.6
9798-DRYDS,0.24152601,Low Risk,17,0.3333333333333333,60.67987779988698,51.67369961738586,One year,DSL,Mailed check,61.95,1070.7
8532-UEFWH,0.05334743,Low Risk,52,0.0,0.0,68.99929622809093,Two year,No,Mailed check,25.75,1345.85
6296-DDOOR,0.24903847,Low Risk,19,0.3333333333333333,46.501889381793205,52.131410439809166,One year,DSL,Electronic check,58.2,1045.25
7951-VRDVK,0.27780172,Low Risk,36,1.0,0.0,71.10991239547731,One year,DSL,Bank transfer (automatic),85.85,3003.55
5931-FLJJF,0.75434786,High Risk,7,0.0,80.99453605766122,15.199273626009624,Month-to-month,Fiber optic,Mailed check,70.1,467.55
4815-YOSUK,0.20213835,Low Risk,72,0.8333333333333334,23.349051253702342,86.55974845091504,One year,Fiber optic,Credit card (automatic),104.9,7537.5
2659-VXMWZ,0.3189137,Medium Risk,67,0.8333333333333334,6.09345400328958,78.63764842351277,One year,Fiber optic,Electronic check,111.3,7482.1
0380-NEAVX,0.5458764,Medium Risk,34,0.6666666666666666,9.239118581732612,50.206180810928345,One year,Fiber optic,Electronic check,99.85,3343.15
3207-OYBWH,0.5231191,Medium Risk,57,0.5,32.588169835434954,57.59404540061951,Month-to-month,Fiber optic,Bank transfer (automatic),95.25,5427.05
4285-GYRQC,0.83751684,High Risk,7,0.3333333333333333,43.42428054947422,17.707491119702656,Month-to-month,Fiber optic,Electronic check,86.25,587.1
7216-EWTRS,0.9234062,High Risk,1,0.5,20.382714003898286,14.246357480684917,Month-to-month,Fiber optic,Electronic check,100.8,100.8
4365-MSDYN,0.2534025,Low Risk,8,0.0,0.0,40.663209756215416,Month-to-month,No,Bank transfer (automatic),19.55,161.15
7036-TYDEC,0.3081989,Medium Risk,69,0.6666666666666666,14.289260000608706,76.67338689168294,Two year,Fiber optic,Electronic check,104.0,7028.5
5802-ADBRC,0.45421302,Medium Risk,50,0.6666666666666666,17.237049425455254,61.456015507380165,One year,Fiber optic,Mailed check,104.4,5232.9
8076-FEZKJ,0.11478034,Low Risk,10,0.0,0.0,48.42765132586162,One year,No,Mailed check,19.5,225.85
5197-YPYBZ,0.07468946,Low Risk,12,0.0,0.0,51.265527606010444,Two year,No,Credit card (automatic),25.25,274.7
8337-MSSXB,0.7883596,High Risk,14,0.3333333333333333,46.809374089919615,23.08202087879181,Month-to-month,Fiber optic,Electronic check,86.3,1180.95
4312-GVYNH,0.05920126,Low Risk,70,0.6666666666666666,34.492646675868016,89.53993797302246,Two year,DSL,Bank transfer (automatic),49.85,3370.2
8495-LJDFO,0.3510611,Medium Risk,64,0.8333333333333334,11.143595422165674,75.78027804692586,Month-to-month,Fiber optic,Bank transfer (automatic),108.95,7111.3
0839-JTCUD,0.06230099,Low Risk,66,1.0,0.0,94.38495099544524,Two year,DSL,Credit card (automatic),89.9,5958.85
5494-WOZRZ,0.047988396,Low Risk,71,0.8333333333333334,11.143595422165674,93.8505792617798,Two year,DSL,Credit card (automatic),82.0,5999.85
1302-UHBDD,0.71653533,High Risk,20,0.3333333333333333,34.60391825838295,29.173233509063717,Month-to-month,Fiber optic,Electronic check,89.95,1648.45
2234-EOFPT,0.04300317,Low Risk,72,0.8333333333333334,14.221204254484661,94.51650659243268,Two year,DSL,Bank transfer (automatic),79.35,5753.25
8619-IJNDK,0.06562786,Low Risk,71,0.6666666666666666,46.390617799278274,89.63527301947276,Two year,DSL,Credit card (automatic),64.05,4492.9
8378-LKJAF,0.6777925,High Risk,38,0.5,20.382714003898286,41.94370885690053,Month-to-month,Fiber optic,Credit card (automatic),101.15,3956.7
8182-BJDSI,0.72672397,High Risk,28,0.3333333333333333,46.809374089919615,31.99713488419851,Month-to-month,Fiber optic,Electronic check,89.95,2625.55
2528-HFYZX,0.74244773,High Risk,17,0.16666666666666666,69.85094063549555,23.294279972712197,Month-to-month,Fiber optic,Electronic check,76.45,1233.4
1153-GNOLC,0.28628445,Low Risk,33,0.3333333333333333,46.501889381793205,56.10244433085123,One year,DSL,Electronic check,39.1,1309.0
3298-QEICA,0.06661063,Low Risk,23,0.3333333333333333,71.75541747592861,62.91946828365326,Two year,DSL,Mailed check,34.6,813.45
0788-DXBFY,0.13484387,Low Risk,58,0.0,0.0,67.42447237173717,One year,No,Electronic check,19.55,1108.8
3597-YASZG,0.22676529,Low Risk,70,0.6666666666666666,17.366868832927693,81.1617362499237,Two year,Fiber optic,Bank transfer (automatic),104.45,7349.35
3496-LFSZU,0.74524206,High Risk,4,0.0,80.99453605766122,14.404563705126444,Month-to-month,Fiber optic,Electronic check,70.5,294.2
5242-UOWHD,0.04763795,Low Risk,45,0.0,0.0,66.36810302734375,Two year,No,Mailed check,20.35,929.2
2482-CZGBB,0.77872336,High Risk,10,0.0,80.99453605766122,15.230498711268107,Month-to-month,Fiber optic,Electronic check,70.0,740.0
6479-SZPLM,0.05534952,Low Risk,36,0.0,0.0,62.23252356052399,Two year,No,Credit card (automatic),19.45,754.5
8097-VBQTZ,0.17113523,Low Risk,54,0.6666666666666666,37.26277080006059,77.2765709956487,Month-to-month,DSL,Mailed check,69.9,3883.3
4500-HKANN,0.065182835,Low Risk,23,0.3333333333333333,63.75748663220597,62.99085974693298,Two year,DSL,Mailed check,59.7,1414.2
9917-KWRBE,0.16416755,Low Risk,41,0.6666666666666666,29.135020548865512,72.20829049746195,One year,DSL,Credit card (automatic),78.35,3211.2
3420-ZDBMA,0.7830376,High Risk,5,0.0,80.99453605766122,12.931453188260397,Month-to-month,Fiber optic,Mailed check,71.45,371.6
2212-LYASK,0.35681364,Medium Risk,27,0.5,32.588169835434954,53.409316539764404,One year,DSL,Credit card (automatic),45.85,1246.4
1393-IMKZG,0.86017895,High Risk,1,0.5,28.510464255093368,17.407719294230144,Month-to-month,Fiber optic,Electronic check,95.85,95.85
8069-RHUXK,0.05764175,Low Risk,67,0.3333333333333333,71.75541747592861,81.70124610265096,Two year,DSL,Credit card (automatic),35.7,2545.7
3398-GCPMU,0.056947622,Low Risk,72,1.0,0.0,97.1526175737381,Two year,DSL,Credit card (automatic),89.55,6448.85
2908-WGAXL,0.06051096,Low Risk,56,0.0,0.0,70.30778666337332,Two year,No,Credit card (automatic),24.95,1468.9
3378-AJRAO,0.1085964,Low Risk,44,0.0,0.0,62.90351410706838,One year,No,Electronic check,24.85,1013.6
1013-QCWAM,0.64191586,High Risk,66,0.5,23.460322836217273,55.40420711040497,Month-to-month,Fiber optic,Electronic check,100.8,6690.75
0866-QLSIR,0.12409279,Low Risk,34,0.5,60.611822053762936,67.96202580134073,One year,DSL,Mailed check,64.4,2088.75
6050-FFXES,0.19703436,Low Risk,69,0.6666666666666666,14.289260000608706,82.23161538441975,Two year,Fiber optic,Bank transfer (automatic),105.35,7240.65
7181-BQYBV,0.88730717,High Risk,1,0.6666666666666666,17.237049425455254,19.384641647338867,Month-to-month,Fiber optic,Electronic check,102.45,102.45
0362-RAOQO,0.064151175,Low Risk,40,0.0,0.0,63.45910827318827,Two year,No,Credit card (automatic),19.65,830.25
9554-DFKIC,0.2574269,Low Risk,30,0.16666666666666666,77.84887147921819,52.961990435918175,Month-to-month,DSL,Bank transfer (automatic),54.45,1588.7
5527-ACHSO,0.40164196,Medium Risk,11,0.5,28.510464255093368,44.50123508771261,Month-to-month,DSL,Mailed check,70.5,829.3
0829-DDVLK,0.12096917,Low Risk,15,0.0,0.0,50.20154118537903,One year,No,Credit card (automatic),20.1,302.45
1399-UBQIU,0.5552654,Medium Risk,11,0.5,20.382714003898286,36.820062001546226,Month-to-month,DSL,Electronic check,69.35,712.25
1813-JLKWR,0.0782499,Low Risk,64,0.0,0.0,72.7541700998942,One year,No,Bank transfer (automatic),19.8,1336.65
0336-PIKEI,0.0770835,Low Risk,72,0.8333333333333334,23.041566545575932,92.81249324480694,Two year,DSL,Bank transfer (automatic),74.4,5360.75
7322-OCWHC,0.06299051,Low Risk,72,0.6666666666666666,46.390617799278274,90.1838090022405,Two year,Fiber optic,Bank transfer (automatic),93.05,6735.05
9537-VHDTA,0.6173554,High Risk,1,0.16666666666666666,77.84887147921819,22.882229685783386,Month-to-month,DSL,Mailed check,51.2,51.2
4957-TIALW,0.18015687,Low Risk,15,0.6666666666666666,46.390617799278274,60.57548900445302,One year,DSL,Credit card (automatic),65.6,1010.0
2054-PJOCK,0.1709763,Low Risk,60,0.6666666666666666,14.289260000608706,79.7845192750295,One year,DSL,Credit card (automatic),80.55,4847.05
9150-HEPMB,0.109315224,Low Risk,56,0.3333333333333333,63.62766722473353,74.53423917293549,One year,DSL,Mailed check,52.7,3019.7
9030-QGZNL,0.07394191,Low Risk,8,0.0,0.0,49.63623901208242,Two year,No,Mailed check,20.85,161.65
6204-IEUXJ,0.75526863,High Risk,3,0.3333333333333333,60.67987779988698,20.153234998385113,Month-to-month,Fiber optic,Credit card (automatic),80.1,217.55
3126-WQMGH,0.32501322,Medium Risk,49,0.0,80.99453605766122,54.1660056511561,Month-to-month,DSL,Credit card (automatic),52.15,2583.75
4529-CKBCL,0.84640354,High Risk,2,0.16666666666666666,57.64548480395888,11.846489707628885,Month-to-month,Fiber optic,Electronic check,80.2,146.05
2506-CLAKW,0.8271781,High Risk,6,0.8333333333333334,23.349051253702342,27.807760636011757,Month-to-month,Fiber optic,Bank transfer (automatic),98.15,567.45
7176-WRTNX,0.36261836,Medium Risk,70,1.0,0.0,81.03575030962627,Two year,Fiber optic,Bank transfer (automatic),114.95,7711.25
1583-IHQZE,0.7756019,High Risk,12,0.8333333333333334,3.145664578443032,32.886570493380226,Month-to-month,Fiber optic,Mailed check,112.95,1384.75
5732-IKGQH,0.5068883,Medium Risk,52,0.8333333333333334,11.143595422165674,62.98891981442769,One year,Fiber optic,Bank transfer (automatic),104.45,5481.25
9239-GZHZE,0.049697354,Low Risk,72,1.0,0.0,97.51513302326202,Two year,Fiber optic,Credit card (automatic),113.65,8124.2
7205-BAIAD,0.056441892,Low Risk,40,0.0,0.0,63.84457151095072,Two year,No,Bank transfer (automatic),20.6,827.3
0151-ONTOV,0.8511637,High Risk,1,0.0,80.99453605766122,7.858482400576274,Month-to-month,Fiber optic,Mailed check,70.9,70.9
4140-MUHUG,0.85390174,High Risk,3,0.3333333333333333,43.42428054947422,15.221579472223917,Month-to-month,Fiber optic,Electronic check,86.85,220.95
0093-EXYQL,0.6705989,High Risk,40,0.3333333333333333,34.60391825838295,39.803387125333145,Month-to-month,Fiber optic,Electronic check,91.55,3673.6
8064-RAVOH,0.8028425,High Risk,1,0.16666666666666666,66.77333180317656,13.607875108718872,Month-to-month,DSL,Electronic check,49.85,49.85
0219-QAERP,0.07296695,Low Risk,30,0.0,0.0,58.85165333747864,One year,No,Credit card (automatic),19.8,576.65
0320-JDNQG,0.7402824,High Risk,23,0.6666666666666666,25.364799676650335,35.902545849482216,Month-to-month,Fiber optic,Electronic check,99.85,2331.3
7180-PISOG,0.9036325,High Risk,1,0.0,80.99453605766122,5.235040585199992,Month-to-month,Fiber optic,Electronic check,74.5,74.5
9168-INPSZ,0.70025575,High Risk,44,0.6666666666666666,14.289260000608706,46.65387908617655,Month-to-month,Fiber optic,Electronic check,104.15,4495.65
3571-RFHAR,0.6085586,High Risk,65,0.8333333333333334,3.145664578443032,63.322070240974426,Month-to-month,Fiber optic,Electronic check,109.15,6941.2
0015-UOCOJ,0.6133818,High Risk,7,0.16666666666666666,77.84887147921819,25.580909848213196,Month-to-month,DSL,Electronic check,48.2,340.35
5334-AFQJB,0.049471393,Low Risk,72,0.0,0.0,77.5264310836792,Two year,No,Credit card (automatic),25.1,1789.9
2754-SDJRD,0.8662441,High Risk,8,0.5,28.510464255093368,20.021129449208576,Month-to-month,Fiber optic,Credit card (automatic),100.15,908.55
9578-VRMNM,0.5035713,Medium Risk,16,0.3333333333333333,43.73176525760063,38.15476973851521,Month-to-month,DSL,Credit card (automatic),65.2,1043.35
1587-FKLZB,0.56315905,Medium Risk,66,0.5,20.382714003898286,59.342047572135925,Month-to-month,Fiber optic,Credit card (automatic),99.5,6822.15
6140-QNRQQ,0.8705495,High Risk,1,0.0,80.99453605766122,6.8891916672388716,Month-to-month,Fiber optic,Mailed check,71.55,71.55
8963-JLGJT,0.54169387,Medium Risk,3,0.3333333333333333,63.62766722473353,30.83197335402171,Month-to-month,DSL,Mailed check,55.9,157.55
4307-KTUMW,0.519377,Medium Risk,53,0.5,40.586100679157596,56.114483674367264,Month-to-month,Fiber optic,Electronic check,93.9,5029.2
1465-LNTLJ,0.43658027,Medium Risk,8,0.5,37.63831125431105,41.50431831677754,Month-to-month,DSL,Credit card (automatic),64.4,581.7
5440-FLBQG,0.473506,Medium Risk,69,0.8333333333333334,3.145664578443032,71.74136797587076,Two year,Fiber optic,Bank transfer (automatic),108.4,7318.2
2135-DQWAQ,0.8334833,High Risk,5,0.3333333333333333,46.501889381793205,17.075836062431335,Month-to-month,Fiber optic,Mailed check,85.3,420.45
4056-QHXHZ,0.11196033,Low Risk,72,0.8333333333333334,11.143595422165674,91.06864909331006,Two year,Fiber optic,Mailed check,107.45,7576.7
7470-MCQTK,0.5554309,Medium Risk,13,0.5,20.382714003898286,37.64512221018473,Month-to-month,DSL,Bank transfer (automatic),48.75,633.4
7488-MXJIV,0.8753784,High Risk,4,0.16666666666666666,57.64548480395888,11.23108148574829,Month-to-month,Fiber optic,Electronic check,85.65,321.65
7401-JIXNM,0.071243554,Low Risk,54,1.0,0.0,88.93782377243042,Two year,DSL,Credit card (automatic),91.3,4965.0
9339-FIIJL,0.04741619,Low Risk,72,0.8333333333333334,3.145664578443032,94.29585615793866,Two year,DSL,Bank transfer (automatic),85.95,6151.9
2027-FECZV,0.83081216,High Risk,12,0.6666666666666666,9.239118581732612,26.79272552331289,Month-to-month,Fiber optic,Electronic check,106.7,1253.9
2672-DZUOY,0.8132138,High Risk,1,0.0,80.99453605766122,9.755975405375162,Month-to-month,DSL,Electronic check,25.15,25.15
4706-DGAHW,0.7797697,High Risk,1,0.0,80.99453605766122,11.428180734316507,Month-to-month,DSL,Electronic check,45.2,45.2
3870-MQAMG,0.55614936,Medium Risk,54,0.8333333333333334,3.145664578443032,61.359198490778596,One year,Fiber optic,Electronic check,110.35,5893.15
6670-MFRPK,0.12255782,Low Risk,69,0.16666666666666666,66.77333180317656,75.95544238885243,Two year,Fiber optic,Credit card (automatic),79.2,5420.65
6177-PEVRA,0.07614633,Low Risk,48,0.3333333333333333,66.70527605705252,72.85935143629709,Two year,DSL,Credit card (automatic),55.5,2627.35
4800-CZMPC,0.4583473,Medium Risk,48,0.6666666666666666,20.31465825777424,60.4159673055013,One year,Fiber optic,Credit card (automatic),103.25,5037.55
4813-HQMGZ,0.8468505,High Risk,8,0.3333333333333333,51.85951550879571,17.657474279403683,Month-to-month,Fiber optic,Electronic check,90.25,743.75
7579-KKLOE,0.046035316,Low Risk,71,1.0,0.0,97.28156884511311,Two year,DSL,Mailed check,91.25,6589.6
7377-DMMRI,0.7629224,High Risk,2,0.16666666666666666,77.84887147921819,16.020546356836952,Month-to-month,DSL,Electronic check,47.8,92.45
8402-EIVQS,0.3694603,Medium Risk,67,0.6666666666666666,20.31465825777424,72.77698278427124,One year,Fiber optic,Credit card (automatic),100.9,6733.15
4947-DSMXK,0.66554683,High Risk,34,0.5,23.460322836217273,40.889324943224594,Month-to-month,Fiber optic,Bank transfer (automatic),97.7,3410.0
7245-NIIWQ,0.80906814,High Risk,3,0.0,80.99453605766122,10.796592831611633,Month-to-month,Fiber optic,Electronic check,69.85,199.85
0002-ORFBO,0.27987143,Low Risk,9,0.5,40.408435378503626,49.756426811218255,One year,DSL,Mailed check,65.6,593.3
3324-OIRTO,0.23171778,Low Risk,71,0.8333333333333334,6.09345400328958,84.6641117334366,One year,Fiber optic,Bank transfer (automatic),104.65,7288.4
5414-OFQCB,0.14248562,Low Risk,57,0.3333333333333333,51.5520308006693,73.29238573710124,Two year,Fiber optic,Credit card (automatic),90.45,5229.8
4967-WPNCF,0.04323971,Low Risk,72,1.0,0.0,97.83801436424255,Two year,DSL,Bank transfer (automatic),63.7,4464.8
8552-OBVRU,0.49674287,Medium Risk,48,0.8333333333333334,11.143595422165674,61.82952443758647,Month-to-month,Fiber optic,Electronic check,104.5,5068.05
8499-BRXTD,0.09147404,Low Risk,18,0.0,0.0,52.92629718780517,One year,No,Mailed check,20.1,401.85
9154-QDGTH,0.5062597,Medium Risk,43,0.6666666666666666,14.289260000608706,55.937016010284424,One year,Fiber optic,Credit card (automatic),104.3,4451.85
8197-BFWVU,0.039809044,Low Risk,72,1.0,0.0,98.00954759120941,Two year,DSL,Bank transfer (automatic),93.25,6688.95
2577-GVSIL,0.3335581,Medium Risk,35,0.5,28.510464255093368,57.905429204305015,One year,DSL,Bank transfer (automatic),73.45,2661.1
9367-OIUXP,0.31087515,Medium Risk,4,0.0,0.0,36.12290779749552,Month-to-month,No,Mailed check,20.7,73.05
6770-UAYGJ,0.05769108,Low Risk,49,0.0,0.0,67.53211180369058,Two year,No,Mailed check,25.25,1211.65
6463-HHXJR,0.08002854,Low Risk,71,0.6666666666666666,29.135020548865512,88.91523996988933,Two year,Fiber optic,Bank transfer (automatic),100.5,7030.65
7928-VJYAB,0.7611883,High Risk,11,0.3333333333333333,34.60391825838295,23.19058358669281,Month-to-month,Fiber optic,Electronic check,90.6,1020.2
1187-WILMM,0.054118782,Low Risk,63,1.0,0.0,93.54406237602232,Two year,DSL,Credit card (automatic),89.4,5597.65
9776-OJUZI,0.46309504,Medium Risk,65,0.5,32.280685127308544,63.92857988675434,Month-to-month,Fiber optic,Bank transfer (automatic),95.45,6223.3
1306-RPWXZ,0.059457254,Low Risk,49,0.0,0.0,67.4438045422236,Two year,No,Credit card (automatic),20.45,1024.65
8949-JTMAY,0.7056676,High Risk,29,0.5,20.382714003898286,36.799952586491905,Month-to-month,Fiber optic,Credit card (automatic),98.6,2933.2
2774-LVQUS,0.78543115,High Risk,15,0.3333333333333333,60.67987779988698,23.64510933558146,Month-to-month,Fiber optic,Electronic check,83.05,1258.3
3097-PYWXL,0.40060776,Medium Risk,4,0.0,0.0,31.63627843062083,Month-to-month,No,Electronic check,19.95,82.9
2266-SJNAT,0.29557467,Low Risk,72,0.8333333333333334,3.145664578443032,81.88793341318768,One year,Fiber optic,Credit card (automatic),109.15,7789.6
0869-PAPRP,0.60785705,High Risk,26,0.3333333333333333,43.42428054947422,37.107147574424744,Month-to-month,Fiber optic,Credit card (automatic),85.7,2067.0
4238-JSSWH,0.6696943,High Risk,35,0.5,20.382714003898286,41.09861811002096,Month-to-month,Fiber optic,Bank transfer (automatic),102.05,3452.55
2972-YDYUW,0.31349844,Medium Risk,57,0.5,40.715920086630035,68.07507812976837,One year,Fiber optic,Electronic check,94.7,5468.95
1104-FEJAM,0.28423616,Low Risk,28,0.3333333333333333,46.809374089919615,54.12152369817098,Month-to-month,DSL,Electronic check,64.4,1802.15
2809-ILCYT,0.13406995,Low Risk,25,0.0,0.0,53.71317068735758,One year,No,Mailed check,26.8,733.55
5499-ECUTN,0.14238103,Low Risk,47,0.5,40.278615971031186,72.46428271134694,One year,DSL,Credit card (automatic),66.05,3021.45
4981-FLTMF,0.17147298,Low Risk,57,0.5,60.611822053762936,75.1763516664505,Month-to-month,DSL,Bank transfer (automatic),65.2,3687.85
9121-PHQSR,0.7178018,High Risk,16,0.16666666666666666,57.64548480395888,24.109909534454342,Month-to-month,Fiber optic,Credit card (automatic),85.05,1391.15
3113-IWHLC,0.53375924,Medium Risk,5,0.3333333333333333,63.62766722473353,32.06203818321228,Month-to-month,DSL,Mailed check,55.8,274.35
3211-ILJTT,0.6290593,High Risk,17,0.0,80.99453605766122,25.63036759694417,Month-to-month,Fiber optic,Bank transfer (automatic),70.4,1214.05
4612-THJBS,0.5223109,Medium Risk,56,0.6666666666666666,9.239118581732612,60.551121036211654,One year,Fiber optic,Bank transfer (automatic),104.75,5510.65
4277-BWBML,0.043501657,Low Risk,72,0.0,0.0,77.82491624355316,Two year,No,Bank transfer (automatic),19.95,1322.85
4094-NSEDU,0.8054847,High Risk,21,0.3333333333333333,34.60391825838295,25.142431060473125,Month-to-month,Fiber optic,Electronic check,94.25,1973.75
0234-TEVTT,0.20488971,Low Risk,48,0.5,40.586100679157596,69.75551426410675,One year,DSL,Credit card (automatic),45.0,2196.3
4304-TSPVK,0.089650795,Low Risk,68,1.0,0.0,93.85079284509024,Two year,Fiber optic,Bank transfer (automatic),114.9,7843.55
1552-AAGRX,0.5508047,Medium Risk,30,0.6666666666666666,25.364799676650335,48.29309960206349,Month-to-month,Fiber optic,Bank transfer (automatic),106.4,3211.9
2637-FKFSY,0.6648789,High Risk,3,0.0,80.99453605766122,18.006054759025574,Month-to-month,DSL,Mailed check,46.1,130.15
9796-MVYXX,0.11433045,Low Risk,14,0.5,57.53421322144395,60.116809805234276,Two year,DSL,Mailed check,39.7,692.35
7874-ECPQJ,0.33478156,Medium Risk,4,0.0,0.0,34.92759029070536,Month-to-month,No,Bank transfer (automatic),20.05,85.5
0020-INWCK,0.13771175,Low Risk,71,0.5,32.588169835434954,82.69774516423544,Two year,Fiber optic,Credit card (automatic),95.75,6849.4
7089-RKVSZ,0.18945816,Low Risk,8,0.0,0.0,43.86042674382528,One year,No,Mailed check,24.4,203.95
2683-JXWQQ,0.26156944,Low Risk,61,0.3333333333333333,63.62766722473353,69.00486131509145,Month-to-month,DSL,Bank transfer (automatic),33.6,2117.2
9548-ZMVTX,0.059012268,Low Risk,72,0.5,49.53628237772131,87.04938530921936,Two year,Fiber optic,Bank transfer (automatic),90.45,6565.85
8739-XNIKG,0.87054586,High Risk,5,0.16666666666666666,57.64548480395888,11.889373461405436,Month-to-month,Fiber optic,Electronic check,84.0,424.75
9755-JHNMN,0.060238853,Low Risk,49,0.6666666666666666,46.390617799278274,80.73805809020995,Two year,DSL,Bank transfer (automatic),67.4,3306.85
3981-QSVQI,0.27202815,Low Risk,8,0.0,0.0,39.73192592461904,Month-to-month,No,Bank transfer (automatic),19.7,168.9
2789-HQBOU,0.8442515,High Risk,3,0.16666666666666666,57.95296951208529,12.370757659276327,Month-to-month,Fiber optic,Electronic check,80.35,253.8
9424-CMPOG,0.061402548,Low Risk,9,0.0,0.0,50.679872035980225,Two year,No,Mailed check,19.6,197.4
5067-WJEUN,0.061934274,Low Risk,67,0.3333333333333333,66.70527605705252,81.48661871751149,Two year,DSL,Bank transfer (automatic),54.2,3838.2
3450-WXOAT,0.2897683,Low Risk,46,0.0,80.99453605766122,54.678249756495156,Month-to-month,DSL,Credit card (automatic),45.2,2065.15
9251-WNSOD,0.1690192,Low Risk,67,0.6666666666666666,29.44250525699192,82.79903888702393,One year,DSL,Mailed check,75.1,5064.45
6974-DAFLI,0.13009723,Low Risk,55,0.0,0.0,66.4118061463038,One year,No,Electronic check,19.7,1140.05
2616-UUTFK,0.27326325,Low Risk,33,0.6666666666666666,29.135020548865512,63.42017253239949,Month-to-month,DSL,Bank transfer (automatic),72.75,2447.45
7064-JHXCE,0.04487609,Low Risk,62,0.0,0.0,73.5895284016927,Two year,No,Credit card (automatic),20.05,1263.9
5103-MHMHY,0.7020059,High Risk,1,0.0,80.99453605766122,15.316370526949566,Month-to-month,DSL,Mailed check,45.95,45.95
7989-AWGEH,0.3636264,Medium Risk,49,0.3333333333333333,54.80730493364226,58.90201528867085,Month-to-month,DSL,Electronic check,39.2,1838.15
4373-VVHQL,0.8001265,High Risk,1,0.0,80.99453605766122,10.41034201780955,Month-to-month,DSL,Electronic check,44.75,44.75
4559-UWIHT,0.8049973,High Risk,14,0.3333333333333333,55.629736381010886,22.250133752822876,Month-to-month,Fiber optic,Electronic check,82.65,1185.0
7268-IGMFD,0.5648979,Medium Risk,18,0.5,37.33082654618464,39.25510525703431,Month-to-month,Fiber optic,Bank transfer (automatic),93.9,1743.9
1846-XWOQN,0.8941205,High Risk,1,0.0,80.99453605766122,5.710640947024028,Month-to-month,Fiber optic,Electronic check,70.15,70.15
0235-KGSLC,0.88034105,High Risk,1,0.3333333333333333,43.42428054947422,13.066280682881674,Month-to-month,Fiber optic,Credit card (automatic),85.55,85.55
6650-BWFRT,0.063025385,Low Risk,72,1.0,0.0,96.84873223304749,Two year,Fiber optic,Credit card (automatic),117.15,8529.5
9570-KYEUA,0.12484724,Low Risk,64,0.6666666666666666,34.492646675868016,83.75763833522795,Two year,Fiber optic,Credit card (automatic),99.25,6549.45
6993-YGFJV,0.10015662,Low Risk,69,1.0,0.0,93.74216973781586,Two year,Fiber optic,Bank transfer (automatic),112.55,7806.5
2712-SYWAY,0.541296,Medium Risk,1,0.0,0.0,23.351866404215496,Month-to-month,No,Electronic check,25.7,25.7
0730-BGQGF,0.04486817,Low Risk,71,1.0,0.0,97.33992477258046,Two year,DSL,Credit card (automatic),90.3,6287.3
5498-IBWPI,0.12657893,Low Risk,66,0.16666666666666666,74.90108205437164,74.50438698132832,One year,DSL,Credit card (automatic),49.4,3251.85
9101-NTIXF,0.29413357,Low Risk,2,0.0,0.0,36.1266561349233,Month-to-month,No,Mailed check,19.4,50.6
0013-SMEOE,0.08919779,Low Risk,71,1.0,0.0,95.12344261010487,Two year,Fiber optic,Bank transfer (automatic),109.7,7904.25
9314-QDMDW,0.32761985,Medium Risk,11,0.3333333333333333,46.501889381793205,44.86900746822357,One year,DSL,Electronic check,61.25,729.95
9308-ANMVE,0.3182682,Medium Risk,47,0.3333333333333333,66.70527605705252,60.33659100532531,Month-to-month,DSL,Electronic check,55.3,2654.05
2884-GBPFB,0.6703089,High Risk,35,0.0,80.99453605766122,31.067888935407,Month-to-month,Fiber optic,Electronic check,70.3,2416.55
3757-NJYBX,0.6586874,High Risk,32,0.6666666666666666,9.239118581732612,43.732296029726655,Month-to-month,Fiber optic,Bank transfer (automatic),106.35,3520.75
3413-DHLPB,0.46901944,Medium Risk,60,0.6666666666666666,17.366868832927693,64.88236268361409,Month-to-month,Fiber optic,Bank transfer (automatic),103.75,5969.95
7649-PHJVR,0.11641132,Low Risk,11,0.0,0.0,48.76276691754659,One year,No,Mailed check,19.5,226.8
6114-TCFID,0.14649741,Low Risk,29,0.5,60.611822053762936,64.75846191247304,One year,DSL,Credit card (automatic),39.5,1082.75
3787-TRIAL,0.5976186,Medium Risk,21,0.0,80.99453605766122,28.869071006774906,Month-to-month,DSL,Electronic check,26.05,565.75
2573-GYRUU,0.6046833,High Risk,48,0.3333333333333333,43.73176525760063,46.43250266710916,Month-to-month,Fiber optic,Credit card (automatic),91.05,4370.75
5156-UMKOW,0.6134202,High Risk,3,0.16666666666666666,69.85094063549555,23.91232391198476,Month-to-month,DSL,Mailed check,29.65,90.05
1247-QBVSH,0.26096863,Low Risk,43,0.16666666666666666,69.85094063549555,58.201568722724915,Month-to-month,DSL,Mailed check,50.2,2169.4
6734-GMPVK,0.80259377,High Risk,5,0.6666666666666666,9.239118581732612,25.286978284517925,Month-to-month,Fiber optic,Electronic check,105.3,550.6
9822-OAOVB,0.8141223,High Risk,1,0.16666666666666666,57.95296951208529,13.043884038925171,Month-to-month,DSL,Electronic check,55.45,55.45
6161-ERDGD,0.20659296,Low Risk,71,0.8333333333333334,11.143595422165674,85.92035114765169,One year,DSL,Electronic check,85.45,6300.85
1226-JZNKR,0.21269444,Low Risk,8,0.0,0.0,42.698613007863365,One year,No,Electronic check,19.8,160.05
7318-EIVKO,0.61933863,High Risk,8,0.16666666666666666,57.64548480395888,25.699735085169472,Month-to-month,DSL,Electronic check,59.25,436.6
3771-PZOBW,0.6571833,High Risk,20,0.3333333333333333,43.42428054947422,32.14083552360535,Month-to-month,Fiber optic,Credit card (automatic),90.7,1781.35
5136-KCKGI,0.5057223,Medium Risk,33,0.6666666666666666,17.237049425455254,51.7972191174825,One year,Fiber optic,Mailed check,103.7,3467.0
8231-BSWXX,0.1603867,Low Risk,71,0.16666666666666666,69.85094063549555,74.89733258883159,One year,Fiber optic,Credit card (automatic),79.05,5552.5
6486-LHTMA,0.5068879,Medium Risk,31,0.3333333333333333,43.42428054947422,44.23893769582112,One year,Fiber optic,Electronic check,90.7,2835.5
4083-BFNYK,0.33693475,Medium Risk,38,0.5,43.66370951147658,58.986596067746476,One year,Fiber optic,Credit card (automatic),95.0,3591.25
3722-WPXTK,0.90441245,High Risk,1,0.3333333333333333,34.60391825838295,11.86271091302236,Month-to-month,Fiber optic,Electronic check,88.35,88.35
7389-KBFIT,0.7252369,High Risk,2,0.16666666666666666,69.85094063549555,17.9048220316569,Month-to-month,DSL,Mailed check,30.25,63.75
7176-WIONM,0.55628395,Medium Risk,12,0.5,20.382714003898286,37.1858024597168,Month-to-month,DSL,Bank transfer (automatic),49.85,617.15
5141-ZUVBH,0.7122483,High Risk,9,0.6666666666666666,34.492646675868016,31.470917065938313,Month-to-month,Fiber optic,Bank transfer (automatic),93.0,870.25
1089-HDMKP,0.50514746,Medium Risk,11,0.3333333333333333,63.75748663220597,35.99262714385986,Month-to-month,DSL,Electronic check,54.55,601.25
7623-HKYRK,0.24961834,Low Risk,6,0.0,0.0,40.01908242702484,Month-to-month,No,Mailed check,19.7,111.65
0310-SUCIN,0.17435463,Low Risk,71,1.0,0.0,90.86560269196828,One year,DSL,Bank transfer (automatic),84.8,6046.1
5197-PYEPU,0.22412625,Low Risk,42,0.5,43.35622480335017,66.29368901252747,One year,Fiber optic,Credit card (automatic),94.45,3923.8
2929-ERCFZ,0.84289753,High Risk,8,0.5,20.382714003898286,21.188456614812214,Month-to-month,Fiber optic,Electronic check,94.2,777.3
7548-SEPYI,0.8614347,High Risk,5,0.5,23.460322836217273,19.011598428090416,Month-to-month,Fiber optic,Electronic check,96.25,512.45
8835-VSDSE,0.816978,High Risk,2,0.0,80.99453605766122,9.984434445699057,Month-to-month,Fiber optic,Electronic check,70.7,141.45
6619-RPLQZ,0.048933394,Low Risk,45,0.0,0.0,66.30333065986633,Two year,No,Mailed check,20.85,892.15
3275-RHRNE,0.27620792,Low Risk,28,0.8333333333333334,3.145664578443032,64.52293713887533,One year,DSL,Credit card (automatic),60.0,1682.05
3503-TYDAY,0.5789837,Medium Risk,43,0.16666666666666666,69.85094063549555,42.30081379413605,Month-to-month,Fiber optic,Electronic check,80.45,3398.9
6901-GOGZG,0.09213106,Low Risk,60,0.8333333333333334,11.143595422165674,87.06011275450389,Two year,DSL,Electronic check,84.95,4984.85
1623-NLDOT,0.17575237,Low Risk,42,0.3333333333333333,63.75748663220597,65.37904659907024,One year,DSL,Mailed check,33.55,1445.3
7021-XSNYE,0.08215877,Low Risk,7,0.6666666666666666,34.492646675868016,62.14206278324127,Two year,DSL,Credit card (automatic),49.65,305.55
9621-OUPYD,0.08702662,Low Risk,25,0.0,0.0,56.06533686319987,One year,No,Bank transfer (automatic),20.2,507.9
9898-KZQDZ,0.6576115,High Risk,40,0.3333333333333333,34.60391825838295,40.452758868535355,Month-to-month,Fiber optic,Credit card (automatic),94.55,3640.45
8982-NHAVY,0.525977,Medium Risk,27,0.5,20.382714003898286,44.951149225234985,One year,Fiber optic,Bank transfer (automatic),100.5,2673.45
4307-KWMXE,0.47466934,Medium Risk,10,0.3333333333333333,63.75748663220597,37.099866469701134,Month-to-month,DSL,Electronic check,35.75,389.8
0141-YEAYS,0.6139248,High Risk,27,0.3333333333333333,55.629736381010886,37.22042659918467,Month-to-month,Fiber optic,Bank transfer (automatic),86.45,2401.05
2450-ZKEED,0.2294595,Low Risk,11,0.3333333333333333,60.67987779988698,49.777023792266846,One year,DSL,Bank transfer (automatic),53.8,651.55
3694-DELSO,0.53401875,Medium Risk,4,0.3333333333333333,54.49982022551585,31.63239558537801,Month-to-month,DSL,Credit card (automatic),38.55,156.1
3893-JRNFS,0.36797357,Medium Risk,68,0.3333333333333333,43.73176525760063,66.60132169723511,Month-to-month,DSL,Bank transfer (automatic),39.9,2796.35
9603-OAIHC,0.89408237,High Risk,1,0.0,80.99453605766122,5.71254829565684,Month-to-month,Fiber optic,Electronic check,70.05,70.05
1133-KXCGE,0.09614999,Low Risk,18,0.0,0.0,52.69250094890594,One year,No,Mailed check,20.1,407.05
5236-PERKL,0.26569265,Low Risk,57,0.8333333333333334,6.09345400328958,77.13203410307568,Two year,Fiber optic,Bank transfer (automatic),112.95,6465.0
0142-GVYSN,0.20231505,Low Risk,26,0.0,0.0,50.71758170922597,Month-to-month,No,Electronic check,20.3,511.25
1049-FYSYG,0.4818344,Medium Risk,17,0.3333333333333333,55.629736381010886,39.658279418945305,Month-to-month,DSL,Credit card (automatic),35.65,646.05
7854-FOKSF,0.76790553,High Risk,1,0.16666666666666666,57.95296951208529,15.354723334312439,Month-to-month,DSL,Electronic check,35.9,35.9
2519-FAKOD,0.6830473,High Risk,38,0.5,20.382714003898286,41.68096860249837,Month-to-month,Fiber optic,Bank transfer (automatic),99.25,3777.15
8406-LNMHF,0.16115223,Low Risk,59,0.5,52.484071802567854,76.52572115262349,One year,Fiber optic,Credit card (automatic),82.95,4903.15
1821-BUCWY,0.063992664,Low Risk,30,0.3333333333333333,63.62766722473353,65.96703271071117,Two year,DSL,Mailed check,55.65,1653.85
8263-JQAIK,0.75722617,High Risk,2,0.0,80.99453605766122,12.97202487786611,Month-to-month,DSL,Mailed check,24.45,47.5
0023-UYUPN,0.12824436,Low Risk,50,0.0,0.0,64.42111631234486,One year,No,Electronic check,25.2,1306.3
8314-DPQHL,0.2911815,Low Risk,9,0.6666666666666666,34.492646675868016,52.52425809701283,One year,DSL,Mailed check,50.8,463.6
1465-WCZVT,0.3136676,Medium Risk,3,0.0,0.0,35.566620230674744,Month-to-month,No,Mailed check,19.65,60.65
9481-SFCQY,0.43858266,Medium Risk,14,0.3333333333333333,43.42428054947422,40.57086706161499,Month-to-month,DSL,Credit card (automatic),59.8,824.85
6360-SVNWV,0.527718,Medium Risk,31,0.16666666666666666,77.84887147921819,39.864099621772766,Month-to-month,Fiber optic,Credit card (automatic),73.55,2094.65
0567-GGCAC,0.42968395,Medium Risk,7,0.5,52.484071802567854,41.43247048060099,Month-to-month,DSL,Electronic check,61.4,438.9
7089-IVVAZ,0.8492236,High Risk,8,0.6666666666666666,25.364799676650335,24.20548597971598,Month-to-month,Fiber optic,Bank transfer (automatic),103.35,847.3
8884-MRNSU,0.11384703,Low Risk,17,0.0,0.0,51.39098246892293,One year,No,Bank transfer (automatic),19.9,329.75
2171-UDMFD,0.18903771,Low Risk,32,0.0,0.0,53.88144930203755,Month-to-month,No,Credit card (automatic),19.45,674.55
9050-IKDZA,0.80520165,High Risk,2,0.16666666666666666,57.64548480395888,13.90658418337504,Month-to-month,Fiber optic,Mailed check,81.5,162.55
2205-YMZZJ,0.8695959,High Risk,7,0.16666666666666666,57.64548480395888,12.770205736160278,Month-to-month,Fiber optic,Electronic check,84.8,546.95
9802-CAQUT,0.054885842,Low Risk,72,0.8333333333333334,6.09345400328958,93.92237345377606,Two year,Fiber optic,Credit card (automatic),109.55,7887.25
1254-IZEYF,0.7568502,High Risk,31,0.5,23.460322836217273,35.0741575161616,Month-to-month,Fiber optic,Electronic check,99.95,3186.65
0187-WZNAB,0.44881797,Medium Risk,27,0.16666666666666666,77.84887147921819,42.142434914906815,Month-to-month,Fiber optic,Mailed check,74.4,1972.35
9492-TOKRI,0.68785214,High Risk,18,0.3333333333333333,46.501889381793205,29.774059454600017,Month-to-month,Fiber optic,Credit card (automatic),90.0,1527.35
1475-VWVDO,0.8080672,High Risk,7,0.16666666666666666,66.77333180317656,15.84663987159729,Month-to-month,Fiber optic,Electronic check,74.9,490.55
9221-OTIVJ,0.8462319,High Risk,14,0.6666666666666666,9.239118581732612,26.85507277647654,Month-to-month,Fiber optic,Electronic check,104.85,1531.4
1357-MVDOZ,0.4284819,Medium Risk,11,0.3333333333333333,43.42428054947422,39.82590317726135,Month-to-month,DSL,Bank transfer (automatic),59.65,683.25
7602-MVRMB,0.0659596,Low Risk,72,0.8333333333333334,11.143595422165674,93.36868802706402,Two year,Fiber optic,Bank transfer (automatic),110.45,8058.85
3325-FUYCG,0.4463367,Medium Risk,28,0.6666666666666666,20.31465825777424,52.68316566944122,One year,Fiber optic,Electronic check,106.1,2847.4
5908-QMGOE,0.7240327,High Risk,15,0.0,80.99453605766122,20.048364996910095,Month-to-month,Fiber optic,Credit card (automatic),74.2,1133.9
1197-BVMVG,0.8474896,High Risk,4,0.0,80.99453605766122,9.292186896006266,Month-to-month,Fiber optic,Electronic check,74.45,294.45
5406-KGRMX,0.0788156,Low Risk,71,0.0,0.0,75.64255436261496,Two year,No,Electronic check,24.55,1719.15
8481-YYXWG,0.82922965,High Risk,5,0.5,40.715920086630035,20.62185068925222,Month-to-month,Fiber optic,Electronic check,89.35,461.7
5968-HYJRZ,0.064205915,Low Risk,47,0.0,0.0,66.37303908665974,Two year,No,Mailed check,24.55,1160.45
5198-EFNBM,0.4090465,Medium Risk,57,0.5,32.280685127308544,63.29767346382141,One year,Fiber optic,Electronic check,90.65,5199.8
7516-GMHUV,0.33922866,Medium Risk,50,0.6666666666666666,17.237049425455254,67.20523516337076,Two year,Fiber optic,Credit card (automatic),105.05,5163.3
7140-ADSMJ,0.26514623,Low Risk,8,0.0,0.0,40.07602055867513,Month-to-month,No,Credit card (automatic),20.45,162.3
2230-XTUWL,0.056143045,Low Risk,48,0.0,0.0,67.19284772872925,Two year,No,Mailed check,19.55,883.35
7706-YLMQA,0.079833284,Low Risk,70,0.0,0.0,75.17500321070352,One year,No,Bank transfer (automatic),19.7,1341.5
2585-KTFRE,0.5524693,Medium Risk,1,0.6666666666666666,37.570255508187,36.12653434276581,Month-to-month,DSL,Bank transfer (automatic),70.45,70.45
7994-UYIVZ,0.841919,High Risk,8,0.16666666666666666,57.95296951208529,14.570716420809426,Month-to-month,Fiber optic,Bank transfer (automatic),85.65,659.45
2609-IAICY,0.91234124,High Risk,1,0.0,80.99453605766122,4.7996048132578535,Month-to-month,Fiber optic,Electronic check,77.15,77.15
1740-CSDJP,0.78610647,High Risk,1,0.16666666666666666,57.95296951208529,14.444676637649536,Month-to-month,DSL,Bank transfer (automatic),35.25,35.25
7717-BICXI,0.047704604,Low Risk,60,0.0,0.0,72.6147711277008,Two year,No,Mailed check,20.55,1205.05
6559-RAKOZ,0.517473,Medium Risk,49,0.5,28.510464255093368,54.54301754633586,One year,Fiber optic,Electronic check,97.95,4917.9
2636-OHFMN,0.7488984,High Risk,4,0.5,23.460322836217273,24.221747318903606,Month-to-month,DSL,Electronic check,48.55,201.0
4716-MRVEN,0.07174767,Low Risk,29,0.0,0.0,58.49595030148824,One year,No,Mailed check,20.0,599.3
2143-LJULT,0.052395664,Low Risk,67,0.0,0.0,75.2968845764796,Two year,No,Credit card (automatic),25.25,1733.15
1323-OOEPC,0.63425773,High Risk,53,0.5,23.460322836217273,50.370446642239884,Month-to-month,Fiber optic,Credit card (automatic),98.4,5149.5
3200-MNQTF,0.09383277,Low Risk,67,0.6666666666666666,46.390617799278274,86.55836045742035,Two year,DSL,Credit card (automatic),70.9,4677.1
6164-HXUGH,0.2827127,Low Risk,6,0.0,0.0,38.364365100860596,Month-to-month,No,Mailed check,19.85,119.3
5630-IXDXV,0.719747,High Risk,47,0.6666666666666666,9.239118581732612,46.92931632200876,Month-to-month,Fiber optic,Electronic check,106.35,4849.1
0320-DWVTU,0.10877789,Low Risk,53,0.8333333333333334,23.349051253702342,83.311105966568,Two year,Fiber optic,Mailed check,99.5,5424.25
9135-MGVPY,0.049760867,Low Risk,69,1.0,0.0,96.2619560956955,Two year,DSL,Mailed check,84.7,5878.9
1212-GLHMD,0.75587296,High Risk,3,0.3333333333333333,54.80730493364226,20.12301842371623,Month-to-month,Fiber optic,Mailed check,86.05,244.85
7878-JGDKK,0.5538575,Medium Risk,4,0.0,80.99453605766122,23.973791400591534,Month-to-month,DSL,Mailed check,44.55,220.75
1088-AUUZZ,0.058233496,Low Risk,56,0.6666666666666666,37.570255508187,83.7549916903178,Two year,DSL,Credit card (automatic),75.85,4261.2
0397-GZBBC,0.5848591,Medium Risk,59,0.3333333333333333,34.60391825838295,52.00704634189606,Month-to-month,Fiber optic,Bank transfer (automatic),93.85,5574.75
6614-YWYSC,0.05738766,Low Risk,61,0.0,0.0,72.54728416601817,Two year,No,Bank transfer (automatic),25.0,1501.75
9588-OZDMQ,0.7701098,High Risk,2,0.0,80.99453605766122,12.327844699223837,Month-to-month,DSL,Electronic check,45.0,89.75
7641-EUYET,0.6295097,High Risk,46,0.6666666666666666,29.135020548865512,51.02451562881469,Month-to-month,Fiber optic,Electronic check,100.7,4541.2
6476-EPYZR,0.22253098,Low Risk,12,0.0,0.0,43.873451948165894,Month-to-month,No,Mailed check,20.5,255.5
9921-ZVRHG,0.81639236,High Risk,14,0.16666666666666666,66.77333180317656,18.3470485607783,Month-to-month,Fiber optic,Electronic check,80.45,1072.0
1174-FGIFN,0.45250064,Medium Risk,28,0.3333333333333333,51.85951550879571,45.70830126603445,One year,Fiber optic,Electronic check,90.45,2509.25
6620-HVDUJ,0.23087138,Low Risk,24,0.5,60.611822053762936,58.456431031227105,Month-to-month,DSL,Bank transfer (automatic),60.45,1440.75
4701-MLJPN,0.30180988,Medium Risk,31,0.3333333333333333,60.67987779988698,54.492837985356644,Month-to-month,DSL,Electronic check,55.25,1715.65
1032-MAELW,0.19102615,Low Risk,68,0.8333333333333334,23.349051253702342,85.44869244098663,One year,DSL,Electronic check,78.45,5333.35
7641-TQFHN,0.11280958,Low Risk,39,0.5,28.510464255093368,70.60952007770538,Two year,Fiber optic,Mailed check,100.55,3895.35
1552-TKMXS,0.16162075,Low Risk,42,0.0,0.0,59.41896319389344,Month-to-month,No,Credit card (automatic),20.35,869.9
9206-GVPEQ,0.6017755,High Risk,13,0.6666666666666666,25.364799676650335,38.66122364997864,Month-to-month,DSL,Electronic check,54.45,706.85
8622-ZLFKO,0.8754482,High Risk,6,0.3333333333333333,46.809374089919615,15.394255320231121,Month-to-month,Fiber optic,Electronic check,90.75,512.25
1596-BBVTG,0.5334578,Medium Risk,35,0.0,80.99453605766122,37.910442550977066,Month-to-month,Fiber optic,Credit card (automatic),75.35,2636.05
6188-UXBBR,0.07747297,Low Risk,38,0.0,0.0,61.959684093793236,One year,No,Credit card (automatic),20.25,814.75
2333-KWEWW,0.07133603,Low Risk,18,0.0,0.0,53.93319845199584,Two year,No,Credit card (automatic),20.05,388.6
5702-SKUOB,0.27889097,Low Risk,4,0.0,0.0,37.722118298212685,Month-to-month,No,Mailed check,19.6,93.45
1134-YWTYF,0.31494457,Medium Risk,27,0.3333333333333333,63.75748663220597,52.16943840185802,Month-to-month,DSL,Electronic check,53.8,1389.85
6061-GWWAV,0.14638422,Low Risk,41,0.6666666666666666,29.135020548865512,73.09745470682779,One year,DSL,Mailed check,70.2,2894.55
0679-TDGAK,0.20511115,Low Risk,50,0.6666666666666666,25.364799676650335,73.91110936800638,One year,DSL,Electronic check,75.5,4025.6
6585-WCEWR,0.06641738,Low Risk,72,0.0,0.0,76.67913019657135,Two year,No,Electronic check,20.35,1354.4
9067-YGSCA,0.088757485,Low Risk,70,0.0,0.0,74.728790918986,One year,No,Credit card (automatic),26.05,1856.4
9067-SQTNS,0.07245068,Low Risk,44,0.0,0.0,64.71079846223195,One year,No,Bank transfer (automatic),20.6,926.0
8433-WXGNA,0.7783527,High Risk,2,0.16666666666666666,77.84887147921819,15.249032775561014,Month-to-month,Fiber optic,Electronic check,75.7,189.2
1776-SPBWV,0.08732332,Low Risk,34,0.0,0.0,59.800501267115266,One year,No,Bank transfer (automatic),20.1,682.1
8735-SDUFN,0.04221342,Low Risk,72,0.0,0.0,77.88932800292969,Two year,No,Bank transfer (automatic),24.3,1778.7
9668-PUGNU,0.07805097,Low Risk,71,0.0,0.0,75.6807847817739,Two year,No,Electronic check,24.5,1816.2
9405-GPBBG,0.18042563,Low Risk,64,0.8333333333333334,3.145664578443032,84.3120511372884,Two year,Fiber optic,Credit card (automatic),110.5,7069.25
1926-QUZNN,0.0437107,Low Risk,72,0.0,0.0,77.8144645690918,Two year,No,Bank transfer (automatic),25.25,1841.2
3707-GNWHM,0.8861982,High Risk,1,0.0,80.99453605766122,6.106755534807841,Month-to-month,Fiber optic,Mailed check,74.25,74.25
7016-NVRIC,0.31679636,Medium Risk,29,0.5,40.586100679157596,56.24351521333059,One year,Fiber optic,Bank transfer (automatic),90.1,2656.7
5829-NVSQN,0.20414387,Low Risk,23,0.6666666666666666,34.492646675868016,62.70947257677714,One year,DSL,Bank transfer (automatic),68.75,1689.45
9565-AXSMR,0.06789095,Low Risk,52,0.0,0.0,68.27211956183116,Two year,No,Mailed check,19.2,1054.75
8922-LIEGH,0.75564855,High Risk,25,0.3333333333333333,46.809374089919615,29.30090566476186,Month-to-month,Fiber optic,Electronic check,89.7,2187.55
8869-LIHMK,0.17131221,Low Risk,64,1.0,0.0,88.10105601946512,Two year,Fiber optic,Bank transfer (automatic),115.1,7334.05
8245-UMPYT,0.81703746,High Risk,16,0.3333333333333333,34.60391825838295,22.48146017392476,Month-to-month,Fiber optic,Electronic check,96.4,1581.2
5186-SAMNZ,0.87873334,High Risk,1,0.0,80.99453605766122,6.479999820391337,Month-to-month,Fiber optic,Bank transfer (automatic),69.5,69.5
0447-RXSGD,0.7371942,High Risk,24,0.5,23.460322836217273,33.14029097557067,Month-to-month,Fiber optic,Bank transfer (automatic),99.65,2404.85
4927-WWOOZ,0.88609236,High Risk,2,0.3333333333333333,43.42428054947422,13.19538176059723,Month-to-month,Fiber optic,Electronic check,91.45,171.45
5788-YPOEG,0.056812536,Low Risk,34,1.0,0.0,81.32604042689005,Two year,DSL,Mailed check,84.75,2839.45
5373-SFODM,0.6303477,High Risk,36,0.16666666666666666,57.95296951208529,36.81594689687093,Month-to-month,Fiber optic,Credit card (automatic),85.25,3132.75
0661-KBKPA,0.2587328,Low Risk,53,0.6666666666666666,14.289260000608706,72.48002688090006,One year,DSL,Mailed check,78.75,3942.45
9081-WWXKP,0.05252401,Low Risk,47,0.0,0.0,66.95713182290395,Two year,No,Credit card (automatic),20.25,873.4
0784-ZQJZX,0.040830586,Low Risk,72,0.0,0.0,77.95846939086914,Two year,No,Credit card (automatic),19.9,1529.65
3133-PZNSR,0.06590365,Low Risk,72,0.6666666666666666,37.570255508187,90.03815015157063,Two year,Fiber optic,Credit card (automatic),97.75,6991.6
5766-ZJYBB,0.5054857,Medium Risk,1,0.0,0.0,25.14238099257151,Month-to-month,No,Mailed check,19.4,19.4
8931-GJJIQ,0.8473128,High Risk,9,0.16666666666666666,57.95296951208529,14.717692931493124,Month-to-month,Fiber optic,Electronic check,83.3,803.3
4277-PVRAN,0.78748405,High Risk,8,0.16666666666666666,57.64548480395888,17.29246417681376,Month-to-month,Fiber optic,Bank transfer (automatic),80.1,679.3
0022-TCJCI,0.29142943,Low Risk,45,0.5,40.586100679157596,64.17852997779846,One year,DSL,Credit card (automatic),62.7,2791.5
0722-SVSFK,0.84867966,High Risk,7,0.6666666666666666,14.289260000608706,23.816016912460327,Month-to-month,Fiber optic,Electronic check,100.4,715.0
3612-YVGSJ,0.045935888,Low Risk,71,0.0,0.0,77.2865398724874,Two year,No,Credit card (automatic),24.45,1681.6
9825-YCXWZ,0.4530212,Medium Risk,41,0.6666666666666666,14.289260000608706,57.765608231226594,One year,Fiber optic,Bank transfer (automatic),101.1,4016.2
5397-NSKQG,0.07162092,Low Risk,67,0.5,31.458253679939915,84.3356196085612,Two year,DSL,Credit card (automatic),50.9,3281.65
8565-HBFNN,0.3553199,Medium Risk,69,0.8333333333333334,23.349051253702342,77.6506737867991,One year,Fiber optic,Credit card (automatic),107.2,7317.1
2000-DHJUY,0.0735101,Low Risk,70,1.0,0.0,95.4911611477534,Two year,DSL,Bank transfer (automatic),92.2,6474.45
0203-HHYIJ,0.14812106,Low Risk,25,0.0,0.0,53.01061371962229,One year,No,Bank transfer (automatic),25.3,676.35
8670-ERCJH,0.05968961,Low Risk,72,1.0,0.0,97.01551795005798,Two year,Fiber optic,Bank transfer (automatic),113.4,8164.1
7758-UJWYS,0.109667964,Low Risk,34,0.3333333333333333,51.5520308006693,65.34993549187978,Two year,DSL,Electronic check,40.55,1325.85
2050-ONYDQ,0.047075745,Low Risk,65,0.0,0.0,74.72954591115315,Two year,No,Credit card (automatic),26.0,1654.85
7055-JCGNI,0.102447584,Low Risk,70,1.0,0.0,94.04428819815318,Two year,Fiber optic,Credit card (automatic),111.95,7795.95
0739-UUAJR,0.06210779,Low Risk,72,0.6666666666666666,17.237049425455254,90.22794326146443,Two year,DSL,Credit card (automatic),53.8,3952.45
4826-DXMUP,0.32330495,Medium Risk,35,0.5,28.510464255093368,58.41808577378591,One year,DSL,Mailed check,72.1,2495.15
0952-KMEEH,0.7455113,High Risk,13,0.5,31.458253679939915,28.141101996103924,Month-to-month,Fiber optic,Mailed check,98.15,1230.25
7285-KLOTR,0.31700623,Medium Risk,12,0.6666666666666666,17.237049425455254,52.48302181561788,One year,DSL,Electronic check,78.85,876.75
0654-PQKDW,0.093957454,Low Risk,62,0.6666666666666666,34.18516196774161,84.46879545847574,One year,DSL,Bank transfer (automatic),70.75,4263.45
7175-NTIXE,0.27900112,Low Risk,25,0.6666666666666666,25.364799676650335,59.79994416236877,Month-to-month,DSL,Credit card (automatic),76.15,1992.95
7963-SHNDT,0.06025767,Low Risk,52,0.5,60.611822053762936,78.65378300348918,Two year,DSL,Mailed check,39.1,1982.1
9796-BPKIW,0.73781866,High Risk,8,0.0,80.99453605766122,16.442400415738422,Month-to-month,Fiber optic,Credit card (automatic),69.95,562.7
0188-GWFLE,0.341921,Medium Risk,2,0.0,0.0,33.73728473981222,Month-to-month,No,Mailed check,20.05,33.7
8129-GMVGI,0.05878034,Low Risk,56,0.0,0.0,70.394317706426,Two year,No,Mailed check,20.05,1090.1
2882-DDZPG,0.24421899,Low Risk,12,0.0,0.0,42.78904974460602,Month-to-month,No,Bank transfer (automatic),19.45,227.45
3547-LQRIK,0.12191664,Low Risk,47,0.0,0.0,63.48750074704488,One year,No,Electronic check,26.9,1250.85
9137-NOQKA,0.3373035,Medium Risk,2,0.0,0.0,33.968157370885216,Month-to-month,No,Electronic check,19.2,37.2
5843-TTHGI,0.40806472,Medium Risk,18,0.16666666666666666,66.77333180317656,40.43009718259176,Month-to-month,DSL,Mailed check,50.0,892.7
1849-RJYIG,0.5525354,Medium Risk,8,0.3333333333333333,54.49982022551585,32.37322926521301,Month-to-month,DSL,Electronic check,60.0,487.75
8868-GAGIO,0.4349068,Medium Risk,45,0.3333333333333333,63.62766722473353,53.67132465044657,Month-to-month,Fiber optic,Mailed check,84.55,3713.95
4061-UKJWL,0.60221165,High Risk,3,0.0,80.99453605766122,21.13941729068756,Month-to-month,DSL,Mailed check,45.45,141.7
5380-XPJNZ,0.07468351,Low Risk,38,0.0,0.0,62.09915896256765,One year,No,Mailed check,20.05,678.2
8263-QMNTJ,0.06394327,Low Risk,72,1.0,0.0,96.80283665657043,Two year,Fiber optic,Electronic check,115.55,8425.3
8178-EYZUO,0.58465105,Medium Risk,46,0.5,43.66370951147658,49.93411401907603,Month-to-month,Fiber optic,Electronic check,93.7,4154.8
3230-JCNZS,0.08250867,Low Risk,71,0.6666666666666666,29.135020548865512,88.79123250643413,Two year,Fiber optic,Credit card (automatic),99.0,7061.65
0277-ORXQS,0.06109183,Low Risk,66,0.5,28.510464255093368,84.44540798664092,Two year,DSL,Bank transfer (automatic),50.55,3364.55
5130-IEKQT,0.6996625,High Risk,25,0.6666666666666666,9.239118581732612,38.766874670982354,Month-to-month,Fiber optic,Mailed check,105.95,2655.25
3230-WYKIR,0.41289777,Medium Risk,18,0.6666666666666666,14.289260000608706,50.18844505151113,One year,DSL,Credit card (automatic),82.0,1425.45
7996-BPXHY,0.083411716,Low Risk,13,0.0,0.0,51.24608198801677,Two year,No,Bank transfer (automatic),25.0,332.5
3227-WLKLI,0.061073553,Low Risk,65,1.0,0.0,94.02965625127155,Two year,DSL,Bank transfer (automatic),91.55,5963.95
0407-BDJKB,0.63571215,High Risk,60,0.5,32.280685127308544,53.21439266204834,Month-to-month,Fiber optic,Electronic check,95.75,5742.9
2266-FUBDZ,0.07266492,Low Risk,15,0.0,0.0,52.61675417423248,Two year,No,Mailed check,19.35,278.85
8237-ULIXL,0.04485301,Low Risk,72,0.0,0.0,77.75734841823578,Two year,No,Credit card (automatic),24.85,1871.85
9600-UDOPK,0.6633433,High Risk,30,0.3333333333333333,34.60391825838295,35.99950114885966,Month-to-month,Fiber optic,Credit card (automatic),94.05,2866.45
8216-AZUUZ,0.17695528,Low Risk,42,0.6666666666666666,14.289260000608706,71.98556919892629,Two year,Fiber optic,Electronic check,100.4,4303.65
9153-BTBVV,0.04416802,Low Risk,71,0.0,0.0,77.3749335606893,Two year,No,Bank transfer (automatic),25.0,1753.0
4074-SJFFA,0.77269965,High Risk,1,0.16666666666666666,57.95296951208529,15.115017294883728,Month-to-month,DSL,Mailed check,54.75,54.75
3269-ATYWD,0.6784301,High Risk,39,0.3333333333333333,34.60391825838295,38.995162645975746,Month-to-month,Fiber optic,Bank transfer (automatic),95.65,3759.05
5186-PEIZU,0.15193368,Low Risk,35,0.0,0.0,56.98664983113606,Month-to-month,No,Bank transfer (automatic),19.25,617.65
1074-AMIOH,0.47898686,Medium Risk,53,0.8333333333333334,3.145664578443032,64.80065703392029,Month-to-month,Fiber optic,Bank transfer (automatic),108.25,5935.1
4910-GMJOT,0.9215144,High Risk,1,0.3333333333333333,34.60391825838295,11.00761373837789,Month-to-month,Fiber optic,Electronic check,94.6,94.6
0354-WYROK,0.7027622,High Risk,31,0.6666666666666666,14.289260000608706,41.11189067363738,Month-to-month,Fiber optic,Electronic check,98.9,2911.3
4361-FEBGN,0.060772393,Low Risk,48,0.0,0.0,66.9613790512085,Two year,No,Credit card (automatic),20.15,982.95
7748-UMTRK,0.7399832,High Risk,30,0.5,28.510464255093368,35.500839948654175,Month-to-month,Fiber optic,Electronic check,101.3,2974.5
0380-ZCSBI,0.25802088,Low Risk,10,0.0,0.0,41.26562277475993,Month-to-month,No,Credit card (automatic),20.0,198.7
7145-FEJWU,0.81950665,High Risk,12,0.6666666666666666,9.239118581732612,27.3580010732015,Month-to-month,Fiber optic,Electronic check,105.3,1275.65
6463-MVYRY,0.08959977,Low Risk,57,0.6666666666666666,34.18516196774161,82.60334392388661,Two year,DSL,Bank transfer (automatic),69.85,4003.0
3969-JQABI,0.21466075,Low Risk,58,0.5,43.35622480335017,73.4336284796397,Month-to-month,DSL,Credit card (automatic),65.25,3791.6
9624-EGDEQ,0.054916847,Low Risk,37,0.0,0.0,62.67082373301188,Two year,No,Mailed check,19.8,813.3
1051-EQPZR,0.1589315,Low Risk,44,0.0,0.0,60.38675864537557,Month-to-month,No,Mailed check,19.6,780.25
5849-ASHZJ,0.0702894,Low Risk,27,0.0,0.0,57.73553133010865,One year,No,Credit card (automatic),20.05,552.9
5780-INQIK,0.5499877,Medium Risk,8,0.16666666666666666,74.90108205437164,29.167282978693642,Month-to-month,DSL,Electronic check,49.4,408.25
7576-OYWBN,0.86053157,High Risk,3,0.0,80.99453605766122,8.223421573638916,Month-to-month,Fiber optic,Electronic check,76.05,231.8
4526-ZJJTM,0.60279095,High Risk,25,0.5,32.588169835434954,40.27711908022562,Month-to-month,Fiber optic,Bank transfer (automatic),88.4,2191.15
8384-FZBJK,0.64931506,High Risk,57,0.5,23.460322836217273,51.284247040748596,Month-to-month,Fiber optic,Electronic check,100.6,5611.7
3750-RNQKR,0.22813322,Low Risk,12,0.0,0.0,43.593339920043945,Month-to-month,No,Mailed check,19.45,246.25
0962-CQPWQ,0.046542864,Low Risk,62,0.0,0.0,73.50618918736775,Two year,No,Bank transfer (automatic),20.3,1296.15
3096-YXENJ,0.27904296,Low Risk,65,0.8333333333333334,3.145664578443032,79.79785203933716,Two year,Fiber optic,Bank transfer (automatic),107.65,7082.85
1265-BCFEO,0.0722056,Low Risk,71,0.6666666666666666,14.289260000608706,89.30638651053111,Two year,DSL,Bank transfer (automatic),80.45,5662.25
5837-LXSDN,0.26125976,Low Risk,21,0.3333333333333333,46.501889381793205,52.35367695490519,One year,DSL,Credit card (automatic),58.85,1215.45
5945-AZYHT,0.3330953,Medium Risk,71,0.8333333333333334,6.09345400328958,79.5952343940735,One year,Fiber optic,Electronic check,109.6,7854.15
8325-QRPZR,0.8032251,High Risk,7,0.16666666666666666,66.77333180317656,16.08874499797821,Month-to-month,Fiber optic,Electronic check,75.15,525.0
6384-VMJHP,0.05724267,Low Risk,72,0.8333333333333334,23.349051253702342,93.80453209082287,Two year,DSL,Credit card (automatic),73.0,5265.2
2262-SLNVK,0.861465,High Risk,1,0.0,80.99453605766122,7.343417803446452,Month-to-month,Fiber optic,Electronic check,70.1,70.1
7730-CLDSV,0.07931874,Low Risk,72,0.6666666666666666,26.494715832145374,89.36739524205525,Two year,Fiber optic,Bank transfer (automatic),98.65,7129.45
1135-HIORI,0.32135534,Medium Risk,64,0.8333333333333334,3.145664578443032,77.26556619008382,One year,Fiber optic,Electronic check,111.45,7266.95
0164-APGRB,0.065487735,Low Risk,72,1.0,0.0,96.72561287879944,Two year,Fiber optic,Electronic check,114.9,8496.7
6481-ESCNL,0.6429997,High Risk,29,0.5,20.382714003898286,39.93334790070852,Month-to-month,Fiber optic,Bank transfer (automatic),100.55,2878.75
1790-NESIO,0.06685661,Low Risk,13,0.0,0.0,52.07383553187053,Two year,No,Mailed check,20.4,261.3
1550-EENBN,0.6180093,High Risk,31,0.6666666666666666,20.31465825777424,45.34953355789184,Month-to-month,Fiber optic,Electronic check,104.35,3205.6
5539-TMZLF,0.8975379,High Risk,1,0.0,80.99453605766122,5.5397723118464155,Month-to-month,Fiber optic,Electronic check,69.75,69.75
4323-SADQS,0.5968702,Medium Risk,7,0.3333333333333333,71.75541747592861,29.739824136098225,Month-to-month,DSL,Electronic check,34.5,279.25
4446-BZKHU,0.6708614,High Risk,61,0.6666666666666666,9.239118581732612,55.20692884922027,Month-to-month,Fiber optic,Electronic check,105.55,6281.45
5202-IVJNU,0.42764112,Medium Risk,39,0.16666666666666666,66.77333180317656,48.201275666554764,Month-to-month,DSL,Credit card (automatic),30.1,1131.3
5976-JCJRH,0.7823225,High Risk,10,0.0,80.99453605766122,15.050540367762247,Month-to-month,Fiber optic,Electronic check,70.3,738.2
8198-RKSZG,0.38412762,Medium Risk,14,0.6666666666666666,17.366868832927693,49.96028582255045,Month-to-month,DSL,Credit card (automatic),80.45,1137.05
0137-OCGAB,0.89667904,High Risk,1,0.16666666666666666,69.85094063549555,8.916047811508179,Month-to-month,Fiber optic,Mailed check,80.2,80.2
3351-NQLDI,0.32396382,Medium Risk,67,0.5,48.71385093035268,71.71847561995189,One year,Fiber optic,Credit card (automatic),94.35,6341.45
9297-EONCV,0.04148282,Low Risk,72,1.0,0.0,97.92585968971252,Two year,DSL,Bank transfer (automatic),91.35,6697.2
7593-JNWRU,0.53207934,Medium Risk,6,0.0,80.99453605766122,25.896033048629764,Month-to-month,DSL,Bank transfer (automatic),44.6,260.8
4588-YBNIB,0.6341702,High Risk,1,0.0,0.0,18.708157936731975,Month-to-month,No,Mailed check,19.6,19.6
1069-QJOEE,0.0965453,Low Risk,25,0.0,0.0,55.58940271536509,One year,No,Electronic check,19.9,505.45
3336-JORSO,0.6702564,High Risk,33,0.8333333333333334,3.145664578443032,46.90384785334269,Month-to-month,Fiber optic,Electronic check,110.45,3655.45
7799-DSEWS,0.4146613,Medium Risk,18,0.6666666666666666,34.18516196774161,50.10026892026266,Month-to-month,DSL,Electronic check,68.35,1299.8
8766-PAFNE,0.0540413,Low Risk,71,0.8333333333333334,3.145664578443032,93.54793369770051,Two year,DSL,Credit card (automatic),79.1,5564.85
5315-CKEQK,0.20618652,Low Risk,28,0.0,80.99453605766122,51.35734001795451,One year,DSL,Electronic check,51.0,1381.8
3130-ICDUP,0.6893097,High Risk,2,0.16666666666666666,77.84887147921819,19.701180855433144,Month-to-month,Fiber optic,Credit card (automatic),80.55,188.1
0820-FNRNX,0.36207917,Medium Risk,17,0.5,49.53628237772131,48.97937615712483,Month-to-month,DSL,Mailed check,66.7,1077.05
0880-FVFWF,0.41294277,Medium Risk,56,0.3333333333333333,66.70527605705252,59.35286164283753,Month-to-month,Fiber optic,Electronic check,86.4,4922.4
4611-ANLQC,0.23428243,Low Risk,60,0.6666666666666666,29.44250525699192,76.61921163400014,One year,DSL,Electronic check,50.05,2911.5
4213-HKBJO,0.077159196,Low Risk,33,0.0,0.0,59.892041683197014,Two year,No,Credit card (automatic),25.7,826.1
2792-LSHWX,0.75359404,High Risk,1,0.5,60.611822053762936,22.736964623133343,Month-to-month,Fiber optic,Mailed check,83.4,83.4
5028-GZLDO,0.7458301,High Risk,2,0.0,80.99453605766122,13.541827400525412,Month-to-month,Fiber optic,Credit card (automatic),70.7,140.7
0014-BMAQU,0.100716546,Low Risk,63,0.3333333333333333,71.75541747592861,77.88084010283151,Two year,Fiber optic,Credit card (automatic),84.65,5377.8
6861-XWTWQ,0.89479524,High Risk,7,0.5,20.382714003898286,18.176904718081158,Month-to-month,Fiber optic,Electronic check,99.25,665.45
9018-PCIOK,0.063933425,Low Risk,55,0.5,32.588169835434954,79.71999506155649,Two year,DSL,Mailed check,64.75,3617.1
4837-QUSFT,0.16738568,Low Risk,65,0.6666666666666666,37.26277080006059,82.0473817984263,One year,Fiber optic,Bank transfer (automatic),100.15,6643.5
6877-TJMBR,0.8542978,High Risk,1,0.3333333333333333,51.5520308006693,14.368442495663961,Month-to-month,Fiber optic,Electronic check,84.8,84.8
9953-ZMKSM,0.050302822,Low Risk,63,0.0,0.0,73.7348598241806,Two year,No,Mailed check,25.25,1559.3
0907-HQNTS,0.086162925,Low Risk,70,1.0,0.0,94.85852042833965,Two year,Fiber optic,Credit card (automatic),113.0,7987.6
7665-NKLAV,0.06306234,Low Risk,36,0.5,57.53421322144395,71.84688448905945,Two year,DSL,Credit card (automatic),40.65,1547.35
6769-DCQLI,0.5183837,Medium Risk,52,0.8333333333333334,3.145664578443032,62.41414924462636,One year,Fiber optic,Bank transfer (automatic),105.0,5426.85
2433-KMEAS,0.5739268,Medium Risk,22,0.16666666666666666,77.84887147921819,33.80365967750549,Month-to-month,DSL,Electronic check,54.45,1127.35
4391-LNRXK,0.59064174,Medium Risk,22,0.6666666666666666,26.494715832145374,42.96791315078735,Month-to-month,Fiber optic,Bank transfer (automatic),94.95,2142.8
8250-ZNGGW,0.45770612,Medium Risk,5,0.5,60.611822053762936,39.19802864392599,Month-to-month,DSL,Credit card (automatic),59.9,287.85
2195-ZRVAX,0.6306332,High Risk,47,0.3333333333333333,43.73176525760063,44.71834123134612,Month-to-month,Fiber optic,Electronic check,85.3,4045.65
3550-SAHFP,0.73111445,High Risk,33,0.16666666666666666,57.95296951208529,30.52761097749074,Month-to-month,Fiber optic,Electronic check,83.35,2757.85
2011-TRQYE,0.49213254,Medium Risk,18,0.3333333333333333,55.629736381010886,39.56003944079081,Month-to-month,DSL,Credit card (automatic),33.5,600.0
8562-GHPPI,0.5047642,Medium Risk,1,0.0,0.0,25.178456703821816,Month-to-month,No,Credit card (automatic),19.8,19.8
5893-PYOLZ,0.06726875,Low Risk,56,0.8333333333333334,3.145664578443032,86.63656353950502,Two year,DSL,Credit card (automatic),81.8,4534.45
4986-MXSFP,0.3838497,Medium Risk,2,0.0,0.0,31.64084633191427,Month-to-month,No,Mailed check,20.0,40.9
6131-FOYAS,0.32027048,Medium Risk,35,0.3333333333333333,63.62766722473353,55.23647606372833,Month-to-month,DSL,Electronic check,59.6,2094.9
3027-YNWZU,0.051835496,Low Risk,64,0.0,0.0,74.07489279905954,Two year,No,Credit card (automatic),25.0,1584.8
5609-IMCGG,0.6471629,High Risk,15,0.3333333333333333,63.62766722473353,30.558520952860512,Month-to-month,Fiber optic,Credit card (automatic),84.35,1302.65
4873-ILOLJ,0.7506322,High Risk,24,0.3333333333333333,34.60391825838295,29.135055343310036,Month-to-month,Fiber optic,Electronic check,90.35,2238.5
4727-MCYZG,0.7199741,High Risk,1,0.16666666666666666,57.95296951208529,17.75129497051239,Month-to-month,DSL,Mailed check,55.55,55.55
9481-WHGWY,0.081864,Low Risk,70,0.6666666666666666,25.364799676650335,88.40680003166199,Two year,DSL,Credit card (automatic),75.35,5437.75
2725-KXXWT,0.90842724,High Risk,1,0.3333333333333333,34.60391825838295,11.66197141011556,Month-to-month,Fiber optic,Electronic check,90.75,90.75
9565-DJPIB,0.8203321,High Risk,4,0.3333333333333333,46.501889381793205,17.316727836926777,Month-to-month,Fiber optic,Mailed check,89.6,365.65
4328-VUFWD,0.19783778,Low Risk,39,0.3333333333333333,51.85951550879571,63.024778167406716,One year,DSL,Electronic check,59.3,2209.15
3301-LSLWQ,0.30178356,Medium Risk,29,0.3333333333333333,54.80730493364226,53.66082191467285,Month-to-month,DSL,Electronic check,66.1,1912.15
7473-ZBDSN,0.063180156,Low Risk,14,0.0,0.0,52.67432590325674,Two year,No,Mailed check,18.8,255.55
3166-PNEOF,0.07392969,Low Risk,61,0.8333333333333334,11.143595422165674,88.38684995969138,Two year,DSL,Credit card (automatic),86.45,5175.3
5639-NTUPK,0.40387312,Medium Risk,13,0.16666666666666666,77.84887147921819,38.55634570121765,Month-to-month,DSL,Credit card (automatic),52.1,670.65
8780-YRMTT,0.059455056,Low Risk,66,0.6666666666666666,46.390617799278274,87.8605814774831,Two year,DSL,Mailed check,47.4,3177.25
8348-HFYIV,0.82463163,High Risk,2,0.5,20.382714003898286,19.601751764615376,Month-to-month,DSL,Electronic check,49.25,90.35
5140-FOMCQ,0.41746855,Medium Risk,59,0.8333333333333334,6.09345400328958,70.37657260894777,One year,Fiber optic,Credit card (automatic),109.15,6557.75
6242-SGYTS,0.19509147,Low Risk,62,0.5,43.35622480335017,76.07875903447469,One year,Fiber optic,Credit card (automatic),94.95,5791.85
8166-ORCHU,0.38920477,Medium Risk,33,0.6666666666666666,37.570255508187,57.62309630711873,One year,Fiber optic,Electronic check,93.55,3055.5
8414-OOEEL,0.09619004,Low Risk,66,0.8333333333333334,3.145664578443032,89.35716489950816,Two year,DSL,Credit card (automatic),79.5,5196.1
8454-AATJP,0.056124814,Low Risk,72,1.0,0.0,97.19375967979431,Two year,Fiber optic,Credit card (automatic),115.05,8405.0
6849-WLEYG,0.54489547,Medium Risk,1,0.0,0.0,23.171893159548443,Month-to-month,No,Mailed check,19.75,19.75
4659-NZRUF,0.76449764,High Risk,19,0.5,43.66370951147658,29.69178477923076,Month-to-month,Fiber optic,Electronic check,95.15,1789.25
4531-AUZNK,0.17610206,Low Risk,51,0.5,48.40636622222627,72.44489789009094,One year,Fiber optic,Mailed check,95.15,5000.05
4191-XOVOM,0.54554176,Medium Risk,63,0.6666666666666666,17.366868832927693,62.30624516805013,Month-to-month,Fiber optic,Electronic check,105.4,6713.2
2150-OEGBV,0.07304051,Low Risk,27,0.0,0.0,57.597975730896,One year,No,Bank transfer (automatic),20.1,562.6
8429-XIBUM,0.74707985,High Risk,22,0.5,31.458253679939915,31.81267420450846,Month-to-month,Fiber optic,Bank transfer (automatic),101.35,2317.1
1855-CFULU,0.36566314,Medium Risk,4,0.0,0.0,33.383508125940956,Month-to-month,No,Mailed check,20.05,91.45
4878-BUNFV,0.047736716,Low Risk,42,0.0,0.0,65.11316478252411,Two year,No,Mailed check,20.7,828.85
1872-EBWSC,0.07041527,Low Risk,29,0.0,0.0,58.5625704129537,One year,No,Mailed check,20.35,617.35
2608-BHKFN,0.7768235,High Risk,4,0.0,80.99453605766122,12.825490633646647,Month-to-month,Fiber optic,Credit card (automatic),70.05,266.9
7026-YMSBE,0.07066377,Low Risk,30,0.0,0.0,58.96681249141693,One year,No,Mailed check,19.7,625.05
7341-LXCAF,0.84580654,High Risk,4,0.0,80.99453605766122,9.376339713732401,Month-to-month,Fiber optic,Electronic check,74.65,301.4
6997-UVGOX,0.04312637,Low Risk,71,1.0,0.0,97.42701609929402,Two year,DSL,Bank transfer (automatic),85.45,6029.9
9674-EHPPG,0.0685261,Low Risk,46,0.5,57.53421322144395,75.74036220709482,Two year,DSL,Credit card (automatic),40.4,1842.7
9462-MJUAW,0.59155333,Medium Risk,4,0.0,80.99453605766122,22.08900014559428,Month-to-month,DSL,Mailed check,50.4,206.6
8128-YVJRG,0.74001235,High Risk,7,0.16666666666666666,77.84887147921819,19.249382615089417,Month-to-month,Fiber optic,Mailed check,79.65,604.7
5440-VHLUL,0.46482554,Medium Risk,69,0.6666666666666666,17.366868832927693,68.84205778439839,One year,Fiber optic,Bank transfer (automatic),105.2,7386.05
5781-BKHOP,0.069919236,Low Risk,72,0.6666666666666666,29.135020548865512,89.83737190564473,Two year,Fiber optic,Bank transfer (automatic),100.65,7334.05
4283-FUTGF,0.78499514,High Risk,19,0.16666666666666666,66.77333180317656,22.000243067741394,Month-to-month,Fiber optic,Electronic check,79.85,1471.75
5213-TWWJU,0.54372203,Medium Risk,28,0.5,37.63831125431105,44.480564991633095,Month-to-month,Fiber optic,Electronic check,91.0,2626.15
1569-TTNYJ,0.85802996,High Risk,5,0.16666666666666666,69.85094063549555,12.51516858736674,Month-to-month,Fiber optic,Electronic check,78.75,412.1
8628-MFKAX,0.058136232,Low Risk,72,1.0,0.0,97.0931887626648,Two year,Fiber optic,Credit card (automatic),116.75,8277.05
2397-BRLOM,0.7873783,High Risk,8,0.16666666666666666,57.64548480395888,17.297751108805336,Month-to-month,Fiber optic,Credit card (automatic),80.45,583.45
7629-WIXZF,0.4147696,Medium Risk,7,0.3333333333333333,54.80730493364226,38.84485383828481,One year,DSL,Electronic check,59.1,369.25
5445-GLVOT,0.5307707,Medium Risk,22,0.16666666666666666,77.84887147921819,35.961464047431946,Month-to-month,DSL,Electronic check,49.8,1049.05
3976-HXHCE,0.065727375,Low Risk,72,0.0,0.0,76.71363234519958,Two year,No,Bank transfer (automatic),19.3,1414.8
2466-NEJOJ,0.24056852,Low Risk,8,0.0,0.0,41.304907401402794,Month-to-month,No,Credit card (automatic),19.65,169.75
0254-KCJGT,0.22177133,Low Risk,52,0.8333333333333334,23.349051253702342,77.2447653611501,One year,DSL,Credit card (automatic),81.4,4354.45
5472-CVMDX,0.054794725,Low Risk,68,0.5,57.53421322144395,85.59359689553578,Two year,DSL,Mailed check,38.9,2719.2
6461-SZMCV,0.045350607,Low Risk,71,1.0,0.0,97.31580277283986,Two year,DSL,Bank transfer (automatic),87.95,6365.35
8150-QUDFX,0.34446368,Medium Risk,2,0.0,0.0,33.61014803250631,Month-to-month,No,Mailed check,19.85,51.6
9508-ILZDG,0.6964582,High Risk,34,0.5,40.408435378503626,39.34375564257304,Month-to-month,Fiber optic,Electronic check,96.35,3190.25
2346-DJQTB,0.39929172,Medium Risk,35,0.0,80.99453605766122,44.618745644887284,Month-to-month,DSL,Electronic check,24.15,812.5
1697-LYYYX,0.099368006,Low Risk,61,0.0,0.0,70.44826785723369,One year,No,Credit card (automatic),19.1,1143.8
1942-OQFRW,0.72961295,High Risk,1,0.0,80.99453605766122,13.93601934115092,Month-to-month,DSL,Electronic check,44.0,44.0
4749-VFKVB,0.75535905,High Risk,1,0.0,80.99453605766122,12.6487139860789,Month-to-month,DSL,Mailed check,50.1,50.1
9640-ZSLDC,0.1955987,Low Risk,53,0.3333333333333333,43.73176525760063,68.97006392478943,One year,DSL,Credit card (automatic),60.6,3297.0
4231-LZUYM,0.041709445,Low Risk,72,0.0,0.0,77.91452884674072,Two year,No,Bank transfer (automatic),25.65,1887.0
7598-UAASY,0.78656304,High Risk,2,0.16666666666666666,66.77333180317656,14.838514725367228,Month-to-month,Fiber optic,Electronic check,76.4,151.8
7938-OUHIO,0.8530213,High Risk,3,0.6666666666666666,14.289260000608706,21.932267149289448,Month-to-month,Fiber optic,Electronic check,98.7,293.65
8510-AWCXC,0.84544516,High Risk,13,0.5,31.458253679939915,23.144408861796062,Month-to-month,Fiber optic,Electronic check,100.8,1308.1
6128-AQBMT,0.58410525,Medium Risk,41,0.6666666666666666,9.239118581732612,51.21140400568643,Month-to-month,DSL,Electronic check,53.95,2215.4
3594-BDSOA,0.08132213,Low Risk,24,0.0,0.0,55.93389332294464,One year,No,Credit card (automatic),20.4,482.8
0431-APWVY,0.4273509,Medium Risk,28,0.3333333333333333,34.60391825838295,46.96578939755758,One year,Fiber optic,Bank transfer (automatic),90.1,2598.95
5133-VRSAB,0.44537094,Medium Risk,8,0.16666666666666666,77.84887147921819,34.39812103907267,Month-to-month,DSL,Mailed check,29.35,216.45
5996-DAOQL,0.5813054,Medium Risk,1,0.0,0.0,21.351397434870403,Month-to-month,No,Mailed check,20.45,20.45
6838-YAUVY,0.24492446,Low Risk,54,0.5,37.63831125431105,70.25377869606018,Two year,Fiber optic,Bank transfer (automatic),95.1,5064.85
0484-JPBRU,0.20317549,Low Risk,41,0.0,0.0,56.92455907662709,Month-to-month,No,Bank transfer (automatic),25.25,996.45
7883-ROJOC,0.33702356,Medium Risk,19,0.0,80.99453605766122,41.065488855044045,Month-to-month,DSL,Mailed check,44.9,839.65
0244-LGNFY,0.040300213,Low Risk,72,1.0,0.0,97.98499047756195,Two year,DSL,Bank transfer (automatic),92.65,6733.0
7274-CGTOD,0.05612242,Low Risk,62,0.6666666666666666,46.390617799278274,86.36054555575052,Two year,DSL,Bank transfer (automatic),43.7,2618.3
4295-YURET,0.10128179,Low Risk,56,0.6666666666666666,25.364799676650335,81.60257856051128,Two year,DSL,Credit card (automatic),72.6,4084.35
3426-NIYYL,0.54419667,Medium Risk,15,0.0,80.99453605766122,29.04016673564911,Month-to-month,DSL,Electronic check,51.55,765.5
8225-BTJAU,0.818704,High Risk,10,0.16666666666666666,57.95296951208529,16.564799547195435,Month-to-month,Fiber optic,Electronic check,79.25,793.55
4635-EJYPD,0.054255635,Low Risk,32,0.0,0.0,60.62055309613545,Two year,No,Mailed check,18.95,613.95
1866-ZSLJM,0.19298118,Low Risk,21,0.0,0.0,49.10094082355499,Month-to-month,No,Credit card (automatic),20.5,402.85
4636-TVXVG,0.07115446,Low Risk,62,0.0,0.0,72.27560957272847,One year,No,Bank transfer (automatic),19.95,1244.8
4236-UJPWO,0.705286,High Risk,2,0.0,80.99453605766122,15.569032033284506,Month-to-month,DSL,Electronic check,24.5,46.4
9392-XBGTD,0.053851757,Low Risk,27,0.0,0.0,58.557410836219795,Two year,No,Mailed check,20.6,581.85
3387-VATUS,0.88051736,High Risk,5,0.3333333333333333,34.60391825838295,14.72413182258606,Month-to-month,Fiber optic,Bank transfer (automatic),94.85,462.8
6402-SSEJG,0.29826623,Low Risk,25,0.8333333333333334,6.09345400328958,62.17002173264821,One year,DSL,Electronic check,61.05,1540.2
1143-NMNQJ,0.8837764,High Risk,2,0.16666666666666666,57.95296951208529,9.977845350901285,Month-to-month,Fiber optic,Electronic check,85.7,169.8
1169-SAOCL,0.50500137,Medium Risk,49,0.6666666666666666,17.366868832927693,58.49993169307709,One year,Fiber optic,Bank transfer (automatic),106.65,5168.1
1110-KYLGQ,0.37566733,Medium Risk,63,0.8333333333333334,6.09345400328958,74.13329998652141,Month-to-month,Fiber optic,Credit card (automatic),108.25,6780.1
9929-PLVPA,0.2998195,Low Risk,4,0.0,0.0,36.67569319407145,Month-to-month,No,Credit card (automatic),20.4,94.5
3518-PZXZQ,0.76477265,High Risk,1,0.16666666666666666,57.64548480395888,15.511367321014404,Month-to-month,DSL,Mailed check,55.3,55.3
2371-JUNGC,0.23975094,Low Risk,11,0.0,0.0,42.595787247021995,Month-to-month,No,Mailed check,20.25,208.0
7693-QPEFS,0.48662284,Medium Risk,52,0.0,80.99453605766122,47.33552614847819,Month-to-month,Fiber optic,Bank transfer (automatic),72.95,3829.75
0924-BJCRC,0.48459288,Medium Risk,60,0.3333333333333333,46.809374089919615,57.43702093760172,Month-to-month,Fiber optic,Electronic check,89.45,5294.6
5074-FBGHB,0.47516918,Medium Risk,64,0.6666666666666666,14.289260000608706,66.24154090881346,One year,Fiber optic,Credit card (automatic),104.65,6889.8
2351-BKRZW,0.066741794,Low Risk,43,0.6666666666666666,17.237049425455254,77.91290879249573,Two year,DSL,Bank transfer (automatic),75.2,3254.35
4455-BFSPD,0.33577135,Medium Risk,61,0.5,28.510464255093368,68.62810055414835,One year,Fiber optic,Bank transfer (automatic),101.15,6383.9
0415-MOSGF,0.69601166,High Risk,1,0.0,80.99453605766122,15.616083542505901,Month-to-month,DSL,Mailed check,44.4,44.4
1724-BQUHA,0.85893416,High Risk,5,0.3333333333333333,34.60391825838295,15.80329179763794,Month-to-month,Fiber optic,Electronic check,89.5,477.7
3948-KXDUF,0.06125405,Low Risk,66,0.6666666666666666,46.390617799278274,87.77063210805255,Two year,DSL,Bank transfer (automatic),68.75,4447.55
2323-ARSVR,0.20480828,Low Risk,67,1.0,0.0,87.67625192801158,Two year,Fiber optic,Electronic check,111.05,7321.05
0815-MFZGM,0.115577355,Low Risk,42,0.6666666666666666,14.289260000608706,75.05446632703145,Two year,Fiber optic,Credit card (automatic),99.0,4135.0
4826-XTSOH,0.9183715,High Risk,1,0.16666666666666666,57.64548480395888,7.831425070762635,Month-to-month,Fiber optic,Electronic check,86.05,86.05
5480-XTFFL,0.061340988,Low Risk,31,0.0,0.0,59.84961728254954,Two year,No,Mailed check,21.0,697.7
8295-FHIVV,0.2437665,Low Risk,7,0.0,0.0,40.72834233442942,Month-to-month,No,Mailed check,19.4,168.65
2495-INZWQ,0.76037216,High Risk,4,0.3333333333333333,34.60391825838295,20.314725240071613,Month-to-month,DSL,Electronic check,44.55,174.3
9086-YJYXS,0.2747722,Low Risk,34,0.5,20.382714003898286,60.42805830637613,One year,DSL,Bank transfer (automatic),77.2,2753.8
1179-INLAT,0.12716644,Low Risk,3,0.0,0.0,44.891677498817444,One year,No,Mailed check,19.45,69.25
7909-FIOIY,0.4037892,Medium Risk,19,0.0,80.99453605766122,37.7272085348765,Month-to-month,DSL,Mailed check,24.85,434.8
4139-SUGLD,0.33960173,Medium Risk,31,0.3333333333333333,71.75541747592861,52.60324557622273,Month-to-month,DSL,Bank transfer (automatic),35.4,1077.5
6857-VWJDT,0.8914189,High Risk,1,0.3333333333333333,34.60391825838295,12.512389620145163,Month-to-month,Fiber optic,Mailed check,95.65,95.65
6351-SCJKT,0.55442214,Medium Risk,3,0.5,57.53421322144395,33.52889299392701,Month-to-month,DSL,Mailed check,41.35,107.25
5468-BPMMO,0.1877496,Low Risk,46,0.0,0.0,59.7791854540507,Month-to-month,No,Electronic check,19.6,851.2
5624-BQSSA,0.6034076,High Risk,1,0.0,0.0,20.24628559748332,Month-to-month,No,Mailed check,20.95,20.95
0197-PNKNK,0.15072685,Low Risk,69,0.3333333333333333,63.62766722473353,77.88032392660776,One year,Fiber optic,Bank transfer (automatic),84.45,5848.6
2439-QKJUL,0.3014503,Medium Risk,5,0.0,0.0,37.01081772645314,Month-to-month,No,Mailed check,20.25,109.8
1194-SPVSP,0.5181825,Medium Risk,1,0.0,0.0,24.507540861765545,Month-to-month,No,Bank transfer (automatic),19.65,19.65
9534-NSXEM,0.0725505,Low Risk,26,0.0,0.0,57.20580955346425,One year,No,Credit card (automatic),20.65,595.5
2408-WITXK,0.6881174,High Risk,10,0.16666666666666666,57.95296951208529,23.094130754470825,Month-to-month,DSL,Electronic check,34.7,329.8
8929-KSWIH,0.12882982,Low Risk,25,0.6666666666666666,14.289260000608706,67.3085081577301,Two year,Fiber optic,Bank transfer (automatic),99.3,2513.5
2250-IVBWA,0.33936656,Medium Risk,64,0.3333333333333333,66.70527605705252,66.36500557263692,Month-to-month,Fiber optic,Electronic check,81.05,5135.35
1810-MVMAI,0.2283678,Low Risk,30,0.6666666666666666,46.390617799278274,64.41494305928548,Month-to-month,DSL,Electronic check,67.6,2000.2
9506-UXUSK,0.7659675,High Risk,13,0.0,80.99453605766122,17.118292252222698,Month-to-month,Fiber optic,Electronic check,70.15,931.75
1229-RCALF,0.29938027,Low Risk,64,1.0,0.0,81.6976515452067,One year,Fiber optic,Electronic check,115.0,7396.15
3572-UOLYZ,0.4726504,Medium Risk,46,0.3333333333333333,60.67987779988698,52.20081289609273,Month-to-month,Fiber optic,Bank transfer (automatic),84.8,3958.85
1429-UYJSV,0.12551674,Low Risk,12,0.0,0.0,48.72416138648987,One year,No,Mailed check,19.7,260.9
5577-OTWWW,0.27273864,Low Risk,15,0.0,0.0,42.61306822299957,Month-to-month,No,Bank transfer (automatic),19.75,297.3
6100-QQHEB,0.80758184,High Risk,17,0.3333333333333333,34.60391825838295,23.37090790271759,Month-to-month,Fiber optic,Electronic check,92.55,1515.1
6366-XIVKZ,0.38098872,Medium Risk,13,0.5,40.586100679157596,46.367230812708534,Month-to-month,DSL,Mailed check,63.15,816.8
3470-OBUET,0.12212575,Low Risk,67,0.6666666666666666,37.26277080006059,85.14371275901794,Two year,DSL,Credit card (automatic),74.0,4868.4
2770-NSVDG,0.54348165,Medium Risk,24,0.16666666666666666,66.77333180317656,36.15925093491872,Month-to-month,DSL,Electronic check,29.1,688.0
9375-MHRRS,0.4640839,Medium Risk,6,0.16666666666666666,74.90108205437164,32.62913783391317,Month-to-month,DSL,Mailed check,50.05,288.35
2634-HCZGT,0.2507519,Low Risk,53,0.3333333333333333,71.75541747592861,66.21240437030792,One year,DSL,Electronic check,60.05,3229.65
7503-QQRVF,0.6652106,High Risk,16,0.16666666666666666,69.85094063549555,26.739469766616818,Month-to-month,Fiber optic,Credit card (automatic),74.3,1178.25
4860-YZGZM,0.29880702,Low Risk,10,0.0,0.0,39.226315418879196,Month-to-month,No,Electronic check,20.0,185.4
6599-GZWCM,0.31634134,Medium Risk,13,0.16666666666666666,69.85094063549555,42.93293297290802,One year,Fiber optic,Mailed check,74.65,966.25
2691-NZETQ,0.8486708,High Risk,9,0.16666666666666666,57.64548480395888,14.649794300397238,Month-to-month,Fiber optic,Electronic check,85.35,758.6
4404-HIBDJ,0.22022377,Low Risk,25,0.8333333333333334,23.041566545575932,66.07214411099751,One year,DSL,Mailed check,74.3,1863.8
5533-NHFRF,0.6368219,High Risk,7,0.5,40.715920086630035,31.075570384661354,Month-to-month,DSL,Electronic check,44.4,265.8
7037-MTYVW,0.060823783,Low Risk,38,0.8333333333333334,11.143595422165674,79.45881009101868,Two year,DSL,Bank transfer (automatic),85.4,3297.0
4760-THGOT,0.59258574,Medium Risk,43,0.5,43.66370951147658,48.28737954298655,Month-to-month,Fiber optic,Electronic check,94.1,4107.3
7295-JOMMD,0.85422134,High Risk,4,0.6666666666666666,14.289260000608706,22.28893280029297,Month-to-month,Fiber optic,Bank transfer (automatic),98.1,396.3
4016-BJKTZ,0.41239944,Medium Risk,25,0.8333333333333334,3.145664578443032,56.463362773259476,Two year,Fiber optic,Electronic check,108.9,2809.05
6584-VQMYT,0.12946428,Low Risk,27,0.3333333333333333,66.70527605705252,61.44345323244731,One year,DSL,Mailed check,56.2,1567.55
9838-BFCQT,0.039780624,Low Risk,72,0.0,0.0,78.0109691619873,Two year,No,Mailed check,26.1,1851.45
2790-XUYMV,0.13003722,Low Risk,71,0.3333333333333333,66.70527605705252,79.74814057350159,One year,Fiber optic,Credit card (automatic),85.45,6028.95
0581-MDMPW,0.64324844,High Risk,24,0.3333333333333333,43.42428054947422,34.50424472490946,Month-to-month,Fiber optic,Credit card (automatic),88.95,2072.75
5013-SBUIH,0.5044651,Medium Risk,50,0.8333333333333334,14.221204254484661,62.2767448425293,Two year,Fiber optic,Electronic check,109.65,5551.15
1023-BQXZE,0.06526201,Low Risk,57,0.6666666666666666,17.237049425455254,83.82023235162099,Two year,DSL,Bank transfer (automatic),74.35,4317.35
9163-GHAYE,0.4631681,Medium Risk,15,0.16666666666666666,69.85094063549555,36.424926122029625,Month-to-month,DSL,Electronic check,48.85,736.8
3904-UKFRE,0.7885211,High Risk,4,0.16666666666666666,77.84887147921819,15.573944449424742,Month-to-month,Fiber optic,Electronic check,80.1,336.15
5353-WILCI,0.27211565,Low Risk,28,0.3333333333333333,66.70527605705252,54.72755094369253,Month-to-month,DSL,Electronic check,56.05,1522.65
0709-TVGUR,0.8272166,High Risk,9,0.0,80.99453605766122,12.389168739318848,Month-to-month,Fiber optic,Electronic check,74.55,622.9
0058-EVZWM,0.37605125,Medium Risk,55,0.3333333333333333,54.49982022551585,60.78077097733815,Month-to-month,Fiber optic,Bank transfer (automatic),89.8,4959.6
6023-YEBUP,0.8970891,High Risk,3,0.5,20.382714003898286,16.395543813705444,Month-to-month,Fiber optic,Electronic check,100.95,329.95
7209-JCUDS,0.83913165,High Risk,10,0.5,20.382714003898286,22.210084001223247,Month-to-month,Fiber optic,Electronic check,94.9,1048.85
7009-PCARS,0.09299362,Low Risk,55,0.0,0.0,68.26698581377664,One year,No,Bank transfer (automatic),19.1,1001.5
0519-DRGTI,0.1718591,Low Risk,20,0.0,0.0,49.74037905534108,Month-to-month,No,Mailed check,20.35,442.6
1017-FBQMM,0.32302055,Medium Risk,62,0.6666666666666666,17.366868832927693,73.0156377951304,One year,Fiber optic,Credit card (automatic),106.05,6703.5
3001-CBHLQ,0.75061506,High Risk,32,0.6666666666666666,14.289260000608706,39.135913650194794,Month-to-month,Fiber optic,Electronic check,104.9,3351.55
1985-MBRYP,0.063583925,Low Risk,43,0.0,0.0,64.73747114340465,Two year,No,Bank transfer (automatic),19.65,779.25
6158-DWPZT,0.3186488,Medium Risk,9,0.0,80.99453605766122,37.817559242248535,One year,DSL,Bank transfer (automatic),24.1,259.8
9372-TXXPS,0.049268648,Low Risk,60,0.5,60.611822053762936,82.53656685352325,Two year,DSL,Bank transfer (automatic),59.85,3483.45
3259-QMXUN,0.11374584,Low Risk,58,0.8333333333333334,6.09345400328958,85.14604290326437,Two year,DSL,Electronic check,86.1,4890.5
1015-JPFYW,0.12839101,Low Risk,7,0.0,0.0,46.49711529413859,One year,No,Mailed check,19.45,136.75
6645-MXQJT,0.7438382,High Risk,2,0.5,31.458253679939915,23.64142378171285,Month-to-month,Fiber optic,Electronic check,97.1,184.15
4360-QRAVE,0.43528253,Medium Risk,37,0.3333333333333333,55.629736381010886,50.31920691331228,Month-to-month,DSL,Electronic check,36.65,1315.0
8433-WPJTV,0.37390256,Medium Risk,65,0.6666666666666666,14.289260000608706,71.72153870264688,One year,Fiber optic,Bank transfer (automatic),103.9,6767.1
5804-JMYIO,0.05872125,Low Risk,39,0.0,0.0,63.31393778324127,Two year,No,Mailed check,19.75,757.95
3763-GCZHZ,0.5660261,Medium Risk,66,0.6666666666666666,17.366868832927693,62.53202875455221,One year,Fiber optic,Electronic check,104.05,6890.0
6484-LATFU,0.0494889,Low Risk,68,0.0,0.0,75.85888822873433,Two year,No,Mailed check,24.55,1657.4
7599-NTMDP,0.05471935,Low Risk,62,0.6666666666666666,37.26277080006059,86.43070022265115,Two year,DSL,Bank transfer (automatic),48.7,3008.55
0772-GYEQQ,0.8239692,High Risk,3,0.5,37.33082654618464,20.051540732383728,Month-to-month,Fiber optic,Mailed check,88.35,262.05
0536-ACXIP,0.083223194,Low Risk,72,0.8333333333333334,6.09345400328958,92.50550548235577,Two year,Fiber optic,Electronic check,109.55,8165.1
0936-NQLJU,0.053900853,Low Risk,41,0.0,0.0,64.38829143842061,Two year,No,Credit card (automatic),20.65,875.55
4831-EOBFE,0.57241374,Medium Risk,29,0.5,31.458253679939915,43.46264620621999,Month-to-month,Fiber optic,Credit card (automatic),94.65,2649.15
1575-KRZZE,0.56254,Medium Risk,4,0.3333333333333333,66.70527605705252,30.206333597501118,Month-to-month,DSL,Electronic check,55.2,220.65
3251-YMVWZ,0.10772323,Low Risk,53,0.0,0.0,66.69717152913411,One year,No,Bank transfer (automatic),24.05,1301.9
4102-OQUPX,0.907631,High Risk,1,0.0,80.99453605766122,5.035117665926616,Month-to-month,Fiber optic,Electronic check,74.4,74.4
9170-GYZJC,0.2801669,Low Risk,41,0.8333333333333334,23.349051253702342,69.7416567802429,Month-to-month,DSL,Credit card (automatic),79.9,3326.2
4884-LEVMQ,0.05355504,Low Risk,39,0.0,0.0,63.57224941253662,Two year,No,Bank transfer (automatic),20.45,790.0
8857-CUPFQ,0.068892345,Low Risk,63,0.0,0.0,72.80538201332092,Two year,No,Mailed check,19.25,1237.65
7610-TVOPG,0.3723129,Medium Risk,15,0.0,0.0,37.63435482978821,Month-to-month,No,Electronic check,26.35,378.6
3638-DIMPH,0.23747858,Low Risk,13,0.0,80.99453605766122,43.542735973993935,One year,DSL,Electronic check,43.8,592.65
1845-ZLLIG,0.74961203,High Risk,1,0.16666666666666666,69.85094063549555,16.26939833164215,Month-to-month,DSL,Mailed check,50.15,50.15
8559-WNQZS,0.09816971,Low Risk,1,0.0,0.0,45.508182446161904,Two year,No,Mailed check,20.45,20.45
3999-QGRJH,0.7879009,High Risk,8,0.0,80.99453605766122,13.938287099202473,Month-to-month,Fiber optic,Electronic check,69.7,560.85
1699-UOTXU,0.0743987,Low Risk,60,0.5,52.484071802567854,81.28006517887115,Two year,DSL,Electronic check,61.4,3638.25
2454-RPBRZ,0.86817884,High Risk,12,0.5,32.280685127308544,21.591057777404785,Month-to-month,Fiber optic,Electronic check,98.1,1060.2
0635-WKOLD,0.16066562,Low Risk,40,0.5,40.408435378503626,68.63338510195413,One year,DSL,Credit card (automatic),70.75,2921.75
5993-JSUWV,0.057276294,Low Risk,66,0.5,52.484071802567854,84.63618457317351,Two year,DSL,Bank transfer (automatic),61.15,4017.45
4518-FZBSX,0.06960405,Low Risk,42,0.0,0.0,64.01979804039001,One year,No,Mailed check,20.25,854.9
5387-ASZNZ,0.11563165,Low Risk,66,0.5,60.611822053762936,81.71841800212859,One year,DSL,Credit card (automatic),63.85,4174.35
6988-CJEYV,0.6587035,High Risk,49,0.5,23.460322836217273,47.4814913670222,Month-to-month,Fiber optic,Electronic check,98.7,4920.55
2002-MZHWP,0.6099805,High Risk,1,0.0,0.0,19.917640487353008,Month-to-month,No,Mailed check,20.5,20.5
3097-FQTVJ,0.054424357,Low Risk,41,0.0,0.0,64.3621160586675,Two year,No,Mailed check,20.0,810.3
5465-BUBFA,0.059501573,Low Risk,41,0.0,0.0,64.10825391610463,Two year,No,Bank transfer (automatic),19.3,772.4
7299-GNVPL,0.41979066,Medium Risk,23,0.5,60.611822053762936,48.5938020547231,Month-to-month,Fiber optic,Mailed check,84.4,1936.85
9743-DQKQW,0.6991535,High Risk,3,0.0,80.99453605766122,16.292325854301453,Month-to-month,DSL,Electronic check,25.1,79.8
1215-VFYVK,0.50007665,Medium Risk,4,0.6666666666666666,34.492646675868016,39.99616742134094,Month-to-month,DSL,Mailed check,48.25,202.25
9371-BITHB,0.055331286,Low Risk,52,0.0,0.0,68.90010217825572,Two year,No,Mailed check,19.85,1070.5
2265-CYWIV,0.8662019,High Risk,4,0.5,31.458253679939915,18.35657278696696,Month-to-month,Fiber optic,Electronic check,99.6,347.65
9093-FPDLG,0.7787697,High Risk,11,0.6666666666666666,26.494715832145374,28.978183070818588,Month-to-month,Fiber optic,Electronic check,94.2,999.9
0541-FITGH,0.6066777,High Risk,2,0.3333333333333333,54.80730493364226,27.166114449501038,Month-to-month,DSL,Mailed check,62.15,113.1
6985-HAYWX,0.52080005,Medium Risk,26,0.16666666666666666,69.85094063549555,38.12666396299998,Month-to-month,Fiber optic,Bank transfer (automatic),79.3,2015.8
7508-KBIMB,0.17048304,Low Risk,24,0.3333333333333333,63.62766722473353,58.14251403013865,One year,DSL,Credit card (automatic),56.25,1454.25
6838-HVLXG,0.23768045,Low Risk,12,0.0,0.0,43.1159782409668,Month-to-month,No,Mailed check,20.3,246.7
2277-DJJDL,0.63042045,High Risk,60,0.5,28.510464255093368,53.4789776802063,Month-to-month,Fiber optic,Electronic check,99.0,6017.9
1897-OKVMW,0.054622453,Low Risk,64,1.0,0.0,93.93554310003915,Two year,DSL,Mailed check,90.6,5817.45
5485-ITNPC,0.058404803,Low Risk,66,1.0,0.0,94.57975983619689,Two year,DSL,Bank transfer (automatic),85.9,5595.3
0233-FTHAV,0.15169692,Low Risk,60,0.16666666666666666,66.77333180317656,70.74848731358846,One year,Fiber optic,Bank transfer (automatic),79.2,4765.0
4644-PIZRT,0.2402961,Low Risk,17,0.5,40.278615971031186,55.06852706273396,One year,DSL,Bank transfer (automatic),70.35,1201.65
8922-NPKBJ,0.0634927,Low Risk,42,0.0,0.0,64.3253642320633,Two year,No,Mailed check,19.35,867.3
2740-TVLFN,0.8068581,High Risk,1,0.0,80.99453605766122,10.073760549227396,Month-to-month,DSL,Electronic check,50.15,50.15
7771-CFQRQ,0.06273569,Low Risk,47,0.5,40.715920086630035,76.44654949506123,Two year,DSL,Bank transfer (automatic),63.8,3007.25
9512-PHSMG,0.23385249,Low Risk,10,0.0,0.0,42.474041382471725,Month-to-month,No,Mailed check,20.55,252.75
6963-EZQEE,0.07843257,Low Risk,70,1.0,0.0,95.24503866831462,Two year,DSL,Credit card (automatic),88.55,6306.5
2452-KDRRH,0.5814312,Medium Risk,67,0.5,20.382714003898286,58.84510616461436,Month-to-month,Fiber optic,Credit card (automatic),101.4,6841.05
2004-OCQXK,0.90443075,High Risk,1,0.16666666666666666,57.95296951208529,8.528462648391724,Month-to-month,Fiber optic,Electronic check,81.95,81.95
5027-QPKTE,0.7836614,High Risk,7,0.0,80.99453605766122,13.733595410982769,Month-to-month,Fiber optic,Electronic check,69.35,451.1
4146-SVFUD,0.69365615,High Risk,1,0.0,80.99453605766122,15.733859340349834,Month-to-month,DSL,Mailed check,44.6,44.6
1564-HJUVY,0.51145303,Medium Risk,4,0.5,40.408435378503626,36.094015041987106,Month-to-month,DSL,Bank transfer (automatic),63.75,226.2
3617-XLSGQ,0.22776149,Low Risk,66,0.8333333333333334,6.09345400328958,82.77859131495158,Two year,Fiber optic,Bank transfer (automatic),109.25,7082.5
7517-LDMPS,0.7980249,High Risk,12,0.3333333333333333,46.809374089919615,21.765422026316323,Month-to-month,Fiber optic,Electronic check,84.6,1017.35
7244-KXYZN,0.0803379,Low Risk,24,0.0,0.0,55.98310589790344,One year,No,Credit card (automatic),20.45,527.35
5226-NOZFC,0.7279089,High Risk,26,0.3333333333333333,46.501889381793205,31.104554533958435,Month-to-month,Fiber optic,Electronic check,85.75,2146.5
2672-HUYVI,0.8565829,High Risk,6,0.3333333333333333,34.60391825838295,16.337522665659588,Month-to-month,Fiber optic,Electronic check,91.1,455.3
1400-WIVLL,0.45513314,Medium Risk,57,0.6666666666666666,14.289260000608706,64.32667632897694,Two year,Fiber optic,Electronic check,107.95,5969.85
7508-MYBOG,0.822061,High Risk,14,0.16666666666666666,57.64548480395888,18.063616553942364,Month-to-month,Fiber optic,Electronic check,86.1,1235.55
8148-NLEGT,0.059548285,Low Risk,42,0.0,0.0,64.52258706092834,Two year,No,Electronic check,22.95,1014.25
0148-DCDOS,0.695602,High Risk,25,0.3333333333333333,34.60391825838295,32.303233345349625,Month-to-month,Fiber optic,Bank transfer (automatic),94.7,2362.1
8347-GDTMP,0.05905504,Low Risk,64,0.0,0.0,73.71391514937082,Two year,No,Credit card (automatic),19.45,1225.65
9992-RRAMN,0.76615626,High Risk,22,0.16666666666666666,57.95296951208529,24.192187190055847,Month-to-month,Fiber optic,Electronic check,85.1,1873.7
6746-WAUWT,0.10940174,Low Risk,19,0.0,0.0,52.44657854239145,One year,No,Credit card (automatic),19.7,386.5
0310-MVLET,0.62327987,High Risk,61,0.5,23.460322836217273,54.252673188845314,Month-to-month,Fiber optic,Electronic check,99.15,6010.05
0428-IKYCP,0.6193511,High Risk,22,0.3333333333333333,43.42428054947422,34.86577888329824,Month-to-month,Fiber optic,Bank transfer (automatic),87.0,1850.65
4550-VBOFE,0.65501106,High Risk,70,0.6666666666666666,9.239118581732612,59.749447107315056,Month-to-month,Fiber optic,Electronic check,102.95,7101.5
2187-PKZAY,0.75215876,High Risk,12,0.16666666666666666,57.95296951208529,20.725395282109577,Month-to-month,Fiber optic,Bank transfer (automatic),79.95,1043.4
4003-OCTMP,0.18873808,Low Risk,31,0.5,48.71385093035268,63.479761282602944,One year,DSL,Electronic check,64.0,1910.75
6652-YFFJO,0.5597298,Medium Risk,11,0.3333333333333333,34.60391825838295,33.26350927352905,Month-to-month,DSL,Electronic check,64.9,716.1
7225-IILWY,0.043347377,Low Risk,68,0.0,0.0,76.16596539815266,Two year,No,Mailed check,25.75,1686.15
5248-RPYWW,0.05487981,Low Risk,72,1.0,0.0,97.25601077079773,Two year,DSL,Bank transfer (automatic),90.15,6716.45
7923-IYJWY,0.1172935,Low Risk,67,1.0,0.0,92.05199281374614,Two year,Fiber optic,Credit card (automatic),116.1,7839.85
3170-GWYKC,0.39474505,Medium Risk,60,0.8333333333333334,11.143595422165674,71.9294140736262,Month-to-month,Fiber optic,Bank transfer (automatic),104.95,6236.75
5696-QURRL,0.75103384,High Risk,1,0.0,80.99453605766122,12.86497453848521,Month-to-month,DSL,Mailed check,45.05,45.05
7409-KIUTL,0.89139074,High Risk,1,0.0,80.99453605766122,5.847129623095195,Month-to-month,Fiber optic,Electronic check,71.0,71.0
9830-ECLEN,0.14078796,Low Risk,58,0.6666666666666666,29.135020548865512,80.4606020450592,One year,DSL,Mailed check,50.0,2919.85
1732-VHUBQ,0.5117173,Medium Risk,47,0.0,80.99453605766122,43.99746735890706,Month-to-month,Fiber optic,Bank transfer (automatic),70.55,3309.25
0495-RVCBF,0.90737426,High Risk,1,0.16666666666666666,57.95296951208529,8.381286859512329,Month-to-month,Fiber optic,Electronic check,79.7,79.7
2668-TZSPS,0.5348524,Medium Risk,1,0.0,0.0,23.674047390619915,Month-to-month,No,Mailed check,20.45,20.45
7854-EDSSA,0.43495628,Medium Risk,22,0.3333333333333333,66.70527605705252,44.085517724355064,Month-to-month,DSL,Electronic check,59.0,1254.7
8869-TORSS,0.12768807,Low Risk,48,0.5,57.53421322144395,73.61559748649597,One year,DSL,Credit card (automatic),60.35,2896.4
7446-SFAOA,0.08666228,Low Risk,37,0.0,0.0,61.08355204264323,One year,No,Bank transfer (automatic),19.85,717.5
9522-ZSINC,0.156738,Low Risk,13,0.0,0.0,47.57976750532786,One year,No,Electronic check,19.95,253.8
8234-GSZYK,0.06680864,Low Risk,43,0.0,0.0,64.57623461882274,Two year,No,Bank transfer (automatic),26.45,1110.05
6505-OZNPG,0.086610414,Low Risk,6,1.0,0.0,68.1694781780243,Two year,DSL,Mailed check,63.4,348.8
6164-HAQTX,0.053287074,Low Risk,71,0.8333333333333334,23.041566545575932,93.5856455564499,Two year,DSL,Bank transfer (automatic),53.95,3888.65
0679-IDSTG,0.89450777,High Risk,1,0.0,80.99453605766122,5.691278378168742,Month-to-month,Fiber optic,Electronic check,69.25,69.25
7765-LWVVH,0.11271273,Low Risk,72,0.5,43.35622480335017,84.36436295509338,Two year,Fiber optic,Electronic check,95.1,6843.15
1658-TJVOA,0.7751638,High Risk,6,0.16666666666666666,77.84887147921819,17.07514186700185,Month-to-month,Fiber optic,Electronic check,74.1,450.9
0953-LGOVU,0.37758216,Medium Risk,12,0.3333333333333333,63.75748663220597,42.78755704561869,Month-to-month,DSL,Mailed check,35.5,432.25
2115-BFTIW,0.5160138,Medium Risk,25,0.0,80.99453605766122,34.61597661177317,Month-to-month,Fiber optic,Mailed check,70.95,1767.35
4692-NNQRU,0.26335806,Low Risk,21,0.3333333333333333,60.67987779988698,52.248763839403786,One year,Fiber optic,Electronic check,79.2,1742.45
7742-MYPGI,0.49400884,Medium Risk,6,0.16666666666666666,74.90108205437164,31.132891376813255,Month-to-month,DSL,Mailed check,48.8,297.35
0611-DFXKO,0.6778422,High Risk,20,0.3333333333333333,34.60391825838295,31.107890009880062,Month-to-month,Fiber optic,Mailed check,89.0,1820.45
7780-OTDSO,0.8104416,High Risk,18,0.5,31.458253679939915,26.97791934013367,Month-to-month,Fiber optic,Electronic check,99.4,1742.95
9619-GSATL,0.18757059,Low Risk,43,0.3333333333333333,63.75748663220597,65.20480473836263,One year,DSL,Electronic check,55.45,2444.25
5622-UEJFI,0.06500491,Low Risk,35,0.0,0.0,61.33308907349904,Two year,No,Credit card (automatic),25.4,949.8
9747-DDZOS,0.8470432,High Risk,1,0.16666666666666666,66.77333180317656,11.397839188575745,Month-to-month,Fiber optic,Bank transfer (automatic),73.5,73.5
0674-DGMAQ,0.69253093,High Risk,32,0.5,32.588169835434954,38.706786831219986,Month-to-month,Fiber optic,Electronic check,93.5,2970.8
6203-HBZPA,0.06171883,Low Risk,52,1.0,0.0,88.58072559038798,Two year,DSL,Credit card (automatic),63.9,3334.95
0484-FFVBJ,0.30150634,Medium Risk,32,0.3333333333333333,34.60391825838295,54.92468297481536,One year,DSL,Bank transfer (automatic),64.85,2010.95
0301-FIDRB,0.042155344,Low Risk,72,1.0,0.0,97.89223372936249,Two year,DSL,Bank transfer (automatic),63.8,4684.3
4139-JPIAM,0.25825012,Low Risk,51,0.5,48.71385093035268,68.33749413490295,Month-to-month,DSL,Credit card (automatic),44.45,2181.55
2181-TIDSV,0.04660732,Low Risk,68,0.0,0.0,76.00296755631764,Two year,No,Bank transfer (automatic),19.95,1303.25
2761-XECQW,0.5744673,Medium Risk,8,0.5,32.588169835434954,34.60996826489766,Month-to-month,DSL,Mailed check,43.35,371.4
1936-CZAKF,0.09650881,Low Risk,49,0.5,23.460322836217273,75.59122661749521,Two year,DSL,Credit card (automatic),49.65,2409.9
9453-PATOS,0.038723405,Low Risk,72,1.0,0.0,98.06382954120636,Two year,DSL,Mailed check,85.1,6155.4
0564-JJHGS,0.87091434,High Risk,9,0.3333333333333333,34.60391825838295,16.870949665705364,Month-to-month,Fiber optic,Electronic check,95.5,829.1
3348-CFRNX,0.6226335,High Risk,28,0.5,31.458253679939915,40.53499082724253,Month-to-month,Fiber optic,Mailed check,92.35,2602.9
4402-FTBXC,0.37782365,Medium Risk,54,0.5,40.278615971031186,63.608817458152764,Month-to-month,Fiber optic,Mailed check,89.8,4667.0
1428-GTBJJ,0.77472115,High Risk,11,0.16666666666666666,69.85094063549555,19.180609385172527,Month-to-month,Fiber optic,Electronic check,74.55,824.75
2931-XIQBR,0.34130985,Medium Risk,50,0.6666666666666666,14.289260000608706,67.10117439428964,One year,Fiber optic,Mailed check,103.05,5153.5
0106-UGRDO,0.0908558,Low Risk,69,1.0,0.0,94.20721113681793,Two year,Fiber optic,Electronic check,116.0,8182.85
5542-TBBWB,0.89412373,High Risk,1,0.0,80.99453605766122,5.710480014483134,Month-to-month,Fiber optic,Electronic check,69.9,69.9
1930-QPBVZ,0.11271107,Low Risk,68,0.6666666666666666,37.570255508187,86.03111306826273,Two year,Fiber optic,Bank transfer (automatic),95.1,6683.4
2606-PKWJB,0.12814508,Low Risk,40,0.5,60.611822053762936,70.25941173235574,One year,DSL,Mailed check,40.25,1564.05
5322-ZSMZY,0.06266013,Low Risk,31,0.0,0.0,59.78366176287333,Two year,No,Mailed check,25.75,755.6
8059-UDZFY,0.6844775,High Risk,33,0.6666666666666666,9.239118581732612,42.85945792992909,Month-to-month,Fiber optic,Bank transfer (automatic),105.35,3465.05
7740-BTPUX,0.26873887,Low Risk,55,0.8333333333333334,3.145664578443032,76.14639004071553,Two year,Fiber optic,Electronic check,113.6,6292.7
5220-AGAAX,0.044374555,Low Risk,68,0.0,0.0,76.11460407574971,Two year,No,Bank transfer (automatic),24.0,1664.3
0208-BPQEJ,0.23708902,Low Risk,12,0.0,0.0,43.14554810523987,Month-to-month,No,Bank transfer (automatic),19.4,198.1
9435-JMLSX,0.042770635,Low Risk,71,1.0,0.0,97.444802125295,Two year,DSL,Bank transfer (automatic),86.1,6045.9
3352-ALMCK,0.68493074,High Risk,40,0.6666666666666666,9.239118581732612,45.75346291065215,Month-to-month,Fiber optic,Mailed check,102.65,4108.15
5312-IRCFR,0.3615805,Medium Risk,64,0.5,32.588169835434954,68.5876421133677,One year,Fiber optic,Electronic check,92.85,5980.75
5294-IMHHT,0.3092497,Medium Risk,53,0.5,40.715920086630035,66.62084837754567,One year,Fiber optic,Bank transfer (automatic),97.75,5043.2
8802-UNOJF,0.73070264,High Risk,12,0.5,49.53628237772131,28.464868068695072,Month-to-month,Fiber optic,Mailed check,83.8,1029.75
6313-GIDIT,0.5746491,Medium Risk,53,0.6666666666666666,9.239118581732612,56.68421188990275,Month-to-month,DSL,Electronic check,54.45,2854.55
6176-YJWAS,0.07635761,Low Risk,72,0.6666666666666666,29.135020548865512,89.51545317967732,Two year,Fiber optic,Credit card (automatic),97.95,7114.25
5310-NOOVA,0.06744516,Low Risk,46,0.0,0.0,65.79440871874492,Two year,No,Electronic check,19.95,907.05
4526-EXKKN,0.07249379,Low Risk,40,0.0,0.0,63.041977087656655,Two year,No,Mailed check,24.6,973.95
5311-IHLEI,0.43852097,Medium Risk,12,0.6666666666666666,37.26277080006059,46.40728493531545,Month-to-month,DSL,Bank transfer (automatic),50.95,605.75
3987-KQDDU,0.64848346,High Risk,9,0.16666666666666666,77.84887147921819,24.65916057427724,Month-to-month,Fiber optic,Electronic check,75.6,661.55
3404-JNXAX,0.60296834,High Risk,51,0.16666666666666666,74.90108205437164,44.43491657574972,Month-to-month,Fiber optic,Electronic check,80.75,4116.9
5131-PONJI,0.497595,Medium Risk,49,0.5,32.280685127308544,55.53691605726878,Month-to-month,Fiber optic,Credit card (automatic),90.4,4494.65
2845-AFFTX,0.7833494,High Risk,41,0.5,20.382714003898286,37.91586359341939,Month-to-month,Fiber optic,Electronic check,99.8,4259.3
3489-VSFRD,0.10864615,Low Risk,56,0.5,57.53421322144395,77.90102561314902,One year,DSL,Credit card (automatic),60.25,3282.75
3345-JHUEO,0.3470561,Medium Risk,4,0.0,0.0,34.313862125078835,Month-to-month,No,Electronic check,20.2,55.7
5815-HGGHV,0.25558513,Low Risk,20,0.5,48.71385093035268,55.554076631863914,One year,DSL,Mailed check,64.15,1274.45
5260-UMPWX,0.16425538,Low Risk,26,0.0,0.0,52.62056430180867,Month-to-month,No,Credit card (automatic),20.25,493.95
2249-YPRNG,0.74299943,High Risk,20,0.6666666666666666,9.239118581732612,34.516694943110146,Month-to-month,Fiber optic,Bank transfer (automatic),105.85,2239.65
7410-YTJIK,0.72457784,High Risk,7,0.0,80.99453605766122,16.687774459520977,Month-to-month,Fiber optic,Mailed check,75.45,480.75
4626-GYCZP,0.88132536,High Risk,7,0.3333333333333333,34.60391825838295,15.517065127690632,Month-to-month,Fiber optic,Electronic check,93.85,635.6
5649-RXQTV,0.6735748,High Risk,51,0.6666666666666666,9.239118581732612,50.904593070348106,Month-to-month,Fiber optic,Electronic check,99.0,5038.15
2674-MIAHT,0.8390856,High Risk,4,0.16666666666666666,69.85094063549555,13.045721054077147,Month-to-month,Fiber optic,Mailed check,80.3,324.2
2576-HXMPA,0.47493485,Medium Risk,1,0.0,0.0,26.669925848642983,Month-to-month,No,Credit card (automatic),19.55,19.55
7587-AOVVU,0.59695476,Medium Risk,27,0.6666666666666666,37.26277080006059,44.735595186551414,Month-to-month,Fiber optic,Electronic check,100.75,2793.55
5590-BYNII,0.8162068,High Risk,22,0.5,31.458253679939915,28.356326023737587,Month-to-month,Fiber optic,Electronic check,100.75,2095.0
6898-MDLZW,0.4074063,Medium Risk,12,0.3333333333333333,63.75748663220597,41.296350161234535,Month-to-month,DSL,Mailed check,53.75,648.65
3237-AJGEH,0.66148245,High Risk,3,0.16666666666666666,74.90108205437164,21.50921066602071,Month-to-month,DSL,Mailed check,31.0,95.05
4707-YNOQA,0.10876014,Low Risk,34,0.0,0.0,58.728660742441804,One year,No,Credit card (automatic),25.6,917.15
9357-UJRUN,0.2375708,Low Risk,24,0.3333333333333333,71.75541747592861,54.78812555472056,One year,DSL,Electronic check,58.35,1346.9
1591-NFNLQ,0.47671863,Medium Risk,51,0.16666666666666666,66.77333180317656,50.74740012486776,Month-to-month,Fiber optic,Credit card (automatic),80.0,4242.35
8648-PFRMP,0.6981616,High Risk,14,0.3333333333333333,34.60391825838295,27.591919898986816,Month-to-month,DSL,Electronic check,46.35,672.7
7663-CUXZB,0.20953724,Low Risk,59,1.0,0.0,84.1064699490865,Two year,Fiber optic,Electronic check,113.75,6561.25
0258-NOKBL,0.7791242,High Risk,3,0.5,32.588169835434954,22.293789982795715,Month-to-month,Fiber optic,Electronic check,90.4,268.45
1163-VIPRI,0.25935706,Low Risk,65,0.8333333333333334,11.143595422165674,80.78214526176453,Two year,Fiber optic,Electronic check,109.3,7337.55
2815-CPTUL,0.78287894,High Risk,5,0.0,80.99453605766122,12.939386566480001,Month-to-month,Fiber optic,Mailed check,70.25,331.9
9348-ROUAI,0.06723134,Low Risk,59,1.0,0.0,91.22176547845204,Two year,DSL,Credit card (automatic),90.3,5194.05
9443-JUBUO,0.042046722,Low Risk,72,1.0,0.0,97.89766371250153,Two year,DSL,Credit card (automatic),65.25,4478.85
0596-BQCEQ,0.58487725,Medium Risk,62,0.6666666666666666,9.239118581732612,59.922804037729904,Month-to-month,Fiber optic,Electronic check,100.15,6283.3
1481-ZUWZA,0.62013113,High Risk,28,0.5,43.66370951147658,40.66010991732279,Month-to-month,Fiber optic,Credit card (automatic),94.5,2659.4
3043-TYBNO,0.512151,Medium Risk,3,0.3333333333333333,51.85951550879571,32.30911652247111,Month-to-month,DSL,Mailed check,60.65,196.9
4830-FAXFM,0.22696863,Low Risk,19,0.0,0.0,46.56823436419169,Month-to-month,No,Credit card (automatic),24.1,439.2
5906-BFOZT,0.6172991,High Risk,1,0.0,0.0,19.55171267191569,Month-to-month,No,Mailed check,19.5,19.5
2960-NKRSO,0.6470143,High Risk,24,0.5,49.53628237772131,37.64928400516509,Month-to-month,Fiber optic,Electronic check,85.95,2107.15
8996-ZROXE,0.24630372,Low Risk,57,0.3333333333333333,60.67987779988698,68.10147980848949,One year,DSL,Electronic check,53.5,3035.8
5598-IKHQQ,0.046959456,Low Risk,72,0.0,0.0,77.65202701091766,Two year,No,Credit card (automatic),25.45,1866.45
0397-ZXWQF,0.045123518,Low Risk,67,0.0,0.0,75.66049079100291,Two year,No,Bank transfer (automatic),20.5,1430.95
5266-PFRQK,0.09322891,Low Risk,52,0.0,0.0,67.005219856898,One year,No,Credit card (automatic),20.85,1071.6
4674-HGNUA,0.04522083,Low Risk,71,1.0,0.0,97.32229073842366,Two year,DSL,Credit card (automatic),89.9,6457.15
6765-MBQNU,0.11754179,Low Risk,26,0.0,0.0,54.95624383290608,One year,No,Mailed check,26.0,684.05
9786-IJYDL,0.20059718,Low Risk,35,1.0,0.0,74.55347498257953,Two year,Fiber optic,Mailed check,113.2,3914.05
1303-SRDOK,0.0790523,Low Risk,55,0.0,80.99453605766122,68.96405021349588,Two year,Fiber optic,Credit card (automatic),69.05,3842.6
3769-MHZNV,0.055244416,Low Risk,33,0.0,0.0,60.98777770996093,Two year,No,Mailed check,20.1,670.35
6295-OSINB,0.09763662,Low Risk,72,0.8333333333333334,6.09345400328958,91.78483466307324,Two year,Fiber optic,Electronic check,109.65,7880.25
3308-MHOOC,0.503842,Medium Risk,1,0.0,0.0,25.224566857020058,Month-to-month,No,Mailed check,19.2,19.2
2309-OSFEU,0.5355226,Medium Risk,10,0.16666666666666666,57.95296951208529,30.723870992660522,Month-to-month,DSL,Mailed check,33.9,298.45
2207-QPJED,0.5550409,Medium Risk,37,0.5,37.33082654618464,47.664621869723,Month-to-month,Fiber optic,Electronic check,90.0,3371.75
4177-JPDFU,0.38825297,Medium Risk,12,0.3333333333333333,63.75748663220597,42.25401798884074,Month-to-month,DSL,Mailed check,34.0,442.45
2239-CFOUJ,0.22658531,Low Risk,1,0.0,0.0,39.087400237719216,One year,No,Mailed check,20.4,20.4
8046-DNVTL,0.057042934,Low Risk,62,0.5,60.611822053762936,82.98118551572163,Two year,DSL,Credit card (automatic),38.6,2345.55
2209-XADXF,0.70084554,High Risk,1,0.0,80.99453605766122,15.374389688173931,Month-to-month,DSL,Bank transfer (automatic),25.25,25.25
6620-JDYNW,0.36486772,Medium Risk,18,0.3333333333333333,63.62766722473353,45.923282305399574,Month-to-month,DSL,Mailed check,60.6,1156.35
1891-FZYSA,0.6165536,High Risk,69,0.3333333333333333,46.501889381793205,54.58898643652598,Month-to-month,Fiber optic,Electronic check,89.95,6143.15
4770-UEZOX,0.8180245,High Risk,2,0.16666666666666666,69.85094063549555,13.265440861384073,Month-to-month,Fiber optic,Electronic check,74.75,144.8
1038-RQOST,0.17022459,Low Risk,19,0.0,0.0,49.405436317125954,Month-to-month,No,Mailed check,20.6,414.95
7613-LLQFO,0.8406075,High Risk,12,0.16666666666666666,57.64548480395888,16.30295713742574,Month-to-month,Fiber optic,Electronic check,84.45,1059.55
4568-TTZRT,0.25578144,Low Risk,9,0.0,0.0,40.96092939376831,Month-to-month,No,Mailed check,20.4,181.8
9513-DXHDA,0.27115113,Low Risk,27,0.8333333333333334,11.143595422165674,64.35911039511363,One year,DSL,Electronic check,81.7,2212.55
2640-PMGFL,0.69086176,High Risk,27,0.16666666666666666,74.90108205437164,30.040245254834492,Month-to-month,Fiber optic,Electronic check,79.5,2180.55
3801-HMYNL,0.8700172,High Risk,1,0.3333333333333333,34.60391825838295,13.58247478802999,Month-to-month,Fiber optic,Mailed check,89.15,89.15
0516-QREYC,0.19883698,Low Risk,24,0.0,0.0,50.05815088748932,Month-to-month,No,Mailed check,20.3,459.95
9685-WKZGT,0.800961,High Risk,14,0.0,80.99453605766122,15.785282452901207,Month-to-month,Fiber optic,Electronic check,74.95,1036.75
6022-UGGSO,0.6847054,High Risk,32,0.16666666666666666,69.85094063549555,32.43139783541361,Month-to-month,Fiber optic,Electronic check,74.4,2276.95
8084-OIVBS,0.1314993,Low Risk,11,0.0,0.0,48.008368810017906,One year,No,Mailed check,20.0,211.95
8896-BQTTI,0.5722883,Medium Risk,1,0.0,0.0,21.802252928415935,Month-to-month,No,Mailed check,25.0,25.0
3865-QBWSJ,0.4997284,Medium Risk,38,0.16666666666666666,77.84887147921819,44.1802446047465,Month-to-month,Fiber optic,Mailed check,80.45,3162.65
3352-RICWQ,0.07276621,Low Risk,9,0.0,0.0,50.11169075965881,Two year,No,Mailed check,19.75,210.65
2160-GPFXD,0.058838647,Low Risk,54,0.5,60.611822053762936,79.5580667257309,Two year,DSL,Credit card (automatic),65.65,3566.7
2065-MMKGR,0.27729017,Low Risk,29,0.3333333333333333,34.60391825838295,54.885491728782654,One year,DSL,Credit card (automatic),71.0,2080.1
5857-TYBCJ,0.714052,High Risk,44,0.3333333333333333,43.42428054947422,39.297398924827576,Month-to-month,Fiber optic,Electronic check,89.2,4040.2
1498-NHTLT,0.07250205,Low Risk,59,1.0,0.0,90.95823248227437,Two year,DSL,Electronic check,86.75,5186.0
4484-CGXFK,0.7464879,High Risk,3,0.16666666666666666,57.95296951208529,17.25893755753835,Month-to-month,DSL,Electronic check,55.3,196.15
1402-PTHGN,0.18193153,Low Risk,18,0.5,60.611822053762936,58.40342521667481,One year,DSL,Mailed check,61.5,1087.45
4176-RELJR,0.054019935,Low Risk,67,0.0,0.0,75.21567026774089,Two year,No,Credit card (automatic),25.1,1672.15
6214-EDAKZ,0.44169506,Medium Risk,22,0.3333333333333333,63.75748663220597,43.74857862790426,Month-to-month,DSL,Electronic check,55.15,1206.05
5199-FPUSP,0.15617727,Low Risk,33,0.3333333333333333,71.75541747592861,62.607802549997956,One year,DSL,Credit card (automatic),34.05,1113.95
6377-KSLXC,0.30181667,Medium Risk,5,0.0,0.0,36.992498238881424,Month-to-month,No,Mailed check,19.95,107.05
1796-JANOW,0.34327483,Medium Risk,2,0.0,0.0,33.669591744740806,Month-to-month,No,Mailed check,19.95,38.15
0238-WHBIQ,0.039914265,Low Risk,72,1.0,0.0,98.00428748130798,Two year,DSL,Credit card (automatic),89.7,6339.3
8735-NBLWT,0.24694477,Low Risk,9,0.0,0.0,41.40276074409485,Month-to-month,No,Mailed check,20.4,184.1
6651-RLGGM,0.04369631,Low Risk,67,0.0,0.0,75.73185245196025,Two year,No,Mailed check,26.3,1688.9
6127-ISGTU,0.8011176,High Risk,16,0.16666666666666666,57.64548480395888,19.94412004947662,Month-to-month,Fiber optic,Electronic check,84.95,1378.25
1614-JBEBI,0.26364163,Low Risk,8,0.0,0.0,40.15125354131063,Month-to-month,No,Mailed check,20.7,137.6
8740-XLHDR,0.5426887,Medium Risk,5,0.6666666666666666,46.390617799278274,38.282230297724404,Month-to-month,DSL,Mailed check,43.25,219.0
1208-DNHLN,0.24682362,Low Risk,23,0.0,80.99453605766122,47.2421528895696,One year,DSL,Credit card (automatic),48.35,1067.15
1761-AEZZR,0.9054412,High Risk,1,0.16666666666666666,57.64548480395888,8.477938771247864,Month-to-month,Fiber optic,Electronic check,79.55,79.55
3923-CSIHK,0.60719067,High Risk,50,0.0,80.99453605766122,40.473799904187516,Month-to-month,Fiber optic,Electronic check,71.05,3444.85
5696-EXCYS,0.07480244,Low Risk,17,0.0,0.0,53.34321041901906,Two year,No,Credit card (automatic),19.45,369.05
5795-KTGUD,0.17879267,Low Risk,68,0.8333333333333334,6.09345400328958,86.06036722660065,Two year,Fiber optic,Bank transfer (automatic),110.8,7553.6
7120-RFMVS,0.89106166,High Risk,1,0.16666666666666666,57.64548480395888,9.196916818618774,Month-to-month,Fiber optic,Electronic check,84.5,84.5
7924-GJZFI,0.63869125,High Risk,25,0.0,80.99453605766122,28.482104341189064,Month-to-month,Fiber optic,Electronic check,69.3,1813.1
4702-HDRKD,0.109958015,Low Risk,67,0.6666666666666666,34.18516196774161,85.7521003484726,One year,DSL,Bank transfer (automatic),49.35,3321.35
8512-WIWYV,0.07647449,Low Risk,32,0.0,0.0,59.509608944257096,One year,No,Credit card (automatic),20.35,707.5
5897-ZYEKH,0.34628904,Medium Risk,67,0.6666666666666666,20.31465825777424,73.9355480670929,One year,Fiber optic,Electronic check,105.6,7112.15
5456-ITGIC,0.07110908,Low Risk,72,1.0,0.0,96.44454717636108,Two year,DSL,Credit card (automatic),64.45,4641.1
7317-GGVPB,0.5209516,Medium Risk,71,0.8333333333333334,3.145664578443032,70.20241856575014,Two year,Fiber optic,Credit card (automatic),108.6,7690.9
1406-PUQVY,0.7877629,High Risk,1,0.16666666666666666,69.85094063549555,14.36185598373413,Month-to-month,DSL,Electronic check,49.9,49.9
1322-AGOQM,0.40032035,Medium Risk,46,0.16666666666666666,69.85094063549555,52.48398244380951,Month-to-month,DSL,Bank transfer (automatic),30.3,1380.1
3677-IYRBF,0.81982946,High Risk,2,0.16666666666666666,66.77333180317656,13.175193468729654,Month-to-month,DSL,Electronic check,30.4,78.65
5692-FPTAH,0.7473991,High Risk,1,0.0,80.99453605766122,13.046712080637615,Month-to-month,DSL,Mailed check,45.4,45.4
9114-AAFQH,0.28176305,Low Risk,48,0.5,32.588169835434954,65.91184616088867,One year,DSL,Electronic check,65.65,3094.65
8715-KKTFG,0.4251345,Medium Risk,61,0.6666666666666666,14.289260000608706,67.49327301979065,One year,Fiber optic,Bank transfer (automatic),103.3,6518.35
1550-LOAHA,0.5530775,Medium Risk,32,0.3333333333333333,46.809374089919615,42.3461240530014,Month-to-month,Fiber optic,Bank transfer (automatic),84.15,2585.95
1728-BQDMA,0.70205736,High Risk,2,0.0,80.99453605766122,15.730465253194174,Month-to-month,DSL,Electronic check,44.45,82.7
0268-QKIWO,0.39635846,Medium Risk,3,0.0,0.0,31.43207550048828,Month-to-month,No,Electronic check,19.75,58.85
0876-WDUUZ,0.8135103,High Risk,5,0.3333333333333333,51.85951550879571,18.074485063552856,Month-to-month,Fiber optic,Credit card (automatic),85.4,425.9
5117-ZSMHQ,0.04439372,Low Risk,71,1.0,0.0,97.36364742120107,Two year,DSL,Bank transfer (automatic),89.9,6342.7
5151-HQRDG,0.24188276,Low Risk,37,0.16666666666666666,77.84887147921819,56.65586292743683,Month-to-month,DSL,Mailed check,55.05,2030.75
0960-HUWBM,0.2633859,Low Risk,65,0.6666666666666666,14.289260000608706,77.24737207094827,Two year,Fiber optic,Bank transfer (automatic),104.1,6700.05
6465-GSRCL,0.33064455,Medium Risk,67,0.6666666666666666,17.366868832927693,74.71777260303497,One year,Fiber optic,Bank transfer (automatic),106.6,7244.7
0617-FHSGK,0.5005764,Medium Risk,49,0.0,80.99453605766122,45.38784782091776,Month-to-month,Fiber optic,Credit card (automatic),75.2,3678.3
0263-FJTQO,0.063611485,Low Risk,50,0.5,48.40636622222627,77.65275796254475,Two year,DSL,Credit card (automatic),70.5,3486.65
7319-ZNRTR,0.10044067,Low Risk,25,0.0,0.0,55.394632617632546,One year,No,Electronic check,19.6,411.15
2858-MOFSQ,0.26654214,Low Risk,17,0.16666666666666666,66.77333180317656,47.08955983320872,One year,DSL,Mailed check,55.85,937.5
7503-EPSZW,0.049177267,Low Risk,64,0.0,0.0,74.20780221621195,Two year,No,Mailed check,24.05,1559.15
7089-XXAYG,0.25739393,Low Risk,25,0.3333333333333333,43.42428054947422,54.21363552411397,One year,DSL,Credit card (automatic),38.1,970.4
8118-LSUEL,0.80887115,High Risk,23,0.6666666666666666,9.239118581732612,32.47310916582743,Month-to-month,Fiber optic,Electronic check,106.4,2483.5
8070-AAWZP,0.39691192,Medium Risk,24,0.3333333333333333,60.67987779988698,46.82107071081797,Month-to-month,DSL,Mailed check,34.25,828.2
1666-JXLKU,0.7634325,High Risk,37,0.5,20.382714003898286,37.24504152933756,Month-to-month,Fiber optic,Electronic check,100.05,3810.55
7855-DIWPO,0.7164766,High Risk,21,0.0,80.99453605766122,22.926169037818912,Month-to-month,Fiber optic,Electronic check,68.65,1493.2
5133-POWUA,0.7534007,High Risk,1,0.0,80.99453605766122,12.746632496515911,Month-to-month,DSL,Mailed check,45.8,45.8
5652-MSDEY,0.74702525,High Risk,10,0.0,80.99453605766122,16.815404097239174,Month-to-month,Fiber optic,Mailed check,75.75,777.3
7005-CCBKV,0.8373264,High Risk,6,0.3333333333333333,46.809374089919615,17.30034629503886,Month-to-month,Fiber optic,Electronic check,84.4,556.35
1810-BOHSY,0.37370223,Medium Risk,51,0.5,43.66370951147658,62.56488859653473,One year,Fiber optic,Credit card (automatic),96.4,4911.05
1784-BXEFA,0.23354164,Low Risk,10,0.0,0.0,42.48958627382915,Month-to-month,No,Mailed check,20.55,187.35
7351-MHQVU,0.4443813,Medium Risk,6,0.6666666666666666,37.570255508187,43.61426850159963,Month-to-month,DSL,Credit card (automatic),50.95,307.6
9224-VTYID,0.04950274,Low Risk,47,1.0,0.0,87.10819681485494,Two year,DSL,Mailed check,90.5,4318.35
9500-IWPXQ,0.15459289,Low Risk,61,0.8333333333333334,23.349051253702342,84.35368975003561,One year,DSL,Electronic check,79.4,4820.55
5762-TJXGK,0.070116304,Low Risk,52,0.8333333333333334,6.09345400328958,84.82751925786336,Two year,DSL,Bank transfer (automatic),58.75,3038.55
4504-YOULA,0.26450446,Low Risk,35,0.3333333333333333,66.70527605705252,58.02477836608886,Month-to-month,DSL,Credit card (automatic),59.45,2136.9
5569-IDSEY,0.35941026,Medium Risk,71,0.6666666666666666,9.239118581732612,74.94615236918132,One year,Fiber optic,Bank transfer (automatic),105.7,7472.15
4250-FDVOU,0.48557144,Medium Risk,6,0.3333333333333333,66.70527605705252,34.88809446493784,Month-to-month,DSL,Electronic check,56.25,389.1
7284-ZZLOH,0.06995046,Low Risk,45,0.3333333333333333,63.62766722473353,71.91914359728496,Two year,DSL,Credit card (automatic),53.3,2296.25
5277-ZLOOR,0.8840265,High Risk,2,0.16666666666666666,57.64548480395888,9.965340296427408,Month-to-month,Fiber optic,Electronic check,85.55,187.45
2141-RRYGO,0.6201288,High Risk,4,0.5,23.460322836217273,30.66022614638011,Month-to-month,DSL,Bank transfer (automatic),68.65,261.25
1777-JYQPJ,0.65225375,High Risk,2,0.0,80.99453605766122,18.220645984013874,Month-to-month,DSL,Mailed check,24.3,38.45
6376-GAHQE,0.7847165,High Risk,4,0.16666666666666666,57.64548480395888,15.76417565345764,Month-to-month,Fiber optic,Electronic check,77.85,299.2
3401-URHDA,0.12635514,Low Risk,51,0.3333333333333333,71.75541747592861,71.59890810648601,One year,DSL,Credit card (automatic),59.9,3043.6
1599-EAHXY,0.08650675,Low Risk,60,0.0,0.0,70.67466378211975,One year,No,Credit card (automatic),23.95,1506.4
8631-XVRZL,0.13806953,Low Risk,9,0.0,0.0,46.846524477005005,One year,No,Mailed check,20.15,163.7
5052-PNLOS,0.87156385,High Risk,3,0.6666666666666666,9.239118581732612,21.005140741666157,Month-to-month,Fiber optic,Bank transfer (automatic),105.35,323.25
3853-LYGAM,0.6227023,High Risk,17,0.5,37.63831125431105,35.948218305905655,Month-to-month,Fiber optic,Bank transfer (automatic),95.65,1640.0
6979-ZNSFF,0.860068,High Risk,8,0.16666666666666666,57.64548480395888,13.663265506426491,Month-to-month,Fiber optic,Electronic check,87.05,762.1
5751-USDBL,0.055301443,Low Risk,46,0.8333333333333334,11.143595422165674,83.06826194127402,Two year,DSL,Mailed check,81.0,3846.35
5680-LQOGP,0.05505883,Low Risk,68,1.0,0.0,95.58039148648581,Two year,DSL,Credit card (automatic),82.45,5646.6
2386-LAHRK,0.7641807,High Risk,1,0.16666666666666666,57.64548480395888,15.540964007377625,Month-to-month,DSL,Mailed check,53.5,53.5
8189-DUKMV,0.13913275,Low Risk,4,0.0,0.0,44.7100297609965,One year,No,Bank transfer (automatic),20.5,79.05
6032-IGALN,0.7563717,High Risk,1,0.0,80.99453605766122,12.598082820574444,Month-to-month,DSL,Mailed check,25.1,25.1
9931-DCEZH,0.16008835,Low Risk,28,0.3333333333333333,63.75748663220597,60.328915317853294,One year,DSL,Credit card (automatic),54.4,1516.6
1898-JSNDC,0.17779031,Low Risk,39,0.3333333333333333,46.501889381793205,64.02715245882669,One year,DSL,Credit card (automatic),58.6,2224.5
0315-LVCRK,0.7376011,High Risk,11,0.3333333333333333,43.73176525760063,24.3699449300766,Month-to-month,Fiber optic,Electronic check,84.8,888.75
3911-RSNHI,0.049829997,Low Risk,71,0.8333333333333334,3.145664578443032,93.75849902629854,Two year,DSL,Credit card (automatic),61.4,4310.35
2410-CIYFZ,0.3258107,Medium Risk,2,0.0,0.0,34.54279979070028,Month-to-month,No,Mailed check,20.4,42.9
4248-HCETZ,0.58116186,Medium Risk,30,0.3333333333333333,55.629736381010886,40.10857383410136,Month-to-month,Fiber optic,Mailed check,79.65,2365.15
5505-OVWQW,0.10208045,Low Risk,17,0.0,0.0,51.97931011517842,One year,No,Mailed check,20.15,353.65
7271-AJDTL,0.48879513,Medium Risk,55,0.5,32.280685127308544,58.476908604303986,Month-to-month,Fiber optic,Credit card (automatic),94.45,5073.1
1867-TJHTS,0.34521028,Medium Risk,58,0.16666666666666666,77.84887147921819,60.23948431015015,Month-to-month,Fiber optic,Bank transfer (automatic),79.8,4526.85
0516-WJVXC,0.5822659,Medium Risk,5,0.3333333333333333,71.75541747592861,29.636704325675968,Month-to-month,DSL,Electronic check,54.2,308.25
9174-FKWZE,0.6955053,High Risk,1,0.0,0.0,15.641400615374248,Month-to-month,No,Electronic check,19.45,19.45
6860-YRJZP,0.8228155,High Risk,9,0.0,80.99453605766122,12.609226107597351,Month-to-month,Fiber optic,Electronic check,74.05,678.45
4429-WYGFR,0.27404037,Low Risk,26,0.16666666666666666,74.90108205437164,50.464649597803756,Month-to-month,DSL,Bank transfer (automatic),49.15,1237.3
2817-LVCPP,0.071092844,Low Risk,50,0.0,0.0,67.27869113286336,Two year,No,Credit card (automatic),19.4,1023.95
5038-ETMLM,0.050195534,Low Risk,72,1.0,0.0,97.49022424221039,Two year,Fiber optic,Bank transfer (automatic),113.65,8182.75
5056-FIMPT,0.44272566,Medium Risk,43,0.8333333333333334,14.221204254484661,62.44705041249594,One year,Fiber optic,Credit card (automatic),106.0,4532.3
4521-WFJAI,0.06571959,Low Risk,56,0.0,0.0,70.04735310872397,Two year,No,Bank transfer (automatic),25.95,1444.05
6569-KTMDU,0.40092,Medium Risk,1,0.0,0.0,30.370664993921913,Month-to-month,No,Mailed check,19.1,19.1
8809-RIHDD,0.34950507,Medium Risk,72,0.6666666666666666,9.239118581732612,75.85807998975118,Two year,Fiber optic,Electronic check,103.4,7372.65
8809-XKHMD,0.079223156,Low Risk,72,0.6666666666666666,37.570255508187,89.37217553456624,Two year,Fiber optic,Bank transfer (automatic),100.55,7325.1
0396-YCHWO,0.7406732,High Risk,36,0.3333333333333333,34.60391825838295,34.63300744692484,Month-to-month,Fiber optic,Electronic check,95.4,3474.2
0867-LDTTC,0.4985532,Medium Risk,5,0.6666666666666666,14.289260000608706,40.489008824030556,Month-to-month,DSL,Bank transfer (automatic),75.15,392.65
4822-NGOCH,0.83004236,High Risk,13,0.3333333333333333,55.629736381010886,20.581215222676597,Month-to-month,Fiber optic,Electronic check,84.45,1058.6
9391-DXGGG,0.33785084,Medium Risk,44,0.5,32.588169835434954,61.440792878468834,One year,Fiber optic,Credit card (automatic),89.15,3990.75
9844-FELAJ,0.35440773,Medium Risk,70,0.8333333333333334,3.145664578443032,78.11294694741567,One year,Fiber optic,Electronic check,107.9,7475.85
2122-SZZZD,0.07459739,Low Risk,44,0.0,0.0,64.60346539815266,One year,No,Credit card (automatic),19.5,835.5
5307-DZCVC,0.6402383,High Risk,32,0.16666666666666666,57.64548480395888,34.6547524134318,Month-to-month,Fiber optic,Credit card (automatic),85.95,2628.6
3148-AOIQT,0.0518894,Low Risk,69,0.0,0.0,76.1555290222168,Two year,No,Credit card (automatic),24.95,1718.35
8679-JOEVF,0.5448201,Medium Risk,16,0.3333333333333333,51.5520308006693,36.09232981999715,Month-to-month,DSL,Electronic check,59.4,1023.9
8395-ETZKQ,0.08080353,Low Risk,68,0.0,0.0,74.2931576569875,One year,No,Bank transfer (automatic),19.5,1193.55
6692-YQHXC,0.63646173,High Risk,16,0.0,80.99453605766122,24.84357992808024,Month-to-month,Fiber optic,Credit card (automatic),69.95,1205.5
3889-VWBID,0.053310398,Low Risk,68,0.8333333333333334,14.221204254484661,92.33448028564453,Two year,DSL,Bank transfer (automatic),82.85,5776.45
5222-JCXZT,0.21478234,Low Risk,4,0.0,0.0,40.9275488058726,Month-to-month,No,Mailed check,19.0,78.9
9754-CLVZW,0.31116396,Medium Risk,26,0.5,60.611822053762936,55.275135238965355,Month-to-month,DSL,Credit card (automatic),38.85,1025.15
1432-FPAXX,0.55072904,Medium Risk,29,0.16666666666666666,69.85094063549555,37.880214850107826,Month-to-month,DSL,Electronic check,30.6,856.35
2739-CCZMB,0.31030947,Medium Risk,5,0.0,0.0,36.56785984834035,Month-to-month,No,Credit card (automatic),20.35,122.0
7080-TNUWP,0.21917583,Low Risk,70,0.5,32.280685127308544,78.20787588755289,One year,Fiber optic,Bank transfer (automatic),95.0,6602.9
0496-AHOOK,0.2063717,Low Risk,24,0.6666666666666666,25.364799676650335,63.01475008328755,One year,DSL,Bank transfer (automatic),74.4,1712.9
8336-TAVKX,0.060408276,Low Risk,72,0.8333333333333334,23.349051253702342,93.64625195662182,Two year,DSL,Bank transfer (automatic),78.45,5682.25
2468-SJFLM,0.7891932,High Risk,1,0.16666666666666666,74.90108205437164,14.290339350700378,Month-to-month,Fiber optic,Mailed check,74.3,74.3
3181-VTHOE,0.22234042,Low Risk,70,0.6666666666666666,26.494715832145374,81.38297975063324,One year,DSL,Bank transfer (automatic),51.05,3635.15
7168-HDQHG,0.14906369,Low Risk,36,0.0,0.0,57.54681468009949,Month-to-month,No,Bank transfer (automatic),19.2,702.9
4803-AXVYP,0.75185245,High Risk,38,0.5,28.510464255093368,38.24071069558461,Month-to-month,Fiber optic,Electronic check,99.55,3734.25
3884-HCSWG,0.7458069,High Risk,17,0.0,80.99453605766122,19.79298969109853,Month-to-month,Fiber optic,Electronic check,70.0,1144.5
4567-AKPIA,0.45146903,Medium Risk,41,0.8333333333333334,3.145664578443032,61.17654681205749,One year,Fiber optic,Bank transfer (automatic),109.1,4454.25
5077-DXTCG,0.8039554,High Risk,1,0.0,80.99453605766122,10.218897859255472,Month-to-month,DSL,Electronic check,45.3,45.3
1142-WACZW,0.6318746,High Risk,2,0.16666666666666666,74.90108205437164,22.572935620943703,Month-to-month,DSL,Bank transfer (automatic),29.85,75.6
7901-HXJVA,0.67103744,High Risk,14,0.16666666666666666,66.77333180317656,25.614794890085857,Month-to-month,Fiber optic,Electronic check,76.45,1117.55
5649-ANRML,0.8238614,High Risk,2,0.6666666666666666,26.494715832145374,22.97359565893809,Month-to-month,Fiber optic,Credit card (automatic),95.1,180.25
4892-VLANZ,0.56090015,Medium Risk,1,0.0,0.0,22.37165908018748,Month-to-month,No,Mailed check,19.8,19.8
5924-IFQTT,0.5066554,Medium Risk,13,0.6666666666666666,26.187231124018965,43.41723024845123,Month-to-month,DSL,Electronic check,72.8,930.05
7968-QUXNS,0.19001563,Low Risk,6,0.0,0.0,42.99921929836273,Month-to-month,No,Mailed check,18.95,110.15
2919-HBCJO,0.8000617,High Risk,4,0.16666666666666666,69.85094063549555,14.996914863586424,Month-to-month,Fiber optic,Bank transfer (automatic),76.65,333.6
4236-XPXAV,0.8457568,High Risk,5,0.6666666666666666,17.366868832927693,23.128825227419537,Month-to-month,Fiber optic,Mailed check,99.15,465.05
8903-WMRNW,0.72441286,High Risk,15,0.6666666666666666,17.237049425455254,33.36269040902455,Month-to-month,Fiber optic,Electronic check,101.75,1669.4
2452-SNHFZ,0.41207564,Medium Risk,47,0.16666666666666666,77.84887147921819,52.31288472811381,Month-to-month,Fiber optic,Credit card (automatic),75.45,3545.1
3629-WEAAM,0.40841916,Medium Risk,8,0.5,37.63831125431105,42.91237672170003,Month-to-month,DSL,Mailed check,64.1,504.05
6029-CSMJE,0.4371871,Medium Risk,17,0.0,80.99453605766122,35.22397955258687,Month-to-month,DSL,Mailed check,25.65,440.2
7993-NQLJE,0.5218234,Medium Risk,15,0.16666666666666666,77.84887147921819,33.492163022359215,Month-to-month,Fiber optic,Mailed check,75.1,1151.55
9909-DFRJA,0.36569643,Medium Risk,26,0.6666666666666666,34.492646675868016,55.88184515635173,One year,Fiber optic,Bank transfer (automatic),95.85,2475.35
9099-FTUHS,0.40019128,Medium Risk,23,0.16666666666666666,77.84887147921819,42.90710131327311,Month-to-month,DSL,Electronic check,54.4,1249.25
0581-BXBUB,0.726062,High Risk,4,0.16666666666666666,69.85094063549555,18.696900010108948,Month-to-month,Fiber optic,Electronic check,72.75,317.75
4962-CHQPW,0.069033,Low Risk,29,0.0,0.0,58.63168199857076,One year,No,Mailed check,19.85,535.05
9467-ROOLM,0.13987565,Low Risk,25,0.0,0.0,53.422884146372475,Month-to-month,No,Mailed check,19.05,461.3
3030-YZADT,0.45166108,Medium Risk,9,0.0,80.99453605766122,31.166944503784176,Month-to-month,DSL,Mailed check,44.95,431.0
7410-KTVFV,0.40703154,Medium Risk,18,0.16666666666666666,66.77333180317656,40.48175652821859,Month-to-month,DSL,Mailed check,49.55,878.35
5150-ITWWB,0.8915285,High Risk,3,0.3333333333333333,34.60391825838295,13.340242306391398,Month-to-month,Fiber optic,Electronic check,94.85,335.75
2253-KPMNB,0.05155434,Low Risk,69,0.6666666666666666,46.390617799278274,89.50561722119649,Two year,DSL,Bank transfer (automatic),46.25,3121.4
1345-ZUKID,0.096934125,Low Risk,14,0.0,0.0,50.98662634690603,One year,No,Mailed check,19.35,324.8
6429-SHBCB,0.34393325,Medium Risk,19,0.3333333333333333,34.60391825838295,47.38667209943135,Month-to-month,DSL,Mailed check,69.6,1394.55
9281-OFDMF,0.60173464,High Risk,39,0.3333333333333333,46.809374089919615,42.8299347559611,Month-to-month,Fiber optic,Electronic check,90.7,3413.25
2603-HVKCG,0.719531,High Risk,31,0.6666666666666666,9.239118581732612,40.273450016975396,Month-to-month,Fiber optic,Electronic check,101.4,3143.65
1834-WULEG,0.07714332,Low Risk,24,0.0,0.0,56.142834424972534,One year,No,Mailed check,20.25,439.75
9097-ZUBYC,0.37276095,Medium Risk,14,0.16666666666666666,74.90108205437164,40.52861909071604,Month-to-month,DSL,Bank transfer (automatic),48.8,664.4
5148-ORICT,0.07520203,Low Risk,64,0.8333333333333334,23.349051253702342,89.57323094209035,Two year,DSL,Mailed check,74.35,4759.55
4893-GYUJU,0.09093181,Low Risk,50,0.0,0.0,66.28674169381459,One year,No,Mailed check,19.35,1033.0
4578-PHJYZ,0.1882896,Low Risk,52,0.6666666666666666,26.187231124018965,75.58552086353302,One year,DSL,Electronic check,68.75,3482.85
7272-QDCKA,0.47617516,Medium Risk,28,0.5,23.460322836217273,47.85790721575419,One year,Fiber optic,Electronic check,100.2,2688.45
8908-SLFCJ,0.06965732,Low Risk,21,0.0,0.0,55.267133712768555,Two year,No,Credit card (automatic),20.85,435.25
8393-DLHGA,0.75234926,High Risk,25,0.5,23.460322836217273,32.7992037932078,Month-to-month,Fiber optic,Electronic check,95.9,2448.75
9766-HGEDE,0.09797186,Low Risk,17,0.0,0.0,52.184740503629044,One year,No,Mailed check,19.35,307.0
6968-MHOMU,0.35192335,Medium Risk,58,0.3333333333333333,34.60391825838295,63.237166007359825,One year,DSL,Credit card (automatic),45.0,2689.35
7395-IGJOS,0.64567715,High Risk,17,0.16666666666666666,57.95296951208529,28.132809201876324,Month-to-month,Fiber optic,Bank transfer (automatic),81.5,1329.2
5044-XDPYX,0.057880986,Low Risk,51,0.0,0.0,68.3559501171112,Two year,No,Mailed check,25.5,1281.25
1814-WFGVS,0.050862666,Low Risk,72,0.6666666666666666,34.18516196774161,90.79019983609517,Two year,DSL,Mailed check,48.9,3527.0
2834-SPCJV,0.55578804,Medium Risk,52,0.3333333333333333,54.49982022551585,50.543931325276695,Month-to-month,Fiber optic,Electronic check,84.1,4348.65
3721-WKIIL,0.061881248,Low Risk,27,0.0,0.0,58.155937790870674,Two year,No,Mailed check,19.6,561.15
6734-CKRSM,0.34234157,Medium Risk,3,0.0,0.0,34.132922887802124,Month-to-month,No,Mailed check,20.0,63.6
1265-ZFOSD,0.07376712,Low Risk,64,0.8333333333333334,23.349051253702342,89.64497705300649,Two year,DSL,Mailed check,81.3,5129.3
6568-POCUI,0.14487779,Low Risk,45,0.5,28.510464255093368,71.5061104297638,Two year,Fiber optic,Credit card (automatic),95.2,4285.8
7890-VYYWG,0.75959426,High Risk,3,0.16666666666666666,57.64548480395888,16.603620251019795,Month-to-month,DSL,Mailed check,36.45,93.7
5197-LQXXH,0.053219903,Low Risk,71,0.8333333333333334,3.145664578443032,93.589004278183,Two year,DSL,Credit card (automatic),83.3,5894.5
9907-SWKKF,0.7532197,High Risk,1,0.0,80.99453605766122,12.755680481592815,Month-to-month,DSL,Mailed check,25.05,25.05
3457-PQBYH,0.052009206,Low Risk,58,0.0,0.0,71.56620542208354,Two year,No,Credit card (automatic),20.3,1160.75
7682-AZNDK,0.634337,High Risk,34,0.5,32.280685127308544,42.44981626669566,Month-to-month,Fiber optic,Electronic check,89.85,3091.75
0587-DMGBH,0.60155445,High Risk,8,0.16666666666666666,77.84887147921819,26.588943998018898,Month-to-month,DSL,Electronic check,49.85,365.55
5384-ZTTWP,0.24191327,Low Risk,15,0.0,0.0,44.15433704853058,Month-to-month,No,Mailed check,19.8,272.95
3745-HRPHI,0.05977353,Low Risk,66,0.6666666666666666,14.289260000608706,87.84465809663135,Two year,DSL,Bank transfer (automatic),54.65,3632.0
7636-OWBPG,0.49035552,Medium Risk,12,0.16666666666666666,69.85094063549555,33.81555875142415,Month-to-month,DSL,Credit card (automatic),29.35,381.2
1231-YNDEK,0.08935683,Low Risk,58,0.0,0.0,69.69882468382518,Two year,No,Bank transfer (automatic),19.15,1035.5
1407-DIGZV,0.063316055,Low Risk,3,0.0,0.0,48.084197640419006,Two year,No,Mailed check,19.1,52.0
6397-JNZZG,0.5150623,Medium Risk,43,0.6666666666666666,9.239118581732612,55.49688637256622,Month-to-month,DSL,Credit card (automatic),55.55,2342.2
0570-BFQHT,0.7033013,High Risk,9,0.3333333333333333,55.629736381010886,25.251601139704388,Month-to-month,Fiber optic,Electronic check,80.55,653.9
4393-OBCRR,0.12934226,Low Risk,3,0.0,0.0,44.7828871011734,One year,No,Mailed check,20.25,71.2
3523-QRQLL,0.34288463,Medium Risk,22,0.5,23.460322836217273,52.02243367830912,One year,DSL,Bank transfer (automatic),69.5,1498.2
8564-LDKFL,0.556843,Medium Risk,40,0.6666666666666666,9.239118581732612,52.15785086154937,One year,Fiber optic,Bank transfer (automatic),106.0,4178.65
3696-DFHHB,0.048788335,Low Risk,68,0.0,0.0,75.89391787846883,Two year,No,Bank transfer (automatic),25.5,1821.8
0895-DQHEW,0.7314284,High Risk,54,0.6666666666666666,9.239118581732612,49.26191409428914,Month-to-month,Fiber optic,Electronic check,104.3,5278.15
4717-GHADL,0.064941674,Low Risk,50,0.6666666666666666,17.366868832927693,80.9195844332377,Two year,DSL,Mailed check,79.6,4024.2
5501-TVMGM,0.81671095,High Risk,1,0.16666666666666666,57.95296951208529,12.91445255279541,Month-to-month,DSL,Electronic check,55.25,55.25
5879-HMFFH,0.040269747,Low Risk,72,1.0,0.0,97.98651337623596,Two year,DSL,Bank transfer (automatic),88.05,6520.8
6772-WFQRD,0.07471039,Low Risk,40,0.0,0.0,62.93114821116129,One year,No,Bank transfer (automatic),20.4,854.9
3810-DVDQQ,0.060055107,Low Risk,72,1.0,0.0,96.99724316596985,Two year,Fiber optic,Bank transfer (automatic),117.6,8308.9
6972-SNKKW,0.275155,Low Risk,6,0.0,0.0,38.742249608039856,Month-to-month,No,Mailed check,20.0,109.2
3694-GLTJM,0.31216404,Medium Risk,5,0.0,0.0,36.475129922231034,Month-to-month,No,Credit card (automatic),19.65,92.05
8550-XSXUQ,0.302037,Medium Risk,48,0.5,32.588169835434954,64.8981499671936,One year,DSL,Credit card (automatic),70.55,3420.5
8149-RSOUN,0.9215144,High Risk,1,0.3333333333333333,34.60391825838295,11.00761373837789,Month-to-month,Fiber optic,Electronic check,93.85,93.85
9055-MOJJJ,0.08168339,Low Risk,64,0.5,48.40636622222627,82.58249680201212,One year,DSL,Mailed check,65.8,4068.0
4359-INNWN,0.11087379,Low Risk,17,0.0,0.0,51.53964241345723,One year,No,Credit card (automatic),20.05,337.9
0585-EGDDA,0.6364521,High Risk,40,0.3333333333333333,55.629736381010886,41.51072939236958,Month-to-month,Fiber optic,Electronic check,80.0,3168.75
4032-RMHCI,0.15577848,Low Risk,41,0.3333333333333333,63.62766722473353,65.9610766172409,One year,DSL,Credit card (automatic),35.4,1412.4
0549-CYCQN,0.21459843,Low Risk,51,0.16666666666666666,69.85094063549555,63.85341246922811,One year,Fiber optic,Bank transfer (automatic),79.6,3974.7
3481-JHUZH,0.6718479,High Risk,41,0.16666666666666666,69.85094063549555,36.8242726723353,Month-to-month,Fiber optic,Electronic check,80.25,3439.0
7250-EQKIY,0.71407574,High Risk,1,0.16666666666666666,66.77333180317656,18.046212792396545,Month-to-month,DSL,Mailed check,50.45,50.45
3594-IVHJZ,0.37306836,Medium Risk,2,0.0,0.0,32.17991669972738,Month-to-month,No,Mailed check,20.45,42.45
6869-FGJJC,0.17338485,Low Risk,68,0.3333333333333333,55.629736381010886,76.33075773715973,One year,Fiber optic,Credit card (automatic),79.6,5461.45
3896-ZVNET,0.06767917,Low Risk,24,0.0,0.0,56.61604166030884,Two year,No,Mailed check,24.7,571.75
8205-VSLRB,0.087073036,Low Risk,70,0.6666666666666666,34.492646675868016,88.1463485956192,Two year,DSL,Credit card (automatic),77.3,5498.2
5960-MVTUK,0.72938037,High Risk,3,0.16666666666666666,74.90108205437164,18.114314874013264,Month-to-month,DSL,Electronic check,29.75,96.85
6817-WTYHE,0.6317625,High Risk,2,0.0,80.99453605766122,19.245208104451496,Month-to-month,DSL,Bank transfer (automatic),44.9,111.05
3082-VQXNH,0.6203547,High Risk,3,0.16666666666666666,69.85094063549555,23.565597732861836,Month-to-month,DSL,Credit card (automatic),29.8,94.4
4013-UBXWQ,0.6357125,High Risk,7,0.5,28.510464255093368,31.13104144732157,Month-to-month,DSL,Electronic check,74.65,521.1
4931-TRZWN,0.54077214,Medium Risk,13,0.5,31.458253679939915,38.37805966536204,Month-to-month,DSL,Electronic check,71.95,923.85
0750-EKNGL,0.25983995,Low Risk,7,0.0,0.0,39.92466906706492,Month-to-month,No,Mailed check,20.75,141.1
7669-LCRSD,0.43185717,Medium Risk,12,0.16666666666666666,57.64548480395888,36.74047489960988,Month-to-month,DSL,Mailed check,56.3,628.65
3567-PQTSO,0.5618527,Medium Risk,53,0.6666666666666666,9.239118581732612,57.3240319887797,One year,Fiber optic,Electronic check,105.25,5576.3
5519-NPHVG,0.8516616,High Risk,12,0.3333333333333333,34.60391825838295,19.08358554045359,Month-to-month,Fiber optic,Electronic check,94.2,1046.1
8043-PNYSD,0.05363464,Low Risk,63,0.0,0.0,73.56826782226562,Two year,No,Mailed check,19.55,1245.6
9938-EKRGF,0.3349216,Medium Risk,15,1.0,0.0,59.50392007827758,Month-to-month,DSL,Mailed check,84.45,1287.85
2703-AMTUL,0.12765561,Low Risk,36,0.3333333333333333,66.70527605705252,65.28388539950053,One year,DSL,Mailed check,53.65,1939.35
0928-JMXNP,0.73059195,High Risk,4,0.16666666666666666,66.77333180317656,18.470402359962463,Month-to-month,DSL,Electronic check,29.9,118.25
8173-RXAYP,0.053842273,Low Risk,24,0.0,0.0,57.30788767337799,Two year,No,Mailed check,19.7,452.55
4825-XJGDM,0.1100602,Low Risk,61,0.6666666666666666,46.390617799278274,83.2469892501831,One year,DSL,Credit card (automatic),43.7,2696.55
5402-HTOTQ,0.48860663,Medium Risk,16,0.16666666666666666,69.85094063549555,35.56966841220856,Month-to-month,DSL,Electronic check,55.3,875.35
6734-JDTTV,0.047838047,Low Risk,65,0.0,0.0,74.69143172105153,Two year,No,Credit card (automatic),19.85,1267.05
7850-THJMU,0.054216605,Low Risk,26,0.0,0.0,58.12250216801961,Two year,No,Credit card (automatic),19.65,494.9
3890-RTCMS,0.40937465,Medium Risk,16,0.16666666666666666,74.90108205437164,39.531267285346985,Month-to-month,DSL,Mailed check,49.45,799.0
8849-GYOKR,0.40032458,Medium Risk,54,0.6666666666666666,20.31465825777424,65.81710418065389,One year,Fiber optic,Bank transfer (automatic),106.55,5763.3
3148-BLQJT,0.6056778,High Risk,1,0.0,0.0,20.132777492205303,Month-to-month,No,Mailed check,20.1,20.1
3717-FDJFU,0.06926045,Low Risk,5,0.0,0.0,48.62030943234761,Two year,No,Mailed check,20.45,106.9
3665-JATSN,0.64181066,High Risk,19,0.3333333333333333,46.809374089919615,32.492800553639725,Month-to-month,DSL,Electronic check,39.7,710.05
7966-YOTQW,0.42309022,Medium Risk,10,0.16666666666666666,77.84887147921819,36.34548902511597,Month-to-month,DSL,Credit card (automatic),54.5,568.2
0461-CVKMU,0.5746162,Medium Risk,23,0.5,49.53628237772131,40.85252364476521,Month-to-month,Fiber optic,Electronic check,83.8,1900.25
8806-EAGWC,0.63324547,High Risk,3,0.16666666666666666,57.64548480395888,22.92105992635091,Month-to-month,DSL,Mailed check,55.15,159.15
8853-TZDGH,0.067280784,Low Risk,72,0.8333333333333334,3.145664578443032,93.30262819925946,Two year,Fiber optic,Bank transfer (automatic),111.6,8012.75
7779-LGOVN,0.8541987,High Risk,10,0.16666666666666666,57.95296951208529,14.7900652885437,Month-to-month,Fiber optic,Electronic check,86.65,856.65
4324-BZCKL,0.4240373,Medium Risk,10,0.3333333333333333,55.629736381010886,39.631466468175255,Month-to-month,DSL,Mailed check,55.55,551.3
6924-TDGMT,0.1380714,Low Risk,11,0.0,0.0,47.6797624429067,One year,No,Mailed check,20.55,184.95
9710-ZUSHQ,0.6051313,High Risk,37,0.6666666666666666,20.31465825777424,48.493433594703674,Month-to-month,Fiber optic,Bank transfer (automatic),106.75,4056.75
1536-YHDOE,0.20400931,Low Risk,17,0.3333333333333333,71.75541747592861,53.54953527450561,One year,DSL,Mailed check,62.1,1096.65
8123-QBNAZ,0.6243452,High Risk,36,0.6666666666666666,17.237049425455254,47.11607416470846,Month-to-month,Fiber optic,Credit card (automatic),104.5,3684.95
3629-ZNKXA,0.79342073,High Risk,17,0.6666666666666666,9.239118581732612,30.74563006560008,Month-to-month,Fiber optic,Electronic check,101.8,1752.45
4827-LTQRJ,0.2921732,Low Risk,66,0.8333333333333334,14.221204254484661,79.55800632635753,One year,Fiber optic,Credit card (automatic),110.6,7210.85
7711-YIJWC,0.21220458,Low Risk,61,1.0,0.0,84.8064378897349,One year,DSL,Bank transfer (automatic),84.9,5264.5
5482-VXSXJ,0.68566304,High Risk,22,0.5,23.460322836217273,34.8835144440333,Month-to-month,Fiber optic,Mailed check,93.2,2157.3
7365-BVCJH,0.80228525,High Risk,1,0.0,80.99453605766122,10.302403966585794,Month-to-month,DSL,Electronic check,24.4,24.4
9620-ENEJV,0.7065288,High Risk,6,0.0,80.99453605766122,17.173560857772827,Month-to-month,Fiber optic,Credit card (automatic),70.55,433.95
4183-WCSEP,0.6379922,High Risk,31,0.3333333333333333,63.75748663220597,37.68372317155202,Month-to-month,Fiber optic,Electronic check,78.45,2435.15
2378-YIZKA,0.051666405,Low Risk,68,1.0,0.0,95.75001438458762,Two year,DSL,Credit card (automatic),85.0,5607.75
5498-TXHLF,0.6509582,High Risk,34,0.3333333333333333,43.42428054947422,38.285424311955765,Month-to-month,Fiber optic,Electronic check,87.45,2874.15
0689-DSXGL,0.327034,Medium Risk,52,0.5,49.53628237772131,65.31496683756511,Month-to-month,Fiber optic,Bank transfer (automatic),85.8,4433.3
6818-DJXAA,0.7916032,High Risk,10,0.5,37.33082654618464,24.586506287256878,Month-to-month,Fiber optic,Electronic check,91.1,964.35
9722-UJOJR,0.63636005,High Risk,29,0.0,80.99453605766122,30.26533087094625,Month-to-month,Fiber optic,Electronic check,70.75,1974.8
0464-WJTKO,0.03852252,Low Risk,72,0.0,0.0,78.07387292385101,Two year,No,Bank transfer (automatic),20.1,1460.85
8902-ZEOVF,0.069748394,Low Risk,47,0.0,0.0,66.09591325124104,One year,No,Mailed check,20.05,951.55
6778-EICRF,0.21058398,Low Risk,24,0.5,31.458253679939915,59.470800757408135,One year,DSL,Mailed check,74.8,1821.2
2662-NNTDK,0.08209847,Low Risk,65,0.0,0.0,72.978409131368,One year,No,Credit card (automatic),24.8,1600.95
4132-KALRO,0.8723906,High Risk,4,0.5,28.510464255093368,18.04713527361552,Month-to-month,Fiber optic,Mailed check,100.85,399.25
3902-FOIGH,0.8670137,High Risk,12,0.5,23.460322836217273,21.649315357208252,Month-to-month,Fiber optic,Electronic check,101.35,1218.55
6772-KSATR,0.86631966,High Risk,1,0.16666666666666666,77.84887147921819,10.434017181396484,Month-to-month,Fiber optic,Electronic check,81.7,81.7
7112-OPOTK,0.59000325,Medium Risk,33,0.0,80.99453605766122,34.249837398529046,Month-to-month,Fiber optic,Electronic check,68.25,2171.15
2874-YXVVA,0.61780655,High Risk,34,0.8333333333333334,3.145664578443032,49.943005641301475,Month-to-month,Fiber optic,Electronic check,105.1,3634.8
1245-HARPS,0.061403066,Low Risk,14,0.0,0.0,52.76318152745565,Two year,No,Mailed check,20.4,292.4
4210-QFJMF,0.84378445,High Risk,4,0.16666666666666666,57.95296951208529,12.81077742576599,Month-to-month,Fiber optic,Electronic check,79.15,317.25
4323-ELYYB,0.115382455,Low Risk,13,0.0,0.0,49.64754501978556,One year,No,Mailed check,20.0,218.55
4293-ETKAP,0.13553022,Low Risk,65,0.6666666666666666,17.366868832927693,83.64015499750772,Two year,DSL,Bank transfer (automatic),79.4,5071.9
6064-PUPMC,0.14593111,Low Risk,23,0.3333333333333333,71.75541747592861,58.95344376564026,One year,DSL,Credit card (automatic),57.2,1423.35
6504-VBLFL,0.08332768,Low Risk,55,0.5,52.484071802567854,78.75028411547342,Two year,DSL,Electronic check,58.6,3068.6
6322-PJJDJ,0.23524477,Low Risk,49,0.5,23.460322836217273,68.65442911783853,Two year,Fiber optic,Electronic check,94.8,4690.65
0330-BGYZE,0.41652265,Medium Risk,60,0.6666666666666666,9.239118581732612,67.50720222791035,One year,Fiber optic,Bank transfer (automatic),102.5,6157.6
1085-LDWAM,0.076033294,Low Risk,69,0.0,0.0,74.94833528995514,One year,No,Credit card (automatic),20.35,1442.65
7586-ZATGZ,0.7201536,High Risk,40,0.16666666666666666,57.64548480395888,33.99231851100921,Month-to-month,Fiber optic,Electronic check,84.9,3369.05
7197-VOJMM,0.092970245,Low Risk,67,0.6666666666666666,37.570255508187,86.60148739814758,Two year,DSL,Credit card (automatic),69.2,4671.65
3318-OSATS,0.75169957,High Risk,35,0.3333333333333333,34.60391825838295,33.665021657943726,Month-to-month,Fiber optic,Electronic check,95.45,3474.05
5828-AVIPD,0.6049662,High Risk,19,0.5,28.510464255093368,37.66835550467174,One year,Fiber optic,Electronic check,100.95,1875.55
1843-TLSGD,0.059635803,Low Risk,13,0.0,0.0,52.434875766436264,Two year,No,Mailed check,20.85,272.35
9626-VFRGG,0.5602954,Medium Risk,41,0.3333333333333333,46.501889381793205,45.73522984981536,Month-to-month,Fiber optic,Bank transfer (automatic),88.5,3645.05
7075-BNDVQ,0.51657474,Medium Risk,4,0.3333333333333333,63.62766722473353,32.504596312840775,Month-to-month,DSL,Mailed check,35.0,135.75
9143-CANJF,0.3358384,Medium Risk,24,0.3333333333333333,71.75541747592861,49.8747448126475,Month-to-month,DSL,Electronic check,55.15,1319.85
7284-BUYEC,0.6606892,High Risk,5,0.5,23.460322836217273,29.048874576886497,Month-to-month,DSL,Credit card (automatic),50.95,229.4
2041-JIJCI,0.65929496,High Risk,5,0.3333333333333333,46.809374089919615,25.785251855850223,Month-to-month,DSL,Electronic check,64.0,370.25
1086-LXKFY,0.87292665,High Risk,1,0.0,80.99453605766122,6.770334045092265,Month-to-month,Fiber optic,Mailed check,69.1,69.1
4900-MSOMT,0.046331443,Low Risk,72,0.8333333333333334,23.041566545575932,94.35009340445202,Two year,DSL,Bank transfer (automatic),80.2,5714.2
2229-VWQJH,0.3717925,Medium Risk,24,0.16666666666666666,66.77333180317656,44.74370857079823,Month-to-month,DSL,Credit card (automatic),49.3,1233.25
9194-GFVOI,0.06205086,Low Risk,42,0.8333333333333334,11.143595422165674,81.06412271658581,Two year,DSL,Credit card (automatic),84.35,3571.6
1336-EZFZY,0.30441332,Medium Risk,4,0.0,0.0,36.446000734965004,Month-to-month,No,Mailed check,20.05,83.3
4282-MSACW,0.41085544,Medium Risk,68,1.0,0.0,77.79056270917258,One year,Fiber optic,Credit card (automatic),117.2,8035.95
1403-LKLIK,0.07413957,Low Risk,33,0.0,0.0,60.04302024841308,One year,No,Mailed check,20.1,579.4
2636-ALXXZ,0.8975748,High Risk,1,0.0,80.99453605766122,5.537927548090617,Month-to-month,Fiber optic,Electronic check,69.6,69.6
7774-OJSXI,0.6517283,High Risk,31,0.6666666666666666,9.239118581732612,43.66358637809753,One year,Fiber optic,Electronic check,103.45,3066.45
7786-WBJYI,0.77045006,High Risk,4,0.16666666666666666,69.85094063549555,16.477497220039368,Month-to-month,Fiber optic,Bank transfer (automatic),77.95,305.55
0136-IFMYD,0.39295062,Medium Risk,69,0.8333333333333334,3.145664578443032,75.76913396517435,Two year,Fiber optic,Electronic check,109.95,7634.25
5144-TVGLP,0.6980483,High Risk,38,0.3333333333333333,34.60391825838295,37.59758532047272,Month-to-month,Fiber optic,Electronic check,94.75,3653.0
9643-AVVWI,0.81863385,High Risk,3,0.3333333333333333,63.75748663220597,16.984973947207134,Month-to-month,Fiber optic,Electronic check,80.0,241.3
0253-ZTEOB,0.09406768,Low Risk,48,0.6666666666666666,17.366868832927693,78.62994869550069,Two year,DSL,Electronic check,79.65,3870.3
2706-QZIHY,0.07239867,Low Risk,15,0.0,0.0,52.630066871643066,Two year,No,Mailed check,25.2,387.9
6061-PQHMK,0.08033744,Low Risk,25,0.0,0.0,56.39979342619578,One year,No,Credit card (automatic),19.9,527.5
9885-CSMWE,0.8834126,High Risk,1,0.16666666666666666,57.64548480395888,9.579370021820068,Month-to-month,Fiber optic,Electronic check,78.45,78.45
6137-MFAJN,0.42757013,Medium Risk,48,0.5,43.35622480335017,58.62149477005004,Month-to-month,DSL,Electronic check,44.8,2104.55
9122-UMROB,0.5488068,Medium Risk,1,0.0,0.0,22.976327339808147,Month-to-month,No,Mailed check,20.3,20.3
4232-JGKIY,0.41549295,Medium Risk,1,0.0,0.0,29.642019073168434,Month-to-month,No,Electronic check,19.2,19.2
2402-TAIRZ,0.28999025,Low Risk,37,0.3333333333333333,55.629736381010886,57.58382101853689,One year,Fiber optic,Electronic check,80.05,3019.1
9659-ZTWSM,0.44691706,Medium Risk,66,0.8333333333333334,3.145664578443032,71.820813814799,One year,Fiber optic,Bank transfer (automatic),107.35,7051.95
9139-TWBAS,0.1919414,Low Risk,26,0.6666666666666666,29.135020548865512,64.56959764162698,One year,DSL,Bank transfer (automatic),47.85,1190.5
6685-GBWJZ,0.10505586,Low Risk,63,0.6666666666666666,37.26277080006059,84.33053990205129,One year,DSL,Credit card (automatic),70.8,4448.8
5016-ETTFF,0.4660578,Medium Risk,10,0.16666666666666666,66.77333180317656,34.19711112976074,Month-to-month,DSL,Mailed check,29.5,255.25
3866-MDTUB,0.70768696,High Risk,2,0.5,31.458253679939915,25.44898529847463,Month-to-month,DSL,Electronic check,70.75,146.9
2195-VVRJF,0.43637538,Medium Risk,18,0.3333333333333333,54.80730493364226,42.34789768854777,Month-to-month,DSL,Credit card (automatic),59.1,1011.05
3913-RDSJZ,0.049070224,Low Risk,64,0.0,0.0,74.21315471331278,Two year,No,Mailed check,25.55,1714.95
8058-JMEQO,0.85362804,High Risk,9,0.16666666666666666,57.95296951208529,14.401931365331015,Month-to-month,Fiber optic,Electronic check,84.45,762.5
4203-QGNZA,0.15214047,Low Risk,28,0.0,0.0,54.059641758600876,Month-to-month,No,Mailed check,20.25,535.35
5043-TRZWM,0.85797864,High Risk,1,0.16666666666666666,66.77333180317656,10.851067900657654,Month-to-month,Fiber optic,Electronic check,75.55,75.55
0697-ZMSWS,0.8777663,High Risk,4,0.16666666666666666,57.95296951208529,11.111684441566466,Month-to-month,Fiber optic,Electronic check,85.65,338.9
7657-DYEPJ,0.23381169,Low Risk,38,0.6666666666666666,26.187231124018965,67.47608284155527,One year,DSL,Credit card (automatic),70.15,2497.35
9494-BDNNC,0.4066212,Medium Risk,66,0.5,32.588169835434954,67.16893911361693,One year,Fiber optic,Electronic check,95.3,6273.4
1640-PLFMP,0.89121884,High Risk,1,0.0,80.99453605766122,5.855724612871806,Month-to-month,Fiber optic,Electronic check,70.25,70.25
5366-OBVMR,0.37212035,Medium Risk,18,0.16666666666666666,74.90108205437164,42.22731431325277,Month-to-month,DSL,Mailed check,50.3,908.75
8276-MQBYC,0.7537691,High Risk,51,0.5,20.382714003898286,43.56154501438141,Month-to-month,Fiber optic,Electronic check,97.8,4913.3
7644-OMVMY,0.08541134,Low Risk,0,0.0,0.0,45.72943449020386,Two year,No,Mailed check,19.85,0.0
7593-XFKDI,0.704228,High Risk,1,0.0,80.99453605766122,15.205267469088238,Month-to-month,DSL,Mailed check,46.3,46.3
4573-JKNAE,0.0909031,Low Risk,12,0.0,0.0,50.454844832420356,Two year,No,Bank transfer (automatic),19.35,212.3
0337-CNPZE,0.75680226,High Risk,41,0.6666666666666666,9.239118581732612,42.57655362288156,Month-to-month,Fiber optic,Electronic check,106.3,4443.45
9817-APLHW,0.28907847,Low Risk,12,0.0,0.0,40.54607629776001,Month-to-month,No,Electronic check,25.0,316.2
8380-MQINP,0.05656147,Low Risk,55,0.0,0.0,70.08859316507974,Two year,No,Mailed check,20.3,1079.05
0840-DFEZH,0.8323186,High Risk,7,0.0,80.99453605766122,11.30073646704356,Month-to-month,Fiber optic,Electronic check,75.35,564.65
1513-XNPPH,0.7808564,High Risk,12,0.5,37.63831125431105,25.957181453704838,Month-to-month,Fiber optic,Electronic check,89.4,1095.65
8690-ZVLCL,0.054963157,Low Risk,68,1.0,0.0,95.58517475922903,Two year,DSL,Credit card (automatic),88.0,6161.9
6015-VVHHE,0.8523838,High Risk,5,0.16666666666666666,57.64548480395888,12.79747704664866,Month-to-month,Fiber optic,Credit card (automatic),83.15,446.05
1125-SNVCK,0.3037532,Medium Risk,49,0.0,80.99453605766122,55.22900680700937,Month-to-month,DSL,Mailed check,43.8,2106.05
0384-LPITE,0.3252042,Medium Risk,40,0.8333333333333334,6.09345400328958,67.07312365372975,One year,DSL,Credit card (automatic),62.05,2511.55
4616-EWBNJ,0.12228437,Low Risk,16,0.0,0.0,50.55244902769724,One year,No,Bank transfer (automatic),20.1,318.6
6347-DCUIK,0.7599403,High Risk,10,0.0,80.99453605766122,16.16965035597483,Month-to-month,Fiber optic,Mailed check,74.15,811.8
1335-HQMKX,0.32833073,Medium Risk,72,0.6666666666666666,9.239118581732612,76.9167955716451,One year,Fiber optic,Electronic check,101.35,7323.15
2545-EBUPK,0.8844903,High Risk,2,0.16666666666666666,57.95296951208529,9.942151109377543,Month-to-month,Fiber optic,Electronic check,84.05,186.05
6923-AQONU,0.05047817,Low Risk,23,0.0,0.0,57.05942531426748,Two year,No,Mailed check,20.9,454.0
2172-EJXVF,0.36540517,Medium Risk,71,0.6666666666666666,9.239118581732612,74.64640657107036,One year,Fiber optic,Electronic check,105.9,7521.95
0897-FEGMU,0.8701673,High Risk,11,0.5,20.382714003898286,21.07496758302053,Month-to-month,Fiber optic,Electronic check,99.5,1056.95
7663-RGWBC,0.74998343,High Risk,1,0.0,80.99453605766122,12.917495171229046,Month-to-month,DSL,Mailed check,44.15,44.15
1120-BMWUB,0.41530722,Medium Risk,16,0.3333333333333333,63.75748663220597,42.567972143491104,Month-to-month,DSL,Mailed check,53.9,834.15
9124-LHCJQ,0.90707266,High Risk,1,0.16666666666666666,57.95296951208529,8.396366834640503,Month-to-month,Fiber optic,Mailed check,85.45,85.45
4536-PLEQY,0.7642326,High Risk,12,0.3333333333333333,46.809374089919615,23.45503787199656,Month-to-month,Fiber optic,Credit card (automatic),85.05,999.8
7029-IJEJK,0.16660602,Low Risk,54,0.5,48.71385093035268,74.16969954967499,One year,DSL,Bank transfer (automatic),44.1,2369.7
8871-JLMHM,0.0866833,Low Risk,68,0.5,49.53628237772131,83.99916966756184,Two year,Fiber optic,Credit card (automatic),90.2,6297.65
2235-ZGKPT,0.57447034,Medium Risk,4,0.0,80.99453605766122,22.94314960638682,Month-to-month,DSL,Mailed check,50.85,239.55
3891-PUQOD,0.7528468,High Risk,1,0.3333333333333333,43.73176525760063,19.440994461377464,Month-to-month,DSL,Electronic check,59.2,59.2
5447-VYTKW,0.20389304,Low Risk,27,0.3333333333333333,71.75541747592861,57.72201339403789,Month-to-month,DSL,Mailed check,53.45,1461.45
3623-FQBOX,0.19993392,Low Risk,21,0.0,0.0,48.75330567359924,Month-to-month,No,Mailed check,19.95,416.4
0689-NKYLF,0.808436,High Risk,13,0.3333333333333333,43.42428054947422,21.66153450806936,Month-to-month,Fiber optic,Electronic check,83.2,1060.6
8659-HDIYE,0.24210933,Low Risk,64,0.6666666666666666,26.494715832145374,77.89453506469725,Month-to-month,DSL,Credit card (automatic),74.65,4869.35
3658-KIBGF,0.7690442,High Risk,1,0.3333333333333333,66.70527605705252,18.631122310956318,Month-to-month,DSL,Electronic check,54.9,54.9
3474-BAFSJ,0.05881734,Low Risk,57,0.8333333333333334,3.145664578443032,87.47580031553906,Two year,DSL,Bank transfer (automatic),57.5,3265.95
5519-YLDGW,0.8178515,High Risk,21,0.6666666666666666,17.237049425455254,31.190759142239887,Month-to-month,Fiber optic,Electronic check,103.9,2254.2
3865-ZFZIB,0.06736788,Low Risk,19,0.0,0.0,54.54827109972635,Two year,No,Mailed check,19.65,358.15
1855-AGAWH,0.55201924,Medium Risk,31,0.5,20.382714003898286,45.31570474306742,One year,Fiber optic,Electronic check,93.8,2939.8
7109-CQYUZ,0.06214513,Low Risk,52,1.0,0.0,88.5594109694163,Two year,DSL,Mailed check,89.25,4652.4
1370-GGAWX,0.44263622,Medium Risk,46,0.5,32.588169835434954,57.034854094187416,One year,Fiber optic,Electronic check,94.15,4408.45
4680-KUTAJ,0.5671523,Medium Risk,11,0.16666666666666666,77.84887147921819,29.55905059973399,Month-to-month,DSL,Electronic check,55.6,580.8
5307-UVGNB,0.32142144,Medium Risk,53,0.6666666666666666,29.44250525699192,69.34559444586435,Month-to-month,DSL,Bank transfer (automatic),48.7,2495.2
4946-EDSEW,0.20750192,Low Risk,11,0.0,0.0,44.20823891957601,Month-to-month,No,Mailed check,19.25,180.3
2883-ILGWO,0.537568,Medium Risk,57,0.6666666666666666,17.366868832927693,60.20493467648824,Month-to-month,Fiber optic,Bank transfer (automatic),104.9,5913.95
2516-VQRRV,0.8390041,High Risk,2,0.0,80.99453605766122,8.88312836488088,Month-to-month,Fiber optic,Mailed check,75.45,158.4
7580-UGXNC,0.6486097,High Risk,2,0.3333333333333333,66.70527605705252,25.069515109062195,Month-to-month,DSL,Mailed check,54.85,104.2
3642-BYHDO,0.039797675,Low Risk,71,0.0,0.0,77.59345014890036,Two year,No,Bank transfer (automatic),19.9,1389.35
9629-NHXFW,0.57746154,Medium Risk,1,0.0,0.0,21.54358963171641,Month-to-month,No,Mailed check,19.4,19.4
2696-RZVZW,0.047900867,Low Risk,68,0.0,0.0,75.93829055627187,Two year,No,Credit card (automatic),25.05,1629.2
5766-FTRTS,0.038202364,Low Risk,72,1.0,0.0,98.08988273143768,Two year,DSL,Mailed check,84.45,6033.1
0396-HUJBP,0.27460974,Low Risk,2,0.0,0.0,37.102846105893455,Month-to-month,No,Mailed check,19.3,44.4
5178-LMXOP,0.9225551,High Risk,1,0.3333333333333333,34.60391825838295,10.955578883488974,Month-to-month,Fiber optic,Electronic check,95.1,95.1
8879-ZKJOF,0.2496493,Low Risk,41,0.8333333333333334,11.143595422165674,71.2675356864929,One year,DSL,Bank transfer (automatic),79.85,3320.75
6285-FTQBF,0.04007901,Low Risk,72,0.0,0.0,77.99605011940002,Two year,No,Credit card (automatic),25.55,1867.7
8185-UPYBR,0.8426402,High Risk,6,0.0,80.99453605766122,10.36798894405365,Month-to-month,Fiber optic,Electronic check,75.5,438.0
4585-HETAI,0.8130131,High Risk,4,0.16666666666666666,66.77333180317656,14.34934616088867,Month-to-month,Fiber optic,Electronic check,73.75,325.45
7526-BEZQB,0.8656944,High Risk,12,0.3333333333333333,34.60391825838295,18.38194648424784,Month-to-month,Fiber optic,Electronic check,96.05,1148.1
1474-JUWSM,0.19654106,Low Risk,58,0.5,48.71385093035268,74.33961311976115,One year,DSL,Electronic check,68.4,3972.25
3530-CRZSB,0.26262057,Low Risk,7,0.0,0.0,39.78563825289408,Month-to-month,No,Mailed check,20.65,155.9
8498-XXGWA,0.18376848,Low Risk,65,0.3333333333333333,63.62766722473353,74.56157445907591,Month-to-month,DSL,Mailed check,55.15,3673.15
9617-INGJY,0.8709878,High Risk,1,0.0,80.99453605766122,6.867278019587199,Month-to-month,Fiber optic,Mailed check,70.6,70.6
0621-TSSMU,0.08934384,Low Risk,56,0.0,0.0,68.8661410411199,One year,No,Credit card (automatic),19.95,1126.75
7234-KMNRQ,0.21735114,Low Risk,4,0.0,0.0,40.799109737078346,Month-to-month,No,Mailed check,19.0,73.45
7636-PEPNS,0.1409087,Low Risk,58,0.0,80.99453605766122,67.12123076121013,One year,DSL,Mailed check,44.1,2413.05
4683-WYDOU,0.48609284,Medium Risk,62,0.6666666666666666,14.289260000608706,64.86202637354532,Two year,Fiber optic,Bank transfer (automatic),107.6,6912.7
9052-DHNKM,0.1775414,Low Risk,26,0.3333333333333333,66.70527605705252,58.62293124198913,One year,DSL,Electronic check,61.55,1581.95
6794-HKIAJ,0.2665762,Low Risk,62,0.5,52.484071802567854,72.50452478726704,Month-to-month,Fiber optic,Bank transfer (automatic),90.7,5586.45
5578-NKCXI,0.3007122,Medium Risk,58,0.6666666666666666,20.31465825777424,72.4643886089325,One year,Fiber optic,Credit card (automatic),99.25,5846.65
1642-HMARX,0.07282406,Low Risk,68,1.0,0.0,94.69213028748831,Two year,DSL,Electronic check,91.7,6424.7
3096-WPXBT,0.3067457,Medium Risk,61,0.6666666666666666,29.44250525699192,73.41271460056305,One year,Fiber optic,Credit card (automatic),100.7,6018.65
8434-PNQZX,0.07481172,Low Risk,42,0.6666666666666666,14.289260000608706,77.09274848302205,Two year,DSL,Credit card (automatic),78.45,3373.4
5950-AAAGJ,0.5962116,Medium Risk,18,0.16666666666666666,57.64548480395888,31.02275272210439,Month-to-month,Fiber optic,Bank transfer (automatic),84.3,1537.9
4299-OPXEJ,0.08656082,Low Risk,56,0.0,0.0,69.00529106458029,Two year,No,Bank transfer (automatic),19.55,1080.55
4951-UKAAQ,0.8770562,High Risk,4,0.3333333333333333,46.809374089919615,14.4805242617925,Month-to-month,Fiber optic,Electronic check,88.95,355.2
9618-LFJRU,0.3061185,Medium Risk,4,0.0,0.0,36.360742251078285,Month-to-month,No,Credit card (automatic),20.45,82.85
6693-DJWTY,0.12755622,Low Risk,35,0.3333333333333333,66.70527605705252,64.87218976020812,One year,DSL,Credit card (automatic),55.6,2016.45
0744-GKNGE,0.24159738,Low Risk,64,0.3333333333333333,71.75541747592861,71.25346263249715,Month-to-month,Fiber optic,Bank transfer (automatic),86.8,5327.25
6447-EGDIV,0.09265996,Low Risk,31,0.0,0.0,58.28366915384928,One year,No,Mailed check,20.95,683.25
1167-OYZJF,0.049834352,Low Risk,67,0.0,0.0,75.42494813601176,Two year,No,Bank transfer (automatic),20.05,1263.05
2108-YKQTY,0.5679925,Medium Risk,4,0.16666666666666666,69.85094063549555,26.600374579429626,Month-to-month,DSL,Credit card (automatic),50.7,151.3
4806-DXQCE,0.20544833,Low Risk,70,1.0,0.0,88.89425019423167,Two year,Fiber optic,Electronic check,113.65,7714.65
4918-QLLIW,0.62800294,High Risk,3,0.16666666666666666,57.64548480395888,23.183186252911884,Month-to-month,DSL,Credit card (automatic),53.4,188.7
7056-IMHCC,0.7395163,High Risk,53,0.5,23.460322836217273,45.107517441113785,Month-to-month,Fiber optic,Electronic check,101.9,5549.4
4854-SSLTN,0.07690268,Low Risk,2,0.5,60.611822053762936,56.98819895585379,Two year,DSL,Mailed check,59.5,130.5
5294-DMSFH,0.6338113,High Risk,29,0.3333333333333333,34.60391825838295,37.05943524837494,Month-to-month,Fiber optic,Credit card (automatic),87.8,2621.75
4837-PZTIC,0.063886784,Low Risk,47,0.5,57.53421322144395,76.38899525006612,Two year,DSL,Mailed check,41.9,1875.25
1625-JAIIY,0.46664488,Medium Risk,68,0.16666666666666666,57.64548480395888,58.33442250887553,One year,Fiber optic,Electronic check,83.0,5685.8
0603-OLQDC,0.39370242,Medium Risk,12,0.5,31.458253679939915,45.31488060951233,Month-to-month,DSL,Mailed check,69.85,837.5
3272-VUHPV,0.41748053,Medium Risk,8,0.3333333333333333,63.75748663220597,39.12597358226776,Month-to-month,DSL,Bank transfer (automatic),56.3,401.5
4176-FXYBO,0.5498018,Medium Risk,54,0.8333333333333334,6.09345400328958,61.67657534281412,Month-to-month,Fiber optic,Electronic check,109.55,6118.95
1063-DHQJF,0.0820547,Low Risk,69,0.5,40.408435378503626,84.64726626873016,Two year,Fiber optic,Mailed check,92.15,6480.9
8663-UPDGF,0.27270758,Low Risk,26,0.5,43.35622480335017,57.19795425732931,Month-to-month,DSL,Bank transfer (automatic),69.5,1800.05
6719-FGEDO,0.05878923,Low Risk,72,0.6666666666666666,46.390617799278274,90.39387067159016,Two year,Fiber optic,Bank transfer (automatic),97.0,7104.2
1837-YQUCE,0.05139826,Low Risk,70,0.8333333333333334,11.143595422165674,93.26341946919759,Two year,DSL,Bank transfer (automatic),58.35,4214.25
2947-DOMLJ,0.6135088,High Risk,1,0.16666666666666666,77.84887147921819,23.074558973312378,Month-to-month,DSL,Mailed check,50.6,50.6
4112-LUEIZ,0.8336054,High Risk,10,0.3333333333333333,34.60391825838295,19.15306289990743,Month-to-month,Fiber optic,Electronic check,89.5,863.1
0369-ZGOVK,0.21679951,Low Risk,28,0.0,80.99453605766122,50.826691786448166,One year,Fiber optic,Bank transfer (automatic),70.4,1992.2
4510-HIMLV,0.8947189,High Risk,1,0.0,80.99453605766122,5.6807223955790205,Month-to-month,Fiber optic,Electronic check,69.8,69.8
9919-KNPOO,0.7952109,High Risk,21,0.3333333333333333,34.60391825838295,25.656121770540874,Month-to-month,Fiber optic,Electronic check,94.3,1948.35
8749-JMNKX,0.5161536,Medium Risk,51,0.5,40.278615971031186,55.44232130050659,Month-to-month,Fiber optic,Bank transfer (automatic),93.8,4750.95
7872-BAAZR,0.1082627,Low Risk,53,0.0,0.0,66.670197447141,One year,No,Bank transfer (automatic),19.55,1007.9
9391-LMANN,0.26776347,Low Risk,53,0.6666666666666666,29.44250525699192,72.02849189440408,One year,Fiber optic,Electronic check,95.95,5036.9
2430-USGXP,0.8146165,High Risk,24,0.5,20.382714003898286,29.26917493343353,Month-to-month,Fiber optic,Electronic check,101.05,2391.8
8174-TBVCF,0.08198924,Low Risk,70,1.0,0.0,95.067205230395,Two year,DSL,Credit card (automatic),94.8,6859.05
1698-XFZCI,0.43647337,Medium Risk,61,0.8333333333333334,6.09345400328958,70.25966485341391,One year,Fiber optic,Electronic check,107.75,6521.9
1877-HKBQX,0.20621966,Low Risk,11,0.3333333333333333,71.75541747592861,50.93901634216309,One year,DSL,Mailed check,54.6,617.85
4450-DLLMH,0.7872176,High Risk,2,0.0,80.99453605766122,11.472452481587728,Month-to-month,Fiber optic,Credit card (automatic),71.3,157.75
0428-AXXLJ,0.085089825,Low Risk,25,0.0,0.0,56.162176529566445,One year,No,Bank transfer (automatic),19.5,516.3
2746-DIJLO,0.18269776,Low Risk,41,0.16666666666666666,69.85094063549555,61.28177801767984,One year,DSL,Credit card (automatic),56.3,2364.0
5955-ERIHD,0.7967479,High Risk,18,0.3333333333333333,34.60391825838295,24.329270521799724,Month-to-month,Fiber optic,Electronic check,94.7,1687.95
0917-EZOLA,0.44192445,Medium Risk,72,0.6666666666666666,9.239118581732612,71.23711069424947,Two year,Fiber optic,Bank transfer (automatic),104.15,7689.95
3508-VLHCZ,0.045251288,Low Risk,71,1.0,0.0,97.32076783974965,Two year,DSL,Credit card (automatic),90.55,6239.05
4086-ATNFV,0.13325766,Low Risk,34,0.5,52.484071802567854,67.50378529230753,One year,DSL,Mailed check,60.8,2042.05
0468-YRPXN,0.6219204,High Risk,29,0.6666666666666666,14.289260000608706,44.32064632574717,Month-to-month,Fiber optic,Credit card (automatic),98.8,2807.1
5996-NRVXR,0.2669124,Low Risk,40,0.8333333333333334,23.041566545575932,69.98771329720815,One year,Fiber optic,Credit card (automatic),98.15,4116.8
3739-YBWAB,0.15171355,Low Risk,36,0.3333333333333333,63.62766722473353,64.08098916212718,One year,DSL,Mailed check,35.35,1317.95
7047-FWEYA,0.51532143,Medium Risk,46,0.6666666666666666,17.366868832927693,56.733928322792046,One year,Fiber optic,Electronic check,103.15,4594.65
2000-MPKCA,0.46508512,Medium Risk,58,0.8333333333333334,6.09345400328958,67.57907589276633,One year,Fiber optic,Electronic check,107.75,6332.75
9762-YAQAA,0.21689725,Low Risk,39,0.16666666666666666,69.85094063549555,58.73847087224324,One year,Fiber optic,Credit card (automatic),81.4,3213.75
5949-EBSQK,0.4582161,Medium Risk,4,0.3333333333333333,51.85951550879571,35.42252977689107,Month-to-month,DSL,Credit card (automatic),61.45,229.55
5473-KHBPS,0.23068315,Low Risk,52,0.5,32.280685127308544,70.13250927130382,One year,Fiber optic,Credit card (automatic),95.7,4976.15
0100-DUVFC,0.49336052,Medium Risk,70,0.6666666666666666,9.239118581732612,67.83197402954102,One year,Fiber optic,Electronic check,104.8,7308.95
5397-TUPSH,0.14729597,Low Risk,65,0.0,80.99453605766122,69.71853574117024,One year,Fiber optic,Bank transfer (automatic),70.95,4555.2
8950-MTZNV,0.74998343,High Risk,1,0.0,80.99453605766122,12.917495171229046,Month-to-month,DSL,Mailed check,44.95,44.95
0326-VDYXE,0.4200477,Medium Risk,70,0.5,20.382714003898286,68.16428164641061,One year,Fiber optic,Electronic check,97.65,6982.5
6773-LQTVT,0.4485941,Medium Risk,29,0.3333333333333333,55.629736381010886,46.320295333862305,Month-to-month,DSL,Mailed check,35.65,1025.15
7274-RTAPZ,0.90842724,High Risk,1,0.3333333333333333,34.60391825838295,11.66197141011556,Month-to-month,Fiber optic,Electronic check,90.55,90.55
0436-TWFFZ,0.06490021,Low Risk,67,0.8333333333333334,11.143595422165674,91.33832236131032,Two year,DSL,Mailed check,85.25,5714.2
8566-YPRGL,0.6205333,High Risk,1,0.0,0.0,19.390002290407818,Month-to-month,No,Mailed check,19.5,19.5
0311-UNPFF,0.65844613,High Risk,26,0.3333333333333333,34.60391825838295,34.57769334316254,Month-to-month,Fiber optic,Bank transfer (automatic),88.8,2274.35
6609-MXJHJ,0.0750124,Low Risk,30,0.0,0.0,58.749380707740784,Two year,No,Mailed check,25.1,789.55
2669-OIDSD,0.55551565,Medium Risk,48,0.6666666666666666,14.289260000608706,55.557550986607865,Month-to-month,Fiber optic,Credit card (automatic),100.05,4834.0
8400-WZICQ,0.27086207,Low Risk,55,0.3333333333333333,66.70527605705252,66.04022820790608,Month-to-month,DSL,Electronic check,55.7,3131.8
3834-XUIFC,0.8459397,High Risk,7,0.16666666666666666,57.95296951208529,13.953015208244324,Month-to-month,Fiber optic,Mailed check,85.2,602.55
9576-SYUHJ,0.61247337,High Risk,37,0.3333333333333333,54.49982022551585,41.45966490109762,Month-to-month,Fiber optic,Electronic check,91.15,3369.25
0410-IPFTY,0.61970747,High Risk,31,0.3333333333333333,46.809374089919615,38.59796007474263,Month-to-month,Fiber optic,Bank transfer (automatic),83.85,2674.15
2831-EBWRN,0.71152955,High Risk,4,0.0,80.99453605766122,16.09018901983897,Month-to-month,DSL,Electronic check,45.9,199.75
9430-NKQLY,0.042802818,Low Risk,72,0.0,0.0,77.85985946655273,Two year,No,Credit card (automatic),25.1,1790.8
8414-MYSHR,0.8606678,High Risk,5,0.3333333333333333,34.60391825838295,15.716608762741089,Month-to-month,Fiber optic,Electronic check,91.4,449.75
0247-SLUJI,0.54106766,Medium Risk,1,0.0,0.0,23.363283673922222,Month-to-month,No,Mailed check,19.7,19.7
9402-ORRAH,0.7962067,High Risk,15,0.3333333333333333,34.60391825838295,23.10633103052775,Month-to-month,Fiber optic,Electronic check,91.5,1400.3
6483-OATDN,0.4441567,Medium Risk,8,0.16666666666666666,77.84887147921819,34.458831350008644,Month-to-month,DSL,Credit card (automatic),51.3,411.6
1293-HHSHJ,0.081165984,Low Risk,35,0.0,0.0,60.525034864743546,One year,No,Mailed check,21.1,741.0
4840-ORQXB,0.6196747,High Risk,56,0.6666666666666666,9.239118581732612,55.682932535807296,Month-to-month,Fiber optic,Electronic check,104.75,5841.35
7599-FKVXZ,0.653701,High Risk,42,0.6666666666666666,14.289260000608706,48.148282965024315,Month-to-month,Fiber optic,Bank transfer (automatic),106.15,4512.7
3982-DQLUS,0.38900688,Medium Risk,65,0.3333333333333333,66.70527605705252,64.2996573448181,Month-to-month,Fiber optic,Electronic check,85.75,5688.45
8610-ZIKJJ,0.17029668,Low Risk,2,0.0,0.0,42.31849988301595,One year,No,Mailed check,20.3,31.9
3756-VNWDH,0.38962197,Medium Risk,65,0.5,31.458253679939915,67.60223468144734,One year,Fiber optic,Electronic check,100.75,6674.65
7801-KICAO,0.7462746,High Risk,18,0.0,80.99453605766122,20.186270475387573,Month-to-month,Fiber optic,Electronic check,74.15,1345.75
7673-LPRNY,0.28644192,Low Risk,23,0.6666666666666666,17.237049425455254,58.594570557276406,One year,DSL,Electronic check,78.55,1843.05
8229-TNIQA,0.61787534,High Risk,4,0.0,80.99453605766122,20.772899786631267,Month-to-month,DSL,Mailed check,45.3,196.95
6060-QBMGV,0.044393387,Low Risk,70,0.0,0.0,76.94699863592783,Two year,No,Credit card (automatic),19.85,1433.8
7339-POGZN,0.6869027,High Risk,4,0.0,80.99453605766122,17.321531573931377,Month-to-month,DSL,Electronic check,50.7,214.55
2828-SLQPF,0.41297823,Medium Risk,19,0.0,80.99453605766122,37.26775507132212,Month-to-month,DSL,Bank transfer (automatic),45.0,865.85
4465-VDKIQ,0.5997701,Medium Risk,18,0.3333333333333333,55.629736381010886,34.1781602303187,Month-to-month,Fiber optic,Electronic check,77.8,1358.6
2921-XWDJH,0.5964541,Medium Risk,38,0.3333333333333333,54.80730493364226,42.67729580402374,Month-to-month,Fiber optic,Electronic check,83.45,3147.15
6221-AVQYL,0.8245378,High Risk,2,0.0,80.99453605766122,9.6064426501592,Month-to-month,Fiber optic,Credit card (automatic),73.25,131.05
2558-BUOZZ,0.19257995,Low Risk,47,0.5,43.35622480335017,69.95433410008748,One year,Fiber optic,Bank transfer (automatic),94.8,4535.85
9257-AZMTZ,0.056541968,Low Risk,52,0.0,0.0,68.83956770102183,Two year,No,Bank transfer (automatic),20.1,1078.75
0003-MKNFE,0.44893667,Medium Risk,9,0.16666666666666666,57.95296951208529,34.636498292287186,Month-to-month,DSL,Mailed check,59.9,542.4
0975-UYDTX,0.24937978,Low Risk,26,1.0,0.0,68.36434563000996,One year,DSL,Credit card (automatic),90.1,2312.55
7743-EXURX,0.6217954,High Risk,8,0.16666666666666666,66.77333180317656,25.57689587275187,Month-to-month,DSL,Electronic check,51.05,415.05
4682-BLBUC,0.23955345,Low Risk,44,0.6666666666666666,26.187231124018965,69.68899408976237,One year,DSL,Electronic check,70.95,3250.45
0975-VOOVL,0.61362535,High Risk,3,0.16666666666666666,69.85094063549555,23.902065952618916,Month-to-month,DSL,Mailed check,29.2,98.5
5968-VXZLG,0.72335607,High Risk,2,0.0,80.99453605766122,14.66552992661794,Month-to-month,DSL,Bank transfer (automatic),46.6,87.9
5569-KGJHX,0.8116514,High Risk,9,0.16666666666666666,57.64548480395888,16.500762899716694,Month-to-month,Fiber optic,Bank transfer (automatic),85.35,754.65
4988-IQIGL,0.9082699,High Risk,1,0.0,80.99453605766122,5.003172556559245,Month-to-month,Fiber optic,Electronic check,75.35,75.35
5201-FRKKS,0.46516052,Medium Risk,25,0.16666666666666666,77.84887147921819,40.49197554588317,Month-to-month,Fiber optic,Bank transfer (automatic),74.3,1952.25
9799-CAYJJ,0.7994993,High Risk,2,0.0,80.99453605766122,10.858369668324789,Month-to-month,Fiber optic,Electronic check,69.3,153.8
7730-IUTDZ,0.58561677,Medium Risk,43,0.16666666666666666,77.84887147921819,41.96916162967682,Month-to-month,Fiber optic,Electronic check,75.2,3198.6
0426-TIRNE,0.62249815,High Risk,1,0.0,0.0,19.29175893465678,Month-to-month,No,Mailed check,20.9,20.9
5443-SCMKX,0.42692503,Medium Risk,58,0.5,32.588169835434954,62.82041351000468,One year,Fiber optic,Electronic check,94.3,5610.15
8295-KMENE,0.08139631,Low Risk,59,0.6666666666666666,34.18516196774161,83.84684960047404,Two year,DSL,Mailed check,76.45,4519.5
6738-ISCBM,0.3474654,Medium Risk,44,0.6666666666666666,17.237049425455254,64.29339687029521,One year,DSL,Electronic check,54.0,2440.25
9821-BESNZ,0.5321866,Medium Risk,66,0.6666666666666666,17.366868832927693,64.22400196393329,One year,Fiber optic,Electronic check,104.25,6860.6
3678-MNGZX,0.041065186,Low Risk,68,0.0,0.0,76.28007253011067,Two year,No,Bank transfer (automatic),19.95,1377.7
1335-NTIUC,0.64039606,High Risk,9,0.0,80.99453605766122,21.730197072029114,Month-to-month,DSL,Electronic check,24.95,190.25
2916-BQZLN,0.7231278,High Risk,19,0.3333333333333333,63.62766722473353,28.426944216092426,Month-to-month,Fiber optic,Electronic check,84.75,1651.95
4558-CGYCZ,0.3125156,Medium Risk,4,0.0,0.0,36.04088584582011,Month-to-month,No,Mailed check,19.75,78.3
2368-GAKKQ,0.09213113,Low Risk,70,1.0,0.0,94.56010977427165,Two year,Fiber optic,Bank transfer (automatic),113.65,7939.25
8710-YGLWG,0.74998343,High Risk,1,0.0,80.99453605766122,12.917495171229046,Month-to-month,DSL,Mailed check,44.9,44.9
3199-XGZCY,0.8282875,High Risk,8,0.0,80.99453605766122,11.918959220250446,Month-to-month,Fiber optic,Electronic check,75.25,576.7
3785-KTYSH,0.0732047,Low Risk,53,0.0,0.0,68.42309852441151,Two year,No,Mailed check,24.6,1279.0
6814-ZPWFQ,0.1027683,Low Risk,51,0.0,0.0,66.11158490180969,One year,No,Bank transfer (automatic),25.0,1260.7
4063-EIKNQ,0.2537042,Low Risk,11,0.0,0.0,41.898123820622764,Month-to-month,No,Bank transfer (automatic),20.95,267.35
6993-YCOBK,0.2665591,Low Risk,60,0.8333333333333334,11.143595422165674,78.33871046702068,Two year,Fiber optic,Electronic check,110.6,6586.85
5206-HPJKM,0.38170758,Medium Risk,17,0.3333333333333333,66.70527605705252,44.6646225452423,Month-to-month,DSL,Credit card (automatic),55.5,934.15
7587-RZNME,0.7267334,High Risk,3,0.0,80.99453605766122,14.91333067417145,Month-to-month,DSL,Electronic check,43.3,123.65
0748-RDGGM,0.4474629,Medium Risk,70,1.0,0.0,76.79352084795634,One year,Fiber optic,Bank transfer (automatic),109.5,7534.65
8393-JMVMB,0.5395599,Medium Risk,1,0.0,0.0,23.438671628634136,Month-to-month,No,Mailed check,19.45,19.45
5019-GQVCR,0.724636,High Risk,43,0.16666666666666666,57.64548480395888,35.01819908618927,Month-to-month,Fiber optic,Electronic check,84.85,3645.6
6036-TTFYU,0.22455314,Low Risk,16,0.0,0.0,45.43901125590006,Month-to-month,No,Mailed check,19.6,314.45
2550-AEVRU,0.16870081,Low Risk,57,0.3333333333333333,66.70527605705252,71.9816259543101,One year,DSL,Electronic check,53.45,3053.0
0969-RGKCU,0.0759027,Low Risk,37,0.0,0.0,61.62153164545695,One year,No,Credit card (automatic),19.8,677.05
0378-CJKPV,0.04779202,Low Risk,72,1.0,0.0,97.61039912700653,Two year,Fiber optic,Credit card (automatic),112.1,7965.95
4706-AXVKM,0.8085573,High Risk,11,0.16666666666666666,57.95296951208529,17.488803068796795,Month-to-month,Fiber optic,Credit card (automatic),84.8,906.85
5889-JTMUL,0.6814193,High Risk,50,0.5,32.280685127308544,46.76236768563589,Month-to-month,Fiber optic,Electronic check,95.05,4888.7
9026-RNUJS,0.68335575,High Risk,5,0.16666666666666666,66.77333180317656,21.248879233996075,Month-to-month,DSL,Electronic check,50.35,237.25
3746-EUBYR,0.88569593,High Risk,1,0.0,80.99453605766122,6.131869951883952,Month-to-month,Fiber optic,Bank transfer (automatic),74.6,74.6
2332-EFBJY,0.2566294,Low Risk,16,0.0,0.0,43.835196296374,Month-to-month,No,Mailed check,19.7,342.4
2880-FPNAE,0.8209238,High Risk,2,0.16666666666666666,66.77333180317656,13.120476404825846,Month-to-month,Fiber optic,Electronic check,74.2,140.1
1703-MGIAB,0.39939225,Medium Risk,17,0.5,37.33082654618464,47.11372097333272,Month-to-month,DSL,Mailed check,69.0,1108.0
4311-QTTAI,0.11252577,Low Risk,16,0.0,0.0,51.04037861029307,One year,No,Credit card (automatic),19.35,295.55
9474-PHLYD,0.5815829,Medium Risk,15,0.3333333333333333,43.73176525760063,33.83752147356669,Month-to-month,DSL,Electronic check,59.45,892.65
4318-RAJVY,0.1325316,Low Risk,10,0.0,0.0,47.54008750120799,One year,No,Mailed check,19.8,198.25
2165-VOEGB,0.40682682,Medium Risk,46,0.8333333333333334,14.221204254484661,65.49199064572653,One year,Fiber optic,Bank transfer (automatic),105.2,4822.85
3612-YUNGG,0.285282,Low Risk,64,0.8333333333333334,3.145664578443032,79.06923254330952,Two year,Fiber optic,Credit card (automatic),109.2,6741.15
2254-DLXRI,0.8968089,High Risk,1,0.16666666666666666,69.85094063549555,8.9095538854599,Month-to-month,Fiber optic,Mailed check,79.15,79.15
5062-CJJKH,0.18260555,Low Risk,25,0.3333333333333333,55.629736381010886,57.95305510361989,One year,DSL,Mailed check,53.65,1355.45
9028-LIHRP,0.076518245,Low Risk,71,0.8333333333333334,23.041566545575932,92.42408812046052,Two year,Fiber optic,Credit card (automatic),100.2,7209.0
2219-MVUSO,0.49286884,Medium Risk,8,0.0,80.99453605766122,28.689891298611958,Month-to-month,DSL,Mailed check,45.15,438.4
1053-MXTTK,0.14851213,Low Risk,72,1.0,0.0,92.57439374923706,Two year,Fiber optic,Bank transfer (automatic),108.65,7726.35
1530-ZTDOZ,0.3265853,Medium Risk,49,0.3333333333333333,54.49982022551585,60.75406869252522,Month-to-month,DSL,Bank transfer (automatic),40.65,2070.75
1301-LOPVR,0.22132403,Low Risk,29,0.8333333333333334,23.349051253702342,67.68379867076875,One year,DSL,Credit card (automatic),55.35,1636.95
0853-TWRVK,0.11621185,Low Risk,72,0.8333333333333334,23.349051253702342,90.8560750881831,Two year,Fiber optic,Bank transfer (automatic),105.6,7581.5
8914-RBTSB,0.64002526,High Risk,31,0.5,32.280685127308544,40.91540376345316,Month-to-month,Fiber optic,Electronic check,93.8,3019.5
6212-ATMLK,0.71616155,High Risk,50,0.3333333333333333,34.60391825838295,41.691922545433044,Month-to-month,Fiber optic,Electronic check,95.7,4729.75
8200-LGKSR,0.075748846,Low Risk,71,0.8333333333333334,11.143595422165674,92.46255695819856,Two year,DSL,Electronic check,83.2,6126.1
1568-BEKZM,0.079481624,Low Risk,70,1.0,0.0,95.19258658091228,Two year,DSL,Credit card (automatic),90.05,6333.4
0670-ANMUU,0.19072159,Low Risk,71,0.5,48.71385093035268,80.04725476106009,One year,Fiber optic,Credit card (automatic),97.65,6687.85
6897-RWMUB,0.048012767,Low Risk,61,0.6666666666666666,46.390617799278274,86.34936034679413,Two year,DSL,Bank transfer (automatic),68.05,4158.25
0963-ZBDRN,0.6803319,High Risk,32,0.5,28.510464255093368,39.31673904259999,Month-to-month,Fiber optic,Electronic check,96.2,3183.4
7594-RQHXR,0.9049826,High Risk,1,0.16666666666666666,57.95296951208529,8.500868678092957,Month-to-month,Fiber optic,Electronic check,79.6,79.6
6999-CHVCF,0.13294567,Low Risk,68,0.6666666666666666,29.44250525699192,85.01938382784525,Two year,Fiber optic,Bank transfer (automatic),102.1,7149.35
6134-KWTBV,0.04794846,Low Risk,62,0.0,0.0,73.43590935071309,Two year,No,Bank transfer (automatic),23.4,1429.65
1077-HUUJM,0.8015343,High Risk,7,0.0,80.99453605766122,12.839951912562054,Month-to-month,Fiber optic,Electronic check,71.05,472.65
6331-EWIEB,0.7820757,High Risk,20,0.16666666666666666,57.64548480395888,22.56288150946299,Month-to-month,Fiber optic,Electronic check,85.25,1734.5
0895-LNKRC,0.112463616,Low Risk,6,0.0,0.0,46.87682032585144,One year,No,Mailed check,19.45,113.5
2045-BMBTJ,0.39794767,Medium Risk,33,0.8333333333333334,6.09345400328958,60.51928321520488,Month-to-month,DSL,Bank transfer (automatic),59.45,1884.65
8417-GSODA,0.35991696,Medium Risk,28,0.3333333333333333,34.60391825838295,50.33748706181844,One year,Fiber optic,Bank transfer (automatic),92.2,2568.15
5171-EPLKN,0.058629714,Low Risk,27,0.0,0.0,58.31851541996003,Two year,No,Credit card (automatic),19.85,470.0
4452-QIIEB,0.45358518,Medium Risk,7,0.0,80.99453605766122,30.237409273783367,Month-to-month,DSL,Mailed check,43.9,278.4
5998-VVEJY,0.7089671,High Risk,26,0.16666666666666666,74.90108205437164,28.71831218401591,Month-to-month,Fiber optic,Electronic check,80.5,2088.8
1624-NALOJ,0.87788904,High Risk,5,0.3333333333333333,46.809374089919615,14.85554814338684,Month-to-month,Fiber optic,Electronic check,89.8,502.6
6741-EGCBI,0.5701507,Medium Risk,30,0.3333333333333333,54.80730493364226,40.659132997194924,Month-to-month,Fiber optic,Credit card (automatic),90.5,2595.85
7820-ZYGNY,0.29223037,Low Risk,63,0.3333333333333333,46.809374089919615,68.30514828364053,One year,Fiber optic,Credit card (automatic),90.45,5825.5
4317-VTEOA,0.79876345,High Risk,1,0.16666666666666666,69.85094063549555,13.811827301979065,Month-to-month,DSL,Electronic check,50.75,50.75
9677-AVKED,0.2642429,Low Risk,53,0.8333333333333334,3.145664578443032,75.53785562515259,One year,DSL,Electronic check,84.6,4449.75
1670-SVOWZ,0.7117769,High Risk,14,0.5,40.715920086630035,30.24448772271474,Month-to-month,Fiber optic,Credit card (automatic),89.65,1208.35
2227-JRSJX,0.6928309,High Risk,21,0.6666666666666666,17.366868832927693,37.441787322362266,Month-to-month,Fiber optic,Bank transfer (automatic),99.15,1956.4
9847-HNVGP,0.09916419,Low Risk,17,0.0,0.0,52.1251239379247,One year,No,Mailed check,19.95,310.6
6696-YDAYZ,0.06053052,Low Risk,16,0.0,0.0,53.64013950030009,Two year,No,Mailed check,20.5,290.55
8980-WQFWL,0.3686665,Medium Risk,35,0.3333333333333333,43.73176525760063,52.81667351722717,Month-to-month,DSL,Electronic check,62.1,2096.1
1730-ZMAME,0.69888246,High Risk,32,0.16666666666666666,57.95296951208529,31.722543636957802,Month-to-month,Fiber optic,Electronic check,79.5,2665.0
6506-EYCNH,0.1782927,Low Risk,28,0.0,0.0,52.75203208128612,Month-to-month,No,Bank transfer (automatic),19.55,543.8
4634-JLRJT,0.5929383,Medium Risk,1,0.0,0.0,20.76975146929423,Month-to-month,No,Mailed check,20.35,20.35
9501-UKKNL,0.42265058,Medium Risk,59,0.5,28.510464255093368,63.45080455144247,Month-to-month,DSL,Electronic check,51.7,3005.8
2560-QTSBS,0.07667639,Low Risk,72,0.0,0.0,76.16618156433105,One year,No,Bank transfer (automatic),23.3,1623.15
7541-YLXCL,0.3155756,Medium Risk,36,0.5,40.715920086630035,59.22122001647949,One year,DSL,Mailed check,65.4,2498.4
4795-WRNVT,0.23931612,Low Risk,40,0.5,43.35622480335017,64.70086137453714,Month-to-month,DSL,Mailed check,65.1,2586.0
6080-TCMYC,0.6864844,High Risk,40,0.16666666666666666,66.77333180317656,35.67578017711639,Month-to-month,Fiber optic,Electronic check,81.2,3292.3
0260-ZDLGK,0.49619588,Medium Risk,9,0.6666666666666666,14.289260000608706,42.27353771527608,Month-to-month,DSL,Mailed check,72.9,651.4
7860-UXCRM,0.070767365,Low Risk,63,0.8333333333333334,23.041566545575932,89.37829951445262,Two year,DSL,Credit card (automatic),74.5,4674.55
6357-JJPQT,0.8419206,High Risk,3,0.16666666666666666,57.64548480395888,12.487302621205648,Month-to-month,Fiber optic,Electronic check,80.5,232.35
2292-XQWSV,0.29817548,Low Risk,40,0.8333333333333334,3.145664578443032,68.42456062634785,One year,DSL,Mailed check,60.3,2448.5
9552-TGUZV,0.69724554,High Risk,8,0.16666666666666666,77.84887147921819,21.80438975493113,Month-to-month,Fiber optic,Mailed check,75.0,658.1
5913-INRQV,0.18261468,Low Risk,34,0.5,48.40636622222627,65.03593246142069,One year,Fiber optic,Mailed check,90.15,3128.8
8722-NGNBH,0.4991554,Medium Risk,5,0.5,57.53421322144395,37.1255632241567,Month-to-month,DSL,Mailed check,40.0,223.45
6210-KBBPI,0.8651542,High Risk,9,0.5,23.460322836217273,20.492289662361145,Month-to-month,Fiber optic,Credit card (automatic),99.45,919.4
9643-YBLUR,0.50473845,Medium Risk,9,0.5,32.588169835434954,38.51307749748229,Month-to-month,DSL,Credit card (automatic),69.05,653.95
8734-FNWVH,0.2916002,Low Risk,31,0.16666666666666666,57.95296951208529,51.66998863220215,Month-to-month,DSL,Bank transfer (automatic),59.7,1825.5
9447-YPTBX,0.08765368,Low Risk,50,0.0,0.0,66.45064850648244,One year,No,Bank transfer (automatic),19.85,943.1
0133-BMFZO,0.768549,High Risk,2,0.5,60.611822053762936,22.405882080396015,Month-to-month,Fiber optic,Electronic check,86.25,181.65
6128-CZOMY,0.8060652,High Risk,1,0.0,80.99453605766122,10.113406578699747,Month-to-month,DSL,Electronic check,45.65,45.65
9540-JYROE,0.7412328,High Risk,8,0.0,80.99453605766122,16.271692713101704,Month-to-month,Fiber optic,Mailed check,70.1,551.35
9026-LHEVG,0.57819104,Medium Risk,9,0.3333333333333333,46.809374089919615,31.50711456934611,Month-to-month,DSL,Electronic check,40.75,359.4
2260-USTRB,0.83402985,High Risk,2,0.0,80.99453605766122,9.131840666135153,Month-to-month,Fiber optic,Bank transfer (automatic),70.2,115.95
3656-TKRVZ,0.60284233,High Risk,3,0.3333333333333333,66.70527605705252,27.77455012003581,Month-to-month,DSL,Electronic check,55.35,165.2
7011-CVEUC,0.60970986,High Risk,25,0.5,28.510464255093368,39.93117372194925,Month-to-month,Fiber optic,Credit card (automatic),95.7,2338.35
6185-TASNN,0.7841936,High Risk,1,0.0,80.99453605766122,11.206987897555033,Month-to-month,DSL,Electronic check,46.3,46.3
7925-PNRGI,0.21310815,Low Risk,45,0.8333333333333334,23.041566545575932,74.76125756899516,Month-to-month,DSL,Mailed check,81.3,3541.1
8623-TMRBY,0.65227115,High Risk,51,0.3333333333333333,55.629736381010886,45.303109089533486,Month-to-month,Fiber optic,Electronic check,84.2,4146.05
1552-CZCLL,0.18790522,Low Risk,55,0.0,0.0,63.52140704790751,Month-to-month,No,Credit card (automatic),20.0,1087.25
3038-PQIUY,0.26624984,Low Risk,38,0.5,52.484071802567854,62.52084155877431,Month-to-month,DSL,Bank transfer (automatic),66.15,2522.4
1501-SGHBW,0.67333347,High Risk,2,0.0,80.99453605766122,17.16666003068288,Month-to-month,DSL,Mailed check,45.85,81.0
9313-CDOGY,0.19111718,Low Risk,38,0.0,0.0,56.27747495969137,Month-to-month,No,Electronic check,19.6,717.3
8148-BPLZQ,0.3359595,Medium Risk,34,0.16666666666666666,69.85094063549555,50.7020252943039,Month-to-month,DSL,Electronic check,49.8,1734.2
2623-DRYAM,0.43983778,Medium Risk,70,0.5,20.382714003898286,67.17477599779764,One year,Fiber optic,Electronic check,101.75,7069.3
9987-LUTYD,0.16811566,Low Risk,13,0.3333333333333333,71.75541747592861,53.67754956086477,One year,DSL,Mailed check,55.15,742.9
3208-YPIOE,0.62961274,High Risk,39,0.0,80.99453605766122,34.769362807273865,Month-to-month,Fiber optic,Electronic check,75.25,3017.65
4488-KQFDT,0.53209955,Medium Risk,61,0.6666666666666666,9.239118581732612,62.14502274990081,One year,Fiber optic,Electronic check,103.95,6423.0
2612-RANWT,0.85160106,High Risk,12,0.5,20.382714003898286,22.419946789741516,Month-to-month,Fiber optic,Bank transfer (automatic),100.15,1164.3
5693-PIPCS,0.11100183,Low Risk,41,0.6666666666666666,17.366868832927693,74.86657420794168,Two year,Fiber optic,Credit card (automatic),99.65,4220.35
0491-KAPQG,0.7377567,High Risk,21,0.0,80.99453605766122,21.862163543701175,Month-to-month,Fiber optic,Electronic check,73.7,1558.7
1925-LFCZZ,0.37312835,Medium Risk,55,0.5,20.382714003898286,64.26024893919626,One year,DSL,Bank transfer (automatic),50.05,2743.45
8039-EQPIM,0.05139191,Low Risk,69,0.8333333333333334,11.143595422165674,92.84707168738046,Two year,DSL,Bank transfer (automatic),60.25,4055.5
6900-PXRMS,0.73300415,High Risk,26,0.6666666666666666,9.239118581732612,37.51645902792613,Month-to-month,Fiber optic,Electronic check,105.75,2710.25
8707-RMEZH,0.27140662,Low Risk,69,0.5,43.66370951147658,75.17966747283936,One year,Fiber optic,Credit card (automatic),87.3,6055.55
3346-BRMIS,0.70121914,High Risk,18,0.5,20.382714003898286,32.43904292583466,Month-to-month,DSL,Electronic check,48.35,810.7
3209-ZPKFI,0.337185,Medium Risk,47,0.16666666666666666,69.85094063549555,56.05741540590922,Month-to-month,DSL,Electronic check,54.25,2538.2
6479-VDGRK,0.038483284,Low Risk,72,1.0,0.0,98.07583689689636,Two year,DSL,Bank transfer (automatic),85.3,6129.2
9373-WSLOY,0.40529507,Medium Risk,33,0.6666666666666666,26.187231124018965,56.818579634030655,Month-to-month,DSL,Electronic check,50.0,1750.85
2933-FILNV,0.7204315,High Risk,2,0.0,80.99453605766122,14.811758001645407,Month-to-month,DSL,Mailed check,24.4,36.55
3569-JFODW,0.040192124,Low Risk,72,1.0,0.0,97.99039363861084,Two year,DSL,Credit card (automatic),90.95,6652.45
9819-FBNSV,0.5606388,Medium Risk,37,0.0,80.99453605766122,37.38472739855448,Month-to-month,Fiber optic,Bank transfer (automatic),72.25,2575.45
9544-PYPSJ,0.449645,Medium Risk,62,0.5,32.588169835434954,63.35108121236165,Month-to-month,Fiber optic,Credit card (automatic),96.1,6019.35
1591-XWLGB,0.04249443,Low Risk,71,0.0,0.0,77.45861252148947,Two year,No,Credit card (automatic),19.85,1379.6
0396-UKGAI,0.2831251,Low Risk,23,0.3333333333333333,63.75748663220597,52.09374487400055,Month-to-month,DSL,Bank transfer (automatic),55.3,1284.2
3243-ZHOHY,0.111333266,Low Risk,16,0.0,0.0,51.10000411669413,One year,No,Mailed check,20.1,296.15
5186-EJEGL,0.38680622,Medium Risk,9,0.6666666666666666,34.18516196774161,47.743020852406815,Month-to-month,DSL,Mailed check,69.5,653.25
7527-QNRUS,0.07866133,Low Risk,17,0.0,0.0,53.15026720364888,Two year,No,Mailed check,25.15,412.6
9986-BONCE,0.3358383,Medium Risk,4,0.0,0.0,34.87475077311198,Month-to-month,No,Bank transfer (automatic),20.95,85.5
2722-JMONI,0.79985255,High Risk,1,0.16666666666666666,77.84887147921819,13.757372498512268,Month-to-month,DSL,Electronic check,49.55,49.55
2203-GHNWN,0.58769155,Medium Risk,24,0.16666666666666666,66.77333180317656,33.94875605901082,Month-to-month,Fiber optic,Mailed check,79.65,1928.7
3878-AVSOQ,0.8923045,High Risk,1,0.0,80.99453605766122,5.801442662874858,Month-to-month,Fiber optic,Electronic check,71.25,71.25
3258-SYSWS,0.059320085,Low Risk,72,1.0,0.0,97.03399538993835,Two year,Fiber optic,Bank transfer (automatic),113.8,7845.8
5296-PSYVW,0.07282625,Low Risk,72,0.0,0.0,76.35868668556213,Two year,No,Electronic check,24.55,1750.7
6319-QSUSR,0.24953152,Low Risk,11,0.0,0.0,42.106757958730064,Month-to-month,No,Credit card (automatic),19.7,216.2
4083-EUGRJ,0.26595548,Low Risk,9,0.0,0.0,40.45222759246826,Month-to-month,No,Mailed check,20.25,178.5
7579-OOPEC,0.67451745,High Risk,2,0.16666666666666666,69.85094063549555,20.440794030825295,Month-to-month,DSL,Credit card (automatic),50.15,115.1
0512-FLFDW,0.44670054,Medium Risk,60,0.5,20.382714003898286,62.664971351623535,One year,Fiber optic,Credit card (automatic),100.5,6029.0
1771-OADNZ,0.7457459,High Risk,29,0.5,32.588169835434954,34.796038468678795,Month-to-month,Fiber optic,Electronic check,95.9,2745.2
0487-CRLZF,0.066515744,Low Risk,49,0.6666666666666666,14.289260000608706,80.42421281337737,Two year,DSL,Bank transfer (automatic),74.45,3721.9
2107-FBPTK,0.75578934,High Risk,30,0.6666666666666666,9.239118581732612,38.04386635621388,Month-to-month,Fiber optic,Electronic check,104.1,3121.1
9451-WLYRI,0.09735976,Low Risk,53,0.0,0.0,67.21534450848897,One year,No,Credit card (automatic),19.05,990.45
8219-VYBVI,0.065958574,Low Risk,39,0.0,0.0,62.9520720243454,Two year,No,Mailed check,25.0,1004.35
1991-VOPLL,0.1956431,Low Risk,9,0.0,0.0,43.967846632003784,Month-to-month,No,Mailed check,19.05,157.65
9738-QLWTP,0.29232445,Low Risk,39,0.3333333333333333,60.67987779988698,58.30044547716776,One year,Fiber optic,Electronic check,81.9,3219.75
1016-DJTSV,0.7869001,High Risk,8,0.0,80.99453605766122,13.988328178723652,Month-to-month,Fiber optic,Electronic check,69.7,572.85
9419-IPPBE,0.39729995,Medium Risk,51,0.3333333333333333,43.73176525760063,58.05166939894358,One year,Fiber optic,Electronic check,90.15,4554.85
0174-QRVVY,0.04180809,Low Risk,71,0.0,0.0,77.4929298957189,Two year,No,Credit card (automatic),25.35,1847.55
5699-BNCAS,0.04956013,Low Risk,71,0.0,0.0,77.10532685120901,Two year,No,Mailed check,24.65,1766.75
2900-PHPLN,0.054351818,Low Risk,70,0.0,0.0,76.44907633463541,Two year,No,Credit card (automatic),19.55,1462.05
0612-RTZZA,0.7867406,High Risk,1,0.0,80.99453605766122,11.079636613527933,Month-to-month,DSL,Electronic check,25.25,25.25
8106-GWQOK,0.061441198,Low Risk,38,0.8333333333333334,14.221204254484661,79.4279408454895,Two year,DSL,Bank transfer (automatic),60.0,2193.2
8751-EDEKA,0.55820084,Medium Risk,28,0.5,32.588169835434954,43.75662485758463,Month-to-month,Fiber optic,Credit card (automatic),89.9,2433.5
6878-GGDWG,0.17008182,Low Risk,32,0.0,0.0,54.82924064000447,Month-to-month,No,Bank transfer (automatic),19.4,641.15
4039-PIMHX,0.09719806,Low Risk,49,0.16666666666666666,69.85094063549555,68.89009654521942,Two year,DSL,Mailed check,49.8,2398.4
8450-LUGUK,0.06145441,Low Risk,37,0.0,0.0,62.34394590059916,Two year,No,Bank transfer (automatic),24.1,861.85
3604-WLABM,0.5009921,Medium Risk,10,0.3333333333333333,60.67987779988698,35.78372736771902,Month-to-month,DSL,Electronic check,54.25,583.0
0795-GMVQO,0.39268517,Medium Risk,67,0.8333333333333334,6.09345400328958,74.9490745862325,One year,Fiber optic,Credit card (automatic),109.9,7332.4
2259-OUUSZ,0.30353507,Medium Risk,7,0.3333333333333333,60.67987779988698,44.406578143437706,One year,DSL,Credit card (automatic),35.5,249.55
1142-IHLOO,0.30422157,Medium Risk,51,0.3333333333333333,34.60391825838295,62.705588142077126,One year,Fiber optic,Credit card (automatic),87.55,4475.9
6410-LEFEN,0.5741638,Medium Risk,9,0.0,80.99453605766122,25.041810274124142,Month-to-month,DSL,Electronic check,45.15,416.45
4633-MKHYU,0.81825125,High Risk,9,0.3333333333333333,34.60391825838295,19.504104057947796,Month-to-month,Fiber optic,Mailed check,88.4,788.6
6257-RJOHI,0.5736664,Medium Risk,4,0.16666666666666666,74.90108205437164,26.316680312156677,Month-to-month,DSL,Mailed check,50.8,202.3
1545-JFUML,0.1298947,Low Risk,71,0.6666666666666666,29.135020548865512,86.42192999521892,Two year,Fiber optic,Electronic check,99.0,6994.6
3194-ORPIK,0.55072826,Medium Risk,50,0.16666666666666666,57.64548480395888,46.63025359312693,Month-to-month,Fiber optic,Bank transfer (automatic),84.4,4116.15
7826-VVKWT,0.2234242,Low Risk,24,0.5,20.382714003898286,58.828790187835686,Two year,Fiber optic,Electronic check,96.55,2263.45
1353-GHZOS,0.20557383,Low Risk,22,0.3333333333333333,54.49982022551585,55.55464347203573,One year,DSL,Bank transfer (automatic),59.75,1374.35
2587-EKXTS,0.5706562,Medium Risk,44,0.8333333333333334,6.09345400328958,56.46719098091126,Month-to-month,Fiber optic,Electronic check,111.5,4915.15
5442-BXVND,0.18390538,Low Risk,33,0.0,0.0,54.554731845855706,Month-to-month,No,Bank transfer (automatic),24.25,838.5
8816-VXNZD,0.9061491,High Risk,1,0.0,80.99453605766122,5.109212199846904,Month-to-month,Fiber optic,Electronic check,75.1,75.1
9378-FXTIZ,0.2502486,Low Risk,54,0.3333333333333333,34.60391825838295,66.65423611799875,One year,DSL,Credit card (automatic),70.15,3715.65
1723-HKXJQ,0.7670828,High Risk,42,0.5,23.460322836217273,39.145859479904175,Month-to-month,Fiber optic,Electronic check,101.75,4273.45
7825-GKXMW,0.7527086,High Risk,1,0.0,80.99453605766122,12.781235973040264,Month-to-month,DSL,Electronic check,45.8,45.8
9753-OYLBX,0.6099805,High Risk,1,0.0,0.0,19.917640487353008,Month-to-month,No,Mailed check,20.5,20.5
2364-UFROM,0.17658271,Low Risk,30,0.6666666666666666,37.26277080006059,67.00419863065083,One year,DSL,Electronic check,70.4,2044.75
6656-JWRQX,0.6558644,High Risk,1,0.16666666666666666,74.90108205437164,20.9567791223526,Month-to-month,DSL,Mailed check,30.55,30.55
6473-ULUHT,0.41240373,Medium Risk,16,0.8333333333333334,14.221204254484661,52.7131481965383,Month-to-month,DSL,Electronic check,84.9,1398.25
1240-KNSEZ,0.6764762,High Risk,1,0.0,0.0,16.592857638994854,Month-to-month,No,Mailed check,20.1,20.1
0836-SEYLU,0.50185955,Medium Risk,9,0.3333333333333333,51.5520308006693,35.32368938128153,Month-to-month,DSL,Mailed check,40.65,328.95
4433-JCGCG,0.75994235,High Risk,46,0.5,20.382714003898286,41.16954902807871,Month-to-month,Fiber optic,Electronic check,101.0,4680.05
3716-BDVDB,0.8945734,High Risk,1,0.0,80.99453605766122,5.687997142473857,Month-to-month,Fiber optic,Electronic check,69.1,69.1
7688-AWMDX,0.0472511,Low Risk,71,0.3333333333333333,71.75541747592861,83.88744473457336,Two year,DSL,Bank transfer (automatic),54.5,3778.2
2842-BCQGE,0.5442512,Medium Risk,43,0.0,80.99453605766122,40.704106489817306,Month-to-month,Fiber optic,Credit card (automatic),75.35,3161.4
7244-QWYHG,0.124832645,Low Risk,50,0.5,48.40636622222627,74.5917018254598,One year,DSL,Bank transfer (automatic),44.45,2188.45
5899-MQZZL,0.73204076,High Risk,13,0.0,80.99453605766122,18.81462852160136,Month-to-month,Fiber optic,Mailed check,75.0,999.45
6849-OYAMU,0.46059984,Medium Risk,19,0.6666666666666666,17.366868832927693,48.22000801563263,One year,Fiber optic,Bank transfer (automatic),100.0,1888.65
5312-UXESG,0.6232994,High Risk,41,0.5,20.382714003898286,45.91836233933766,Month-to-month,Fiber optic,Bank transfer (automatic),98.05,3990.6
9488-HGMJH,0.89375544,High Risk,1,0.0,80.99453605766122,5.728894869486491,Month-to-month,Fiber optic,Electronic check,71.15,71.15
6038-GCYEC,0.5150193,Medium Risk,24,0.6666666666666666,9.239118581732612,47.582368453343705,Month-to-month,DSL,Credit card (automatic),54.15,1240.25
2150-WLKUW,0.16413972,Low Risk,40,0.3333333333333333,46.501889381793205,65.12634595235188,One year,DSL,Bank transfer (automatic),63.9,2635.0
7159-FVYPK,0.65346414,High Risk,3,0.5,32.280685127308544,28.576793074607853,Month-to-month,DSL,Bank transfer (automatic),69.15,235.0
7032-LMBHI,0.13787144,Low Risk,37,0.3333333333333333,54.49982022551585,65.18976112206776,One year,DSL,Bank transfer (automatic),64.65,2347.85
1150-WFARN,0.2831748,Low Risk,67,0.8333333333333334,11.143595422165674,80.42459269364674,Two year,Fiber optic,Credit card (automatic),108.75,7156.2
6088-BXMRG,0.7333675,High Risk,32,0.5,23.460322836217273,36.66495819886525,Month-to-month,Fiber optic,Electronic check,98.85,3089.6
3144-AUDBS,0.6338762,High Risk,6,0.16666666666666666,74.90108205437164,24.13952310880025,Month-to-month,DSL,Electronic check,49.15,270.8
4821-SJHJV,0.55145305,Medium Risk,32,0.3333333333333333,54.49982022551585,42.42734730243682,Month-to-month,Fiber optic,Electronic check,89.6,2901.8
7346-MEDWM,0.5447808,Medium Risk,59,0.3333333333333333,55.629736381010886,54.01096045970917,Month-to-month,Fiber optic,Electronic check,83.25,4949.1
1137-DGOWI,0.19575366,Low Risk,30,0.6666666666666666,26.494715832145374,66.04564865430196,One year,DSL,Bank transfer (automatic),70.25,2198.9
5616-PRTNT,0.3403497,Medium Risk,20,0.0,0.0,41.31584962209065,Month-to-month,No,Electronic check,19.4,374.5
3812-LRZIR,0.07527187,Low Risk,27,0.0,0.0,57.48640775680543,Two year,No,Electronic check,24.5,761.95
4818-QIUFN,0.74776936,High Risk,20,0.16666666666666666,77.84887147921819,24.278198877970375,Month-to-month,Fiber optic,Electronic check,79.15,1520.9
9483-GCPWE,0.14715892,Low Risk,9,0.0,0.0,46.392053961753845,One year,No,Mailed check,20.1,190.25
4227-OJHAL,0.1414729,Low Risk,68,0.6666666666666666,29.135020548865512,84.59301988283792,One year,DSL,Credit card (automatic),73.0,5163.0
9220-CXRSC,0.05595389,Low Risk,69,0.3333333333333333,71.75541747592861,82.61897365252176,Two year,DSL,Credit card (automatic),61.4,4059.85
4993-JCRGJ,0.5452542,Medium Risk,26,0.3333333333333333,60.67987779988698,40.23729145526886,Month-to-month,Fiber optic,Mailed check,84.3,2281.6
9537-JALFH,0.041065186,Low Risk,69,0.0,0.0,76.69673919677734,Two year,No,Bank transfer (automatic),19.9,1356.7
6698-OXETB,0.06619103,Low Risk,11,0.0,0.0,51.27378245194754,Two year,No,Mailed check,20.4,231.45
2103-ZRXFN,0.7083509,High Risk,1,0.0,80.99453605766122,14.99912182490031,Month-to-month,DSL,Mailed check,50.75,50.75
3724-BSCVH,0.1486644,Low Risk,10,0.0,0.0,46.733445922533676,One year,No,Mailed check,20.45,242.4
4877-TSOFF,0.16509226,Low Risk,55,0.6666666666666666,37.570255508187,77.99538850784302,One year,DSL,Bank transfer (automatic),75.75,4264.25
9209-NWPGU,0.18759885,Low Risk,44,0.5,48.40636622222627,68.95339210828145,One year,DSL,Electronic check,65.4,2774.55
6961-VCPMC,0.64567536,High Risk,46,0.16666666666666666,57.95296951208529,40.21623194217682,Month-to-month,Fiber optic,Electronic check,80.4,3605.2
7306-YDSOI,0.051038366,Low Risk,69,0.5,52.484071802567854,86.19808077812195,Two year,DSL,Bank transfer (automatic),59.75,4069.9
5288-AHOUP,0.7943709,High Risk,11,0.16666666666666666,57.95296951208529,18.198122183481853,Month-to-month,Fiber optic,Electronic check,78.5,874.2
6688-UZPWD,0.86743146,High Risk,11,0.5,23.460322836217273,21.211760242780052,Month-to-month,Fiber optic,Electronic check,102.0,1145.35
0655-YDGFJ,0.27032113,Low Risk,29,0.16666666666666666,66.77333180317656,51.90061012903849,Month-to-month,DSL,Bank transfer (automatic),48.95,1323.7
8468-EHYJA,0.5748724,Medium Risk,57,0.5,31.458253679939915,55.00638127326965,Month-to-month,Fiber optic,Electronic check,99.65,5497.05
6823-SIDFQ,0.06695675,Low Risk,28,0.0,0.0,58.318828741709396,One year,No,Credit card (automatic),18.25,534.7
1097-FSPVW,0.2528033,Low Risk,42,0.3333333333333333,63.62766722473353,61.52650038401286,Month-to-month,DSL,Credit card (automatic),54.55,2455.05
2839-RFSQE,0.368853,Medium Risk,2,0.0,0.0,32.39068468411764,Month-to-month,No,Mailed check,20.65,38.7
8328-SKJNO,0.15606645,Low Risk,23,0.5,60.611822053762936,61.78001244862874,One year,DSL,Bank transfer (automatic),40.65,947.4
7010-ZMVBF,0.19785653,Low Risk,18,0.0,0.0,47.60717272758484,Month-to-month,No,Mailed check,20.45,357.0
5201-CBWYG,0.08525202,Low Risk,62,0.0,0.0,71.57073100407918,One year,No,Bank transfer (automatic),24.8,1476.25
0968-GSIKN,0.87448156,High Risk,1,0.0,80.99453605766122,6.692588726679484,Month-to-month,Fiber optic,Mailed check,70.8,70.8
1965-DDBWU,0.6723091,High Risk,16,0.3333333333333333,51.85951550879571,29.71787830193837,Month-to-month,Fiber optic,Credit card (automatic),89.05,1448.6
9057-SIHCH,0.8912284,High Risk,3,0.3333333333333333,34.60391825838295,13.355247775713602,Month-to-month,Fiber optic,Electronic check,96.6,291.9
6352-GIGGQ,0.24913326,Low Risk,67,1.0,0.0,85.46000520388286,One year,DSL,Bank transfer (automatic),88.8,5903.15
3635-QQRQD,0.05433792,Low Risk,62,0.0,0.0,73.11643739541371,Two year,No,Credit card (automatic),20.05,1201.65
6771-XWBDM,0.5919672,Medium Risk,57,0.6666666666666666,9.239118581732612,57.48497207959493,Month-to-month,Fiber optic,Credit card (automatic),104.5,5921.35
2897-DOVND,0.8112714,High Risk,2,0.0,80.99453605766122,10.269761880238852,Month-to-month,Fiber optic,Electronic check,69.8,146.65
3082-YVEKW,0.067581736,Low Risk,23,0.6666666666666666,34.18516196774161,69.53758100668588,Two year,DSL,Bank transfer (automatic),77.15,1759.4
0191-EQUUH,0.0758365,Low Risk,25,0.3333333333333333,71.75541747592861,63.291509350140885,Two year,DSL,Bank transfer (automatic),35.05,844.45
7134-HBPBS,0.08989419,Low Risk,72,0.8333333333333334,3.145664578443032,92.17195789019269,Two year,Fiber optic,Bank transfer (automatic),108.1,7774.05
3489-HHPFY,0.88073176,High Risk,2,0.16666666666666666,57.64548480395888,10.130078593889872,Month-to-month,Fiber optic,Electronic check,84.05,134.05
2926-JEJJC,0.16255705,Low Risk,8,0.0,0.0,45.20548005898794,One year,No,Bank transfer (automatic),20.2,140.95
8601-QACRS,0.6281516,High Risk,5,0.0,80.99453605766122,20.675753553708397,Month-to-month,DSL,Mailed check,50.6,249.95
4950-BDEUX,0.43928042,Medium Risk,35,0.5,20.382714003898286,52.61931379636129,Month-to-month,DSL,Electronic check,49.2,1701.65
5789-LDFXO,0.11987715,Low Risk,24,0.0,0.0,54.006142020225525,One year,No,Electronic check,24.6,592.65
0508-OOLTO,0.813161,High Risk,2,0.0,80.99453605766122,10.17528255780538,Month-to-month,Fiber optic,Electronic check,71.65,135.75
2984-TBYKU,0.15234816,Low Risk,72,0.8333333333333334,23.349051253702342,89.04925862948102,Two year,Fiber optic,Credit card (automatic),104.9,7732.65
9822-WMWVG,0.60626405,High Risk,41,0.8333333333333334,23.041566545575932,53.43679726123809,Month-to-month,Fiber optic,Electronic check,106.5,4282.4
2391-SOORI,0.6011772,High Risk,4,0.16666666666666666,77.84887147921819,24.941139221191406,Month-to-month,DSL,Electronic check,49.35,219.65
9040-KZVWO,0.19668566,Low Risk,26,0.16666666666666666,69.85094063549555,54.332383076349885,One year,Fiber optic,Bank transfer (automatic),75.5,2018.1
2645-QTLMB,0.84942096,High Risk,7,0.5,23.460322836217273,20.44561843077342,Month-to-month,Fiber optic,Electronic check,94.25,669.0
4806-HIPDW,0.89440906,High Risk,1,0.0,80.99453605766122,5.6962136427561445,Month-to-month,Fiber optic,Electronic check,68.95,68.95
1548-ARAGG,0.57108676,Medium Risk,4,0.3333333333333333,63.75748663220597,29.778995116551716,Month-to-month,DSL,Mailed check,58.5,224.85
6339-RZCBJ,0.06391041,Low Risk,48,0.8333333333333334,3.145664578443032,83.47114543120067,Two year,DSL,Credit card (automatic),78.9,3771.5
4424-TKOPW,0.8953632,High Risk,2,0.3333333333333333,34.60391825838295,12.731839418411257,Month-to-month,Fiber optic,Electronic check,93.85,196.75
4415-WNGVR,0.37078333,Medium Risk,12,0.8333333333333334,11.143595422165674,53.127500216166176,One year,DSL,Electronic check,79.2,943.85
2522-AHJXR,0.4074793,Medium Risk,60,0.8333333333333334,11.143595422165674,71.29270235697429,Month-to-month,Fiber optic,Bank transfer (automatic),109.45,6572.85
0412-UCCNP,0.084169075,Low Risk,55,0.5,57.53421322144395,78.70821217695871,Two year,DSL,Electronic check,59.2,3175.85
1816-FLZDK,0.64277583,High Risk,1,0.16666666666666666,74.90108205437164,21.611208319664,Month-to-month,DSL,Mailed check,29.15,29.15
7096-UCLNH,0.60359496,High Risk,1,0.0,0.0,20.236918727556866,Month-to-month,No,Mailed check,20.05,20.05
8443-ZRDBZ,0.8532895,High Risk,4,0.0,80.99453605766122,9.002192417780558,Month-to-month,Fiber optic,Electronic check,76.05,318.9
9136-ALYBR,0.74744743,High Risk,1,0.0,80.99453605766122,13.044295112291973,Month-to-month,DSL,Mailed check,24.45,24.45
4615-PIVVU,0.07503535,Low Risk,42,0.5,37.63831125431105,73.74823331832886,Two year,DSL,Credit card (automatic),66.5,2762.75
8885-QSQBX,0.60961145,High Risk,1,0.16666666666666666,77.84887147921819,23.2694274187088,Month-to-month,DSL,Bank transfer (automatic),49.55,49.55
7479-NITWS,0.8453246,High Risk,7,0.3333333333333333,43.42428054947422,17.317104538281757,Month-to-month,Fiber optic,Credit card (automatic),89.35,631.85
8617-ENBDS,0.7844213,High Risk,3,0.16666666666666666,66.77333180317656,15.362267096837362,Month-to-month,Fiber optic,Credit card (automatic),73.6,232.5
9385-NXKDA,0.047256928,Low Risk,72,0.8333333333333334,6.09345400328958,94.30381933848065,Two year,DSL,Credit card (automatic),82.65,5919.35
0430-IHCDJ,0.6232777,High Risk,15,0.0,80.99453605766122,25.086113810539246,Month-to-month,DSL,Electronic check,49.0,749.25
2959-MJHIC,0.8388071,High Risk,4,0.16666666666666666,57.64548480395888,13.059644699096678,Month-to-month,Fiber optic,Electronic check,80.35,307.4
6674-KVJHG,0.17253721,Low Risk,11,0.0,0.0,45.956472953160606,One year,No,Electronic check,25.2,245.15
1814-DKOLC,0.36507264,Medium Risk,5,0.0,0.0,33.82970293362935,Month-to-month,No,Mailed check,25.45,134.75
4201-JMNGR,0.80719393,High Risk,1,0.3333333333333333,63.62766722473353,16.723636587460835,Month-to-month,DSL,Electronic check,55.8,55.8
9351-HXDMR,0.08771972,Low Risk,72,0.8333333333333334,11.143595422165674,92.28067974249524,Two year,Fiber optic,Credit card (automatic),110.9,8240.85
3537-HPKQT,0.4511222,Medium Risk,55,0.16666666666666666,69.85094063549555,53.69389176368713,Month-to-month,Fiber optic,Credit card (automatic),77.75,4266.4
2129-ALKBS,0.24100204,Low Risk,40,0.0,0.0,54.61656550566355,Month-to-month,No,Electronic check,26.2,1077.5
5821-MMEIL,0.05453368,Low Risk,57,0.0,0.0,71.02331697940826,Two year,No,Bank transfer (automatic),19.9,1115.6
5960-WPXQM,0.9054412,High Risk,1,0.16666666666666666,57.64548480395888,8.477938771247864,Month-to-month,Fiber optic,Electronic check,79.05,79.05
0684-AOSIH,0.88499403,High Risk,1,0.5,31.458253679939915,16.166965166727703,Month-to-month,Fiber optic,Electronic check,95.0,95.0
8260-NGFNY,0.69898677,High Risk,1,0.0,80.99453605766122,15.467328230539959,Month-to-month,DSL,Mailed check,25.2,25.2
1309-XGFSN,0.34206212,Medium Risk,52,0.6666666666666666,9.239118581732612,67.89689421653748,One year,DSL,Electronic check,80.85,4079.55
1866-RZZQS,0.78358406,High Risk,41,0.5,20.382714003898286,37.90413041909535,Month-to-month,Fiber optic,Electronic check,98.4,4187.75
6968-URWQU,0.18893981,Low Risk,43,0.16666666666666666,57.64548480395888,61.80300951004028,One year,DSL,Mailed check,56.35,2391.15
4742-TXUEX,0.061761536,Low Risk,47,0.0,0.0,66.49525543053944,Two year,No,Bank transfer (automatic),19.3,890.5
9631-XEYKE,0.64023644,High Risk,3,0.0,80.99453605766122,19.23817813396454,Month-to-month,DSL,Bank transfer (automatic),50.4,137.25
8631-NBHFZ,0.29477203,Low Risk,66,0.8333333333333334,23.041566545575932,79.42806522051494,Two year,DSL,Credit card (automatic),79.4,5154.6
1335-MXCSE,0.06263785,Low Risk,55,0.3333333333333333,60.67987779988698,76.45144005616505,Two year,DSL,Credit card (automatic),55.25,3119.9
8873-TMKGR,0.06463782,Low Risk,29,0.0,0.0,58.85144134362539,One year,No,Mailed check,19.1,529.5
8800-JOOCF,0.8231549,High Risk,12,0.16666666666666666,57.64548480395888,17.17558701833089,Month-to-month,Fiber optic,Electronic check,84.05,966.55
1469-LBJQJ,0.6598582,High Risk,66,0.6666666666666666,9.239118581732612,57.84042199452718,Month-to-month,Fiber optic,Electronic check,105.2,6936.85
4958-XCBDQ,0.7780838,High Risk,35,0.5,20.382714003898286,35.67914326985677,Month-to-month,Fiber optic,Electronic check,101.4,3496.3
8337-UPOAQ,0.8565952,High Risk,10,0.3333333333333333,43.73176525760063,18.003572424252827,Month-to-month,Fiber optic,Electronic check,89.8,914.3
0064-YIJGF,0.56354165,Medium Risk,27,0.0,80.99453605766122,33.072917461395264,Month-to-month,Fiber optic,Bank transfer (automatic),75.75,1929.0
2386-OWURY,0.53669,Medium Risk,58,0.5,28.510464255093368,57.33216683069865,Month-to-month,Fiber optic,Electronic check,95.3,5817.7
1725-IQNIY,0.4088569,Medium Risk,54,1.0,0.0,72.05715656280518,Two year,Fiber optic,Bank transfer (automatic),109.75,6110.2
0310-VQXAM,0.2714927,Low Risk,9,0.0,0.0,40.17536401748657,Month-to-month,No,Mailed check,19.85,178.8
6598-RFFVI,0.13688758,Low Risk,2,0.0,0.0,43.98895581563314,One year,No,Credit card (automatic),19.3,28.3
3453-RTHJQ,0.78841484,High Risk,6,0.0,80.99453605766122,13.07925820350647,Month-to-month,Fiber optic,Electronic check,69.1,435.0
6712-OAWRH,0.74973226,High Risk,26,0.3333333333333333,34.60391825838295,30.013387203216553,Month-to-month,Fiber optic,Electronic check,91.25,2351.8
6278-FEPBZ,0.26395807,Low Risk,9,0.0,0.0,40.55209517478943,Month-to-month,No,Mailed check,20.25,186.15
4280-DLSHD,0.48420715,Medium Risk,8,0.3333333333333333,55.629736381010886,35.789642333984375,Month-to-month,DSL,Mailed check,54.75,445.85
1508-DFXCU,0.80030626,High Risk,12,0.16666666666666666,57.64548480395888,18.318020304044087,Month-to-month,Fiber optic,Electronic check,81.45,912.0
8614-VGMMV,0.62256086,High Risk,15,0.0,80.99453605766122,25.121957063674927,Month-to-month,DSL,Electronic check,49.1,679.55
7868-BGSZA,0.323787,Medium Risk,43,0.6666666666666666,17.237049425455254,65.06065130233765,One year,DSL,Electronic check,80.2,3581.6
2800-QQUSO,0.7488289,High Risk,42,0.5,28.510464255093368,40.058555603027344,Month-to-month,Fiber optic,Electronic check,100.3,4222.95
2930-UOTMB,0.23163483,Low Risk,31,0.5,57.53421322144395,61.33492390314738,Month-to-month,DSL,Credit card (automatic),65.25,1994.3
7973-DZRKH,0.09354202,Low Risk,66,0.5,57.53421322144395,82.82289803028105,Two year,Fiber optic,Credit card (automatic),90.95,5930.05
5914-DVBWJ,0.767708,High Risk,18,0.3333333333333333,63.75748663220597,25.78126649061839,Month-to-month,Fiber optic,Electronic check,85.45,1505.85
7698-YFGEZ,0.6020568,High Risk,1,0.0,0.0,20.313826600710552,Month-to-month,No,Mailed check,20.0,20.0
2533-QVMSK,0.19472955,Low Risk,61,0.5,40.408435378503626,75.68018833796182,Two year,Fiber optic,Electronic check,94.1,5638.3
9773-PEQBZ,0.7312337,High Risk,10,0.16666666666666666,69.85094063549555,20.938314199447632,Month-to-month,Fiber optic,Electronic check,79.85,797.25
8644-XLFBW,0.89319843,High Risk,1,0.0,80.99453605766122,5.7567451397577925,Month-to-month,Fiber optic,Electronic check,71.65,71.65
0650-BWOZN,0.7257887,High Risk,18,0.16666666666666666,69.85094063549555,24.543897708257038,Month-to-month,Fiber optic,Electronic check,73.55,1359.45
8625-AZYZY,0.81028473,High Risk,24,0.6666666666666666,9.239118581732612,32.81909664471944,Month-to-month,Fiber optic,Electronic check,104.65,2542.45
7785-RDVIG,0.268926,Low Risk,3,0.0,0.0,37.803698778152466,Month-to-month,No,Mailed check,19.3,54.7
9602-WCXPI,0.0749454,Low Risk,50,0.0,0.0,67.08606382211049,One year,No,Credit card (automatic),20.15,989.05
2903-YYTBW,0.7302571,High Risk,1,0.0,80.99453605766122,13.903811971346538,Month-to-month,DSL,Electronic check,44.55,44.55
3620-MWJNE,0.6122107,High Risk,2,0.3333333333333333,71.75541747592861,26.88946545124054,Month-to-month,DSL,Mailed check,54.45,87.3
8573-JGCZW,0.113215506,Low Risk,17,0.0,0.0,51.42255802949269,One year,No,Bank transfer (automatic),19.65,351.55
6837-HAEVO,0.3424285,Medium Risk,69,0.6666666666666666,9.239118581732612,74.96190806229909,Two year,Fiber optic,Electronic check,105.0,7297.75
6701-YVNQG,0.040778536,Low Risk,72,1.0,0.0,97.96107411384583,Two year,DSL,Credit card (automatic),88.7,6301.7
9306-CPCBC,0.85114014,High Risk,3,0.0,80.99453605766122,8.692992925643921,Month-to-month,Fiber optic,Electronic check,74.25,210.3
4304-XUMGI,0.0912932,Low Risk,50,0.6666666666666666,29.44250525699192,79.60200587908426,Two year,DSL,Bank transfer (automatic),75.15,3822.45
9504-YAZWB,0.06884609,Low Risk,53,0.0,0.0,68.64102800687154,Two year,No,Mailed check,20.25,1048.45
8819-ZBYNA,0.36947453,Medium Risk,58,0.8333333333333334,14.221204254484661,72.35960682233176,Two year,Fiber optic,Credit card (automatic),109.1,6393.65
6174-NRBTZ,0.16330281,Low Risk,46,0.16666666666666666,77.84887147921819,64.33486104011536,One year,DSL,Bank transfer (automatic),30.75,1489.3
9481-IEBZY,0.31134003,Medium Risk,72,1.0,0.0,84.4329982995987,Month-to-month,Fiber optic,Credit card (automatic),112.9,8061.5
1833-VGRUM,0.9061796,High Risk,1,0.0,80.99453605766122,5.107686320940654,Month-to-month,Fiber optic,Electronic check,74.2,74.2
6137-NICCO,0.86525923,High Risk,6,0.5,32.280685127308544,19.237038493156433,Month-to-month,Fiber optic,Mailed check,94.05,518.75
9065-ZCPQX,0.04444618,Low Risk,72,0.8333333333333334,23.349051253702342,94.4443581501643,Two year,DSL,Bank transfer (automatic),78.85,5763.15
6402-EJMWF,0.61905706,High Risk,4,0.16666666666666666,57.95296951208529,24.047147035598755,Month-to-month,DSL,Mailed check,55.3,238.5
3620-EHIMZ,0.07083671,Low Risk,52,0.0,0.0,68.1248305241267,Two year,No,Mailed check,19.35,1031.7
3213-VVOLG,0.09009413,Low Risk,0,0.0,0.0,45.49529254436493,Two year,No,Mailed check,25.35,0.0
6870-ECSHE,0.1251947,Low Risk,2,0.0,0.0,44.573599894841514,One year,No,Mailed check,20.45,34.8
8747-UDCOI,0.07914484,Low Risk,65,0.0,0.0,73.12609155972798,Two year,No,Bank transfer (automatic),19.35,1319.95
8374-XGEJJ,0.7704782,High Risk,43,0.5,23.460322836217273,39.39275721708933,Month-to-month,Fiber optic,Electronic check,101.0,4388.4
2656-TABEH,0.8924834,High Risk,4,0.5,23.460322836217273,17.042496005694073,Month-to-month,Fiber optic,Electronic check,100.2,420.2
6946-LMSQS,0.43670714,Medium Risk,25,0.3333333333333333,54.80730493364226,45.24797638257344,One year,Fiber optic,Electronic check,89.05,2177.45
4626-OZDTJ,0.22308879,Low Risk,51,0.6666666666666666,17.366868832927693,73.42889328797658,One year,DSL,Credit card (automatic),78.65,3950.85
9169-BSVIN,0.4454982,Medium Risk,12,0.5,20.382714003898286,42.725088596343994,Month-to-month,DSL,Bank transfer (automatic),74.75,827.05
2325-ZUSFD,0.18103354,Low Risk,57,0.5,31.458253679939915,74.69832241535187,One year,DSL,Bank transfer (automatic),70.1,3913.3
8194-PEEBY,0.08139594,Low Risk,24,0.0,0.0,55.930203795433044,One year,No,Mailed check,19.9,533.5
6872-HXFNF,0.10077571,Low Risk,64,0.3333333333333333,60.67987779988698,78.29454739888509,One year,DSL,Bank transfer (automatic),58.35,3756.45
3932-CMDTD,0.62605923,High Risk,4,0.8333333333333334,3.145664578443032,37.03037162621816,One year,Fiber optic,Electronic check,105.65,443.9
7714-YXSMB,0.7160834,High Risk,26,0.5,20.382714003898286,35.02916296323141,Month-to-month,Fiber optic,Bank transfer (automatic),100.5,2599.95
8387-UGUSU,0.23549947,Low Risk,15,0.0,0.0,44.475024938583374,Month-to-month,No,Mailed check,20.05,284.3
1080-BWSYE,0.06629989,Low Risk,64,0.0,0.0,73.35167090098062,Two year,No,Credit card (automatic),25.65,1740.8
4039-HEUNW,0.74316657,High Risk,36,0.5,23.460322836217273,37.84167170524597,Month-to-month,Fiber optic,Electronic check,96.5,3436.1
1194-HVAIF,0.6227476,High Risk,27,0.3333333333333333,34.60391825838295,36.779286662737526,Month-to-month,Fiber optic,Credit card (automatic),95.0,2462.55
0812-WUPTB,0.8552364,High Risk,1,0.0,80.99453605766122,7.654846111933391,Month-to-month,Fiber optic,Mailed check,70.85,70.85
3594-UVONA,0.27059495,Low Risk,35,0.8333333333333334,11.143595422165674,67.72025227546692,One year,DSL,Credit card (automatic),85.95,3110.1
0004-TLHLJ,0.8137351,High Risk,4,0.16666666666666666,66.77333180317656,14.313243627548216,Month-to-month,Fiber optic,Electronic check,73.9,280.85
1767-TGTKO,0.61651593,High Risk,8,0.0,80.99453605766122,22.50753660996755,Month-to-month,DSL,Electronic check,45.45,411.75
8439-LTUGF,0.25614905,Low Risk,10,0.0,0.0,41.35921398798625,Month-to-month,No,Credit card (automatic),20.0,198.6
8805-JNRAZ,0.6386461,High Risk,2,0.16666666666666666,69.85094063549555,22.234360376993813,Month-to-month,DSL,Mailed check,49.2,103.7
5089-IFSDP,0.45649445,Medium Risk,58,0.8333333333333334,6.09345400328958,68.0086108048757,Two year,Fiber optic,Bank transfer (automatic),109.45,6144.55
6418-HNFED,0.05286658,Low Risk,51,1.0,0.0,88.60667109489442,Two year,DSL,Credit card (automatic),83.25,4089.45
0206-OYVOC,0.06136926,Low Risk,46,0.0,0.0,66.09820465246837,Two year,No,Mailed check,19.25,864.2
7291-CDTMJ,0.5971742,Medium Risk,1,0.0,0.0,20.557955304781597,Month-to-month,No,Bank transfer (automatic),19.65,19.65
7128-GGCNO,0.4963954,Medium Risk,46,0.0,80.99453605766122,44.34689621130625,Month-to-month,Fiber optic,Bank transfer (automatic),72.8,3249.4
0237-YFUTL,0.4926463,Medium Risk,50,0.8333333333333334,14.221204254484661,62.86768317222595,Month-to-month,Fiber optic,Bank transfer (automatic),109.65,5405.8
7691-KGKGP,0.20272727,Low Risk,53,0.5,40.408435378503626,71.94697042306264,Month-to-month,DSL,Credit card (automatic),65.0,3363.8
6710-HSJRD,0.5564275,Medium Risk,61,0.8333333333333334,3.145664578443032,64.26195939381918,Month-to-month,Fiber optic,Electronic check,114.1,7132.15
3675-EQOZA,0.30749428,Medium Risk,5,0.0,0.0,36.70861919720967,Month-to-month,No,Bank transfer (automatic),20.65,93.55
0840-DCNZE,0.24286802,Low Risk,47,1.0,0.0,77.4399330218633,One year,DSL,Bank transfer (automatic),86.95,4138.9
1732-FEKLD,0.23263949,Low Risk,54,0.5,32.280685127308544,70.86802542209625,One year,Fiber optic,Bank transfer (automatic),94.75,5121.75
9862-KJTYK,0.42302036,Medium Risk,19,0.0,80.99453605766122,36.76564852396647,Month-to-month,DSL,Credit card (automatic),25.35,566.1
0479-HMSWA,0.24421746,Low Risk,26,0.8333333333333334,3.145664578443032,65.28912723064423,Two year,Fiber optic,Electronic check,105.45,2715.3
5854-KSRBJ,0.04385821,Low Risk,70,0.0,0.0,76.9737551609675,Two year,No,Mailed check,25.4,1782.05
0365-BZUWY,0.8142529,High Risk,17,0.6666666666666666,9.239118581732612,29.704021016756695,Month-to-month,Fiber optic,Electronic check,102.55,1742.5
4817-VYYWS,0.7619445,High Risk,30,0.5,23.460322836217273,34.40277636051178,Month-to-month,Fiber optic,Electronic check,100.2,2983.8
5701-SVCWR,0.5512201,Medium Risk,1,0.0,0.0,22.855660716692608,Month-to-month,No,Mailed check,24.0,24.0
3129-AAQOU,0.06296764,Low Risk,19,0.0,0.0,54.76828376452127,Two year,No,Mailed check,25.6,485.9
4922-CVPDX,0.08043935,Low Risk,26,0.6666666666666666,9.239118581732612,70.14470020929971,Two year,DSL,Credit card (automatic),73.5,1905.7
1396-QWFBJ,0.5875101,Medium Risk,21,0.16666666666666666,69.85094063549555,32.70782788594564,Month-to-month,Fiber optic,Bank transfer (automatic),74.05,1565.7
1357-BIJKI,0.551284,Medium Risk,50,0.5,23.460322836217273,53.269132574399315,One year,Fiber optic,Electronic check,98.25,4858.7
1099-BTKWT,0.2471016,Low Risk,68,0.6666666666666666,17.237049425455254,79.3115864197413,One year,DSL,Electronic check,54.4,3723.65
5299-SJCZT,0.88626546,High Risk,3,0.5,20.382714003898286,16.936727166175842,Month-to-month,Fiber optic,Bank transfer (automatic),101.55,298.35
2018-PZKMU,0.75935614,High Risk,9,0.6666666666666666,14.289260000608706,29.11552627881368,Month-to-month,Fiber optic,Electronic check,103.1,970.45
7340-KEFQE,0.056102734,Low Risk,51,0.3333333333333333,71.75541747592861,75.11152903238933,Two year,DSL,Bank transfer (automatic),34.2,1782.0
4570-QHXHL,0.616284,High Risk,9,0.0,80.99453605766122,22.93579936027527,Month-to-month,DSL,Electronic check,43.75,405.7
2403-BCASL,0.52801496,Medium Risk,41,0.8333333333333334,3.145664578443032,57.34925210475921,One year,Fiber optic,Electronic check,111.95,4534.9
7392-YYPYJ,0.81841904,High Risk,22,0.5,23.460322836217273,28.245714704195656,Month-to-month,Fiber optic,Electronic check,100.65,2415.95
2898-LSJGD,0.4546869,Medium Risk,21,0.6666666666666666,17.237049425455254,49.34898932774862,One year,DSL,Electronic check,55.95,1157.05
2223-GDSHL,0.07400944,Low Risk,71,1.0,0.0,95.88286240895589,Two year,Fiber optic,Bank transfer (automatic),116.05,8297.5
7359-PTSXY,0.7552057,High Risk,1,0.0,80.99453605766122,12.656382123629253,Month-to-month,DSL,Electronic check,45.75,45.75
9470-RTWDV,0.30993894,Medium Risk,26,0.6666666666666666,14.289260000608706,58.66972128550212,One year,DSL,Credit card (automatic),82.0,2083.1
2176-OSJUV,0.06486583,Low Risk,71,0.5,60.611822053762936,86.3400419553121,Two year,DSL,Bank transfer (automatic),65.15,4681.75
9348-YVOMK,0.61993194,High Risk,4,0.0,80.99453605766122,20.670069853464764,Month-to-month,DSL,Credit card (automatic),44.8,176.2
8104-OSKWT,0.7725393,High Risk,12,0.16666666666666666,77.84887147921819,19.70636745293935,Month-to-month,Fiber optic,Electronic check,79.8,1001.2
4521-YEEHE,0.75608146,High Risk,18,0.3333333333333333,51.5520308006693,26.362593571345013,Month-to-month,Fiber optic,Electronic check,88.85,1594.75
4090-KPJIP,0.85131794,High Risk,3,0.0,80.99453605766122,8.684102892875671,Month-to-month,Fiber optic,Electronic check,74.95,212.4
3786-WOVKF,0.23101422,Low Risk,72,0.6666666666666666,20.31465825777424,81.78262074788411,One year,Fiber optic,Bank transfer (automatic),106.85,7677.4
4503-BDXBD,0.6602738,High Risk,11,0.16666666666666666,69.85094063549555,24.902977148691814,Month-to-month,Fiber optic,Electronic check,74.95,815.5
6086-ESGRL,0.84659225,High Risk,1,0.16666666666666666,57.95296951208529,11.420387625694275,Month-to-month,Fiber optic,Credit card (automatic),80.15,80.15
2592-HODOV,0.10218338,Low Risk,13,0.0,0.0,50.30749658743541,One year,No,Credit card (automatic),19.3,259.65
3886-CERTZ,0.47618282,Medium Risk,72,0.8333333333333334,3.145664578443032,72.85752574602765,One year,Fiber optic,Electronic check,109.25,8109.8
7995-ZHHNZ,0.14560498,Low Risk,42,0.16666666666666666,77.84887147921819,63.55308492978414,One year,DSL,Credit card (automatic),56.1,2386.85
3824-RHKVR,0.23163725,Low Risk,17,0.0,0.0,45.50147136052449,Month-to-month,No,Credit card (automatic),19.7,340.35
5816-SCGFC,0.5100075,Medium Risk,7,0.16666666666666666,69.85094063549555,30.749624967575073,Month-to-month,DSL,Mailed check,51.3,419.35
5989-AXPUC,0.109288916,Low Risk,68,1.0,0.0,92.86888678868613,Two year,Fiber optic,Mailed check,118.6,7990.05
4979-HPRFL,0.05190146,Low Risk,56,0.0,0.0,70.73826034863791,Two year,No,Bank transfer (automatic),24.15,1402.25
8590-OHDIW,0.07327168,Low Risk,38,0.0,0.0,62.169748743375145,One year,No,Mailed check,20.3,749.35
8015-IHCGW,0.056321114,Low Risk,72,1.0,0.0,97.1839427947998,Two year,Fiber optic,Electronic check,115.5,8425.15
2332-TODQS,0.10345724,Low Risk,48,0.0,0.0,64.827139377594,One year,No,Credit card (automatic),25.05,1171.5
9278-VZKCD,0.5603766,Medium Risk,52,0.8333333333333334,6.09345400328958,60.31450410683949,Month-to-month,Fiber optic,Electronic check,109.1,5647.95
8008-OTEZX,0.08045178,Low Risk,35,0.0,0.0,60.56074400742848,One year,No,Mailed check,19.65,708.8
2773-OVBPK,0.3020808,Medium Risk,67,0.8333333333333334,3.145664578443032,79.47929282983144,Two year,Fiber optic,Bank transfer (automatic),111.3,7567.2
5999-LCXAO,0.63418657,High Risk,1,0.16666666666666666,77.84887147921819,22.040671706199646,Month-to-month,DSL,Mailed check,29.9,29.9
5206-XZZQI,0.3836594,Medium Risk,53,0.3333333333333333,63.75748663220597,59.56703186035156,Month-to-month,Fiber optic,Mailed check,80.6,4348.1
4803-LBYPN,0.15204318,Low Risk,34,0.0,0.0,56.56450847784677,Month-to-month,No,Mailed check,20.8,635.9
5759-RCVCB,0.64868766,High Risk,3,0.16666666666666666,57.64548480395888,22.148950298627216,Month-to-month,DSL,Credit card (automatic),35.2,108.95
6372-RFVNS,0.8779849,High Risk,1,0.16666666666666666,57.64548480395888,9.8507559299469,Month-to-month,Fiber optic,Electronic check,78.8,78.8
2139-FQHLM,0.5112151,Medium Risk,19,0.5,37.33082654618464,42.355912129084274,Month-to-month,Fiber optic,Mailed check,89.95,1682.4
8261-GWDBQ,0.19206184,Low Risk,60,1.0,0.0,85.39690792560577,Two year,Fiber optic,Bank transfer (automatic),116.05,6925.9
1093-YSWCA,0.07470535,Low Risk,11,0.0,0.0,50.84806521733603,Two year,No,Credit card (automatic),19.55,223.15
8938-UMKPI,0.718374,High Risk,47,0.6666666666666666,9.239118581732612,46.997965971628815,Month-to-month,Fiber optic,Electronic check,106.4,5127.95
0991-BRRFB,0.47721183,Medium Risk,18,0.16666666666666666,77.84887147921819,36.97274168332418,Month-to-month,DSL,Electronic check,49.4,874.8
3882-IYOIJ,0.17494297,Low Risk,60,1.0,0.0,86.25285148620605,Two year,Fiber optic,Credit card (automatic),115.25,6758.45
8749-TZYEC,0.044477664,Low Risk,72,0.0,0.0,77.77611792087555,Two year,No,Credit card (automatic),24.8,1874.3
1755-FZQEC,0.069063894,Low Risk,39,0.0,0.0,62.796804904937744,One year,No,Mailed check,19.9,791.15
3115-JPJDD,0.13518202,Low Risk,59,0.3333333333333333,63.62766722473353,74.49089884757996,One year,Fiber optic,Credit card (automatic),81.25,4639.45
5600-KTXFM,0.7397358,High Risk,2,0.0,80.99453605766122,13.846544226010641,Month-to-month,Fiber optic,Mailed check,69.95,143.9
3871-IKPYH,0.8703455,High Risk,1,0.0,80.99453605766122,6.89939300219218,Month-to-month,Fiber optic,Electronic check,69.1,69.1
6319-IEJWJ,0.75456446,High Risk,20,0.3333333333333333,34.60391825838295,27.271776795387265,Month-to-month,Fiber optic,Electronic check,90.2,1776.55
9025-AOMKI,0.8813983,High Risk,6,0.3333333333333333,34.60391825838295,15.096750656763714,Month-to-month,Fiber optic,Bank transfer (automatic),93.55,536.4
6339-TBELP,0.094185516,Low Risk,71,0.3333333333333333,60.67987779988698,81.54072344303131,Two year,Fiber optic,Credit card (automatic),86.4,6172.0
7964-YESJC,0.23850733,Low Risk,24,0.5,52.484071802567854,58.07463347911834,Month-to-month,DSL,Mailed check,66.3,1559.45
6173-GOLSU,0.5714029,Medium Risk,67,0.3333333333333333,34.60391825838295,56.013187964757286,Month-to-month,Fiber optic,Credit card (automatic),94.65,6079.0
5275-SQEIZ,0.88947314,High Risk,1,0.16666666666666666,57.95296951208529,9.276342988014221,Month-to-month,Fiber optic,Mailed check,80.85,80.85
7716-YTYHG,0.41828054,Medium Risk,48,0.16666666666666666,57.95296951208529,52.419306238492325,One year,Fiber optic,Mailed check,82.05,4029.95
9938-ZREHM,0.21954884,Low Risk,37,0.5,40.715920086630035,64.43922559420268,One year,DSL,Mailed check,72.1,2658.4
7950-XWOVN,0.42704424,Medium Risk,11,0.3333333333333333,55.629736381010886,39.897786378860474,Month-to-month,DSL,Mailed check,34.7,383.55
4390-KYULV,0.37843996,Medium Risk,3,0.0,0.0,32.328001856803894,Month-to-month,No,Credit card (automatic),20.55,51.15
4647-MUZON,0.70035154,High Risk,18,0.5,20.382714003898286,32.48242318630219,Month-to-month,Fiber optic,Credit card (automatic),95.95,1745.5
9702-AIUJO,0.15616773,Low Risk,50,0.0,80.99453605766122,63.02494605382283,One year,DSL,Bank transfer (automatic),44.8,2230.85
8849-PRIQJ,0.2866199,Low Risk,67,0.8333333333333334,11.143595422165674,80.2523382504781,One year,Fiber optic,Electronic check,109.4,7281.6
8851-RAGOV,0.25668082,Low Risk,25,0.6666666666666666,37.570255508187,60.91595768928527,Month-to-month,DSL,Mailed check,71.05,1837.7
1304-NECVQ,0.8727208,High Risk,2,0.16666666666666666,66.77333180317656,10.530627767244974,Month-to-month,Fiber optic,Electronic check,78.55,149.55
5396-IZEPB,0.26383534,Low Risk,9,0.0,0.0,40.558234453201294,Month-to-month,No,Credit card (automatic),19.7,180.7
1729-VLAZJ,0.1801266,Low Risk,10,0.5,60.611822053762936,55.160336295763656,One year,DSL,Mailed check,40.25,411.45
8285-ABVLB,0.046403266,Low Risk,70,0.0,0.0,76.84650222460428,Two year,No,Credit card (automatic),19.85,1328.35
0701-TJSEF,0.39157742,Medium Risk,9,0.6666666666666666,34.492646675868016,47.50446220239003,Month-to-month,DSL,Bank transfer (automatic),68.25,576.95
5712-VBOXD,0.343945,Medium Risk,4,0.0,0.0,34.46941534678141,Month-to-month,No,Credit card (automatic),20.15,68.45
6629-LADHQ,0.55183315,Medium Risk,2,0.16666666666666666,77.84887147921819,26.575009028116863,Month-to-month,DSL,Mailed check,50.95,123.05
8945-GRKHX,0.8733099,High Risk,1,0.16666666666666666,57.95296951208529,10.08450448513031,Month-to-month,Fiber optic,Electronic check,78.65,78.65
1559-DTODC,0.42811188,Medium Risk,19,0.0,80.99453605766122,36.5110711256663,Month-to-month,DSL,Bank transfer (automatic),25.15,468.35
4797-MIWUM,0.26578054,Low Risk,7,0.0,0.0,39.627638260523476,Month-to-month,No,Bank transfer (automatic),20.25,174.7
6959-UWKHF,0.8045451,High Risk,1,0.0,80.99453605766122,10.189411441485086,Month-to-month,DSL,Electronic check,42.9,42.9
8720-RQSBJ,0.757833,High Risk,1,0.0,80.99453605766122,12.525016466776531,Month-to-month,DSL,Electronic check,44.0,44.0
4537-CIBHB,0.17796804,Low Risk,9,0.0,0.0,44.85159873962402,One year,No,Mailed check,20.25,172.35
3815-SLMEF,0.5363288,Medium Risk,3,0.3333333333333333,71.75541747592861,31.100227038065594,Month-to-month,DSL,Mailed check,34.25,139.35
5154-VEKBL,0.46046892,Medium Risk,9,0.8333333333333334,11.143595422165674,47.39322225252787,Month-to-month,DSL,Mailed check,58.5,539.85
4324-AHJKS,0.4743841,Medium Risk,5,0.3333333333333333,63.62766722473353,35.03079652786255,Month-to-month,DSL,Credit card (automatic),55.8,300.4
4355-CVPVS,0.26951733,Low Risk,56,0.3333333333333333,34.60391825838295,66.52413487434387,One year,Fiber optic,Bank transfer (automatic),88.9,4968.0
4495-LHSSK,0.3102052,Medium Risk,18,0.16666666666666666,77.84887147921819,45.32307227452596,Month-to-month,DSL,Mailed check,57.65,992.7
5655-JSMZM,0.75372905,High Risk,49,0.3333333333333333,34.60391825838295,39.39688106377919,Month-to-month,Fiber optic,Electronic check,96.2,4718.25
5915-ANOEI,0.06495157,Low Risk,70,0.8333333333333334,23.041566545575932,92.58575638135274,Two year,DSL,Mailed check,79.15,5536.5
9861-PDSZP,0.080097266,Low Risk,72,0.8333333333333334,3.145664578443032,92.66180376211804,Two year,Fiber optic,Credit card (automatic),108.05,7806.6
4505-EXZHB,0.7535608,High Risk,6,0.16666666666666666,66.77333180317656,18.15529425938924,Month-to-month,Fiber optic,Electronic check,74.4,434.1
7225-CBZPL,0.80220866,High Risk,17,0.3333333333333333,34.60391825838295,23.639566898345947,Month-to-month,Fiber optic,Electronic check,94.8,1563.9
6704-UTUKK,0.481476,Medium Risk,29,0.3333333333333333,34.60391825838295,44.676199555397034,Month-to-month,DSL,Electronic check,45.9,1332.4
4587-VVTOX,0.87444067,High Risk,6,0.6666666666666666,9.239118581732612,22.111299832661945,Month-to-month,Fiber optic,Electronic check,105.3,545.2
2019-HDCZY,0.21930075,Low Risk,63,0.5,20.382714003898286,75.28496265411377,Two year,Fiber optic,Electronic check,102.6,6296.75
4652-NNHNY,0.64996517,High Risk,16,0.0,80.99453605766122,24.168408314387,Month-to-month,Fiber optic,Bank transfer (automatic),73.85,1284.2
8788-DOXSU,0.24139129,Low Risk,59,0.3333333333333333,43.73176525760063,69.18043494224548,One year,DSL,Bank transfer (automatic),61.35,3645.5
7404-JLKQG,0.6829971,High Risk,3,0.3333333333333333,43.42428054947422,23.76681129137675,Month-to-month,DSL,Electronic check,57.55,161.45
7421-ZLUPA,0.52241826,Medium Risk,8,0.16666666666666666,69.85094063549555,30.545753637949623,Month-to-month,DSL,Mailed check,29.25,226.95
8972-HJWNV,0.86982286,High Risk,7,0.16666666666666666,57.95296951208529,12.758857011795044,Month-to-month,Fiber optic,Electronic check,84.55,646.85
3274-NSDWE,0.057821218,Low Risk,68,0.0,0.0,75.44227262338002,Two year,No,Credit card (automatic),19.6,1441.65
2632-IVXVF,0.18156971,Low Risk,68,0.8333333333333334,11.143595422165674,85.92151522636414,Two year,Fiber optic,Credit card (automatic),111.75,7511.3
3692-JHONH,0.55687565,Medium Risk,52,0.6666666666666666,9.239118581732612,57.15621769428253,One year,Fiber optic,Electronic check,106.5,5621.85
8915-NNTRC,0.06921614,Low Risk,72,0.8333333333333334,14.221204254484661,93.20586005846661,Two year,Fiber optic,Credit card (automatic),107.7,7919.8
5914-GXMDA,0.071788855,Low Risk,32,0.0,0.0,59.743890961011246,One year,No,Mailed check,19.3,593.2
7463-IFMQU,0.040057298,Low Risk,72,0.0,0.0,77.99713492393494,Two year,No,Bank transfer (automatic),20.05,1423.65
2920-RNCEZ,0.84355044,High Risk,1,0.0,80.99453605766122,8.239144484202066,Month-to-month,Fiber optic,Credit card (automatic),69.95,69.95
2541-YGPKE,0.19524893,Low Risk,42,0.5,48.71385093035268,67.73755192756653,One year,DSL,Credit card (automatic),63.7,2763.35
8515-OCTJS,0.10857302,Low Risk,25,0.0,0.0,54.98801569143931,Two year,No,Credit card (automatic),24.75,692.1
5382-TEMLV,0.25745904,Low Risk,45,0.16666666666666666,77.84887147921819,59.21038111050924,Month-to-month,DSL,Bank transfer (automatic),50.9,2298.55
3441-CGZJH,0.22594409,Low Risk,43,0.8333333333333334,11.143595422165674,73.28612824281058,One year,DSL,Credit card (automatic),60.4,2640.55
9592-ERDKV,0.23606496,Low Risk,37,0.6666666666666666,17.237049425455254,66.94675147533417,One year,DSL,Mailed check,79.25,2911.8
2860-RANUS,0.689388,High Risk,20,0.16666666666666666,57.95296951208529,27.19726781050364,Month-to-month,Fiber optic,Credit card (automatic),85.8,1727.5
5261-QSHQM,0.7330157,High Risk,4,0.0,80.99453605766122,15.015880862871805,Month-to-month,DSL,Electronic check,24.45,86.6
4778-IZARL,0.1889208,Low Risk,63,1.0,0.0,86.80396020412444,Two year,Fiber optic,Credit card (automatic),110.1,6705.7
0432-CAJZV,0.8209761,High Risk,3,0.3333333333333333,34.60391825838295,16.867862741152447,Month-to-month,Fiber optic,Mailed check,90.7,237.65
7008-LZVOZ,0.048997827,Low Risk,66,0.0,0.0,75.05010902881621,Two year,No,Credit card (automatic),25.3,1672.35
8868-WOZGU,0.7737062,High Risk,28,0.6666666666666666,9.239118581732612,36.31469011306763,Month-to-month,Fiber optic,Electronic check,105.7,2979.5
1200-TUZHR,0.83009154,High Risk,8,0.16666666666666666,57.95296951208529,15.162089864412941,Month-to-month,Fiber optic,Electronic check,85.2,695.75
9365-CSLBQ,0.04304255,Low Risk,71,0.0,0.0,77.43120630582175,Two year,No,Mailed check,24.35,1654.6
1334-FJSVR,0.8040347,High Risk,1,0.0,80.99453605766122,10.21493117014567,Month-to-month,DSL,Electronic check,24.25,24.25
5884-FBCTL,0.04095754,Low Risk,72,0.0,0.0,77.95212149620056,Two year,No,Bank transfer (automatic),25.1,1857.85
7130-CTCUS,0.4251064,Medium Risk,16,0.3333333333333333,66.70527605705252,42.07801302274068,Month-to-month,DSL,Bank transfer (automatic),54.55,825.1
6242-FEGFD,0.09894867,Low Risk,66,0.6666666666666666,46.390617799278274,85.88590045770007,Two year,Fiber optic,Mailed check,96.6,6424.25
7625-XCQRH,0.8060495,High Risk,11,0.0,80.99453605766122,14.280857046445211,Month-to-month,Fiber optic,Electronic check,76.5,837.95
6194-HBGQN,0.14559118,Low Risk,51,0.8333333333333334,23.041566545575932,80.63710669676463,One year,DSL,Credit card (automatic),81.15,4126.2
7634-WSWDB,0.6336199,High Risk,8,0.3333333333333333,54.80730493364226,28.319004774093624,Month-to-month,DSL,Electronic check,38.5,330.8
6986-IXNDM,0.7906541,High Risk,14,0.3333333333333333,34.60391825838295,22.967293858528137,Month-to-month,Fiber optic,Electronic check,92.9,1337.45
1731-TVIUK,0.8619858,High Risk,4,0.5,40.715920086630035,18.567376534144085,Month-to-month,Fiber optic,Electronic check,93.5,362.2
2987-BJXIK,0.062321015,Low Risk,70,0.8333333333333334,6.09345400328958,92.71728297074635,Two year,DSL,Mailed check,84.7,5991.05
9769-TSBZE,0.11169606,Low Risk,70,0.5,60.611822053762936,83.58186344305673,Two year,DSL,Electronic check,66.0,4891.5
0406-BPDVR,0.50979173,Medium Risk,54,0.5,23.460322836217273,57.01041340827941,One year,Fiber optic,Credit card (automatic),101.5,5373.1
0618-XWMSS,0.5111158,Medium Risk,28,0.16666666666666666,77.84887147921819,39.44421052932739,Month-to-month,Fiber optic,Bank transfer (automatic),74.9,2068.55
1395-WSWXR,0.055122495,Low Risk,24,0.0,0.0,57.24387526512146,Two year,No,Mailed check,20.75,487.05
6023-GSSXW,0.062063877,Low Risk,69,0.3333333333333333,46.809374089919615,82.31347302595773,Two year,DSL,Credit card (automatic),61.45,4131.2
6752-APNJL,0.22749957,Low Risk,42,0.3333333333333333,66.70527605705252,62.79168645540874,Month-to-month,DSL,Mailed check,54.5,2301.15
5276-KQWHG,0.82064027,High Risk,2,0.0,80.99453605766122,9.80132003625234,Month-to-month,Fiber optic,Electronic check,69.6,131.65
0420-HLGXF,0.76578456,High Risk,39,0.5,20.382714003898286,37.96077191829681,Month-to-month,Fiber optic,Electronic check,99.75,4036.0
7446-KQISO,0.39761683,Medium Risk,45,0.8333333333333334,3.145664578443032,65.53582350413005,Two year,Fiber optic,Bank transfer (automatic),109.75,4900.65
9823-EALYC,0.041600846,Low Risk,72,0.8333333333333334,23.041566545575932,94.58662549654645,Two year,DSL,Bank transfer (automatic),80.85,5727.45
0582-AVCLN,0.054892126,Low Risk,38,0.0,0.0,63.08872719605764,Two year,No,Mailed check,20.3,743.05
5803-NQJZO,0.074483775,Low Risk,72,0.6666666666666666,46.390617799278274,89.60914572079976,Two year,DSL,Bank transfer (automatic),67.8,4804.65
2565-JSLRY,0.6015995,High Risk,1,0.0,0.0,20.336690942446392,Month-to-month,No,Mailed check,24.05,24.05
2607-DHDAK,0.039378725,Low Risk,72,0.0,0.0,78.03106486797333,Two year,No,Credit card (automatic),19.8,1414.65
1073-XXCZD,0.057086654,Low Risk,55,0.0,0.0,70.06233433882394,Two year,No,Bank transfer (automatic),25.7,1443.65
0743-HRVFF,0.2741571,Low Risk,51,0.6666666666666666,14.289260000608706,70.87547798951466,One year,DSL,Electronic check,56.15,2898.95
4006-HKYHO,0.056715757,Low Risk,63,1.0,0.0,93.41421365737914,Two year,DSL,Bank transfer (automatic),86.7,5309.5
3727-JEZTU,0.5426386,Medium Risk,1,0.0,0.0,23.284736673037212,Month-to-month,No,Mailed check,20.4,20.4
8143-ETQTI,0.057655167,Low Risk,23,0.0,0.0,56.70057555039724,Two year,No,Mailed check,19.65,451.55
6689-KXGBO,0.7285897,High Risk,1,0.16666666666666666,69.85094063549555,17.32051432132721,Month-to-month,DSL,Electronic check,50.55,50.55
9667-TKTVZ,0.6749265,High Risk,2,0.16666666666666666,74.90108205437164,20.42034069697062,Month-to-month,DSL,Mailed check,54.35,117.05
3657-COGMW,0.4756616,Medium Risk,52,0.8333333333333334,6.09345400328958,64.55025156339009,Month-to-month,Fiber optic,Credit card (automatic),108.1,5839.3
8570-KLJYJ,0.11389704,Low Risk,36,0.16666666666666666,77.84887147921819,62.63848205407461,One year,DSL,Mailed check,54.45,1893.5
7754-IXRMC,0.69063383,High Risk,1,0.0,80.99453605766122,15.884974996248882,Month-to-month,DSL,Mailed check,45.35,45.35
9473-CBZOP,0.119398005,Low Risk,28,0.3333333333333333,63.62766722473353,62.36343344052633,One year,DSL,Mailed check,59.0,1654.45
2969-WGHQO,0.2899814,Low Risk,7,0.6666666666666666,29.135020548865512,51.75093173980713,One year,DSL,Electronic check,69.45,477.05
6615-NGGZJ,0.84521544,High Risk,14,0.5,23.460322836217273,23.572561343510948,Month-to-month,Fiber optic,Electronic check,100.55,1415.55
4334-HOWRP,0.07110908,Low Risk,72,1.0,0.0,96.44454717636108,Two year,DSL,Credit card (automatic),64.95,4546.0
4255-DDUOU,0.6358511,High Risk,1,0.0,0.0,18.624112407366436,Month-to-month,No,Mailed check,20.5,20.5
5863-OOKCL,0.19327201,Low Risk,10,0.0,0.0,44.50306693712871,Month-to-month,No,Mailed check,18.85,163.2
1686-STUHN,0.07436708,Low Risk,42,0.0,0.0,63.78164470195771,One year,No,Bank transfer (automatic),19.8,849.9
1329-VHWNP,0.48850676,Medium Risk,7,0.0,80.99453605766122,28.491326967875164,Month-to-month,DSL,Bank transfer (automatic),25.05,189.95
2984-MIIZL,0.788163,High Risk,4,0.16666666666666666,66.77333180317656,15.59184968471527,Month-to-month,Fiber optic,Bank transfer (automatic),74.8,321.9
0266-GMEAO,0.055495404,Low Risk,72,1.0,0.0,97.22523093223572,Two year,Fiber optic,Credit card (automatic),114.3,8058.55
5590-YRFJT,0.5959689,Medium Risk,20,0.0,80.99453605766122,28.53488822778066,Month-to-month,DSL,Electronic check,24.45,482.8
5574-NXZIU,0.31872767,Medium Risk,63,1.0,0.0,80.31361639499663,Two year,Fiber optic,Credit card (automatic),109.2,7049.75
0019-GFNTW,0.060928028,Low Risk,56,0.6666666666666666,46.390617799278274,83.62026433149974,Two year,DSL,Bank transfer (automatic),45.05,2560.1
4256-ZWTZI,0.5611204,Medium Risk,5,0.16666666666666666,74.90108205437164,27.36064712206523,Month-to-month,DSL,Mailed check,51.0,286.8
8309-PPCED,0.06700538,Low Risk,72,0.8333333333333334,3.145664578443032,93.31639687220257,Two year,Fiber optic,Bank transfer (automatic),110.45,7982.5
4098-NAUKP,0.54023665,Medium Risk,68,0.3333333333333333,55.629736381010886,57.98816740512848,Month-to-month,Fiber optic,Electronic check,84.65,5683.6
5196-WPYOW,0.091884635,Low Risk,67,0.5,60.611822053762936,83.3224360148112,One year,DSL,Mailed check,60.05,3994.05
4608-LCIMN,0.44404027,Medium Risk,8,0.0,80.99453605766122,31.13131841023763,Month-to-month,DSL,Bank transfer (automatic),44.65,369.15
1485-YDHMM,0.41766226,Medium Risk,52,0.5,40.715920086630035,60.78355352083842,Month-to-month,Fiber optic,Bank transfer (automatic),93.25,4631.7
4054-CUMIA,0.21518195,Low Risk,18,0.0,0.0,46.74090266227722,Month-to-month,No,Mailed check,20.25,401.95
0603-TPMIB,0.05060595,Low Risk,59,0.0,0.0,72.05303569634755,Two year,No,Mailed check,25.45,1534.05
2525-GVKQU,0.06484783,Low Risk,60,0.0,0.0,71.75760865211487,Two year,No,Mailed check,20.6,1093.0
8161-QYMTT,0.8802562,High Risk,7,0.3333333333333333,34.60391825838295,15.57052453358968,Month-to-month,Fiber optic,Electronic check,94.1,701.3
9581-GVBXT,0.12422391,Low Risk,59,0.3333333333333333,63.62766722473353,75.03880560398102,One year,DSL,Mailed check,34.8,1980.3
5862-BRIXZ,0.06431809,Low Risk,46,0.8333333333333334,11.143595422165674,82.6174302895864,Two year,DSL,Bank transfer (automatic),60.75,2893.4
5404-GGUKR,0.6837906,High Risk,5,0.16666666666666666,69.85094063549555,21.227135459582012,Month-to-month,DSL,Electronic check,51.35,262.3
3308-JSGML,0.085992135,Low Risk,59,0.8333333333333334,11.143595422165674,86.95039212703706,Two year,DSL,Credit card (automatic),64.05,3886.85
2126-GSEGL,0.06128977,Low Risk,70,0.8333333333333334,3.145664578443032,92.7688439687093,Two year,DSL,Bank transfer (automatic),84.8,5917.55
3677-TNKIO,0.69094735,High Risk,14,0.0,80.99453605766122,21.285965641339622,Month-to-month,Fiber optic,Credit card (automatic),71.0,914.0
0440-QEXBZ,0.29938337,Low Risk,44,0.0,80.99453605766122,53.36416323979696,Month-to-month,DSL,Mailed check,50.15,2139.1
2434-EEVDB,0.16661988,Low Risk,64,0.5,40.278615971031186,78.33567182223001,Two year,Fiber optic,Credit card (automatic),94.6,5948.7
6762-QVYJO,0.048448607,Low Risk,58,0.8333333333333334,11.143595422165674,88.41090222199759,Two year,DSL,Mailed check,59.75,3624.35
6199-IWKGC,0.45242494,Medium Risk,46,0.5,28.510464255093368,56.54541949431101,One year,Fiber optic,Electronic check,100.25,4753.85
2675-DHUTR,0.6843118,High Risk,58,0.5,23.460322836217273,49.95107630888621,Month-to-month,Fiber optic,Electronic check,98.9,5780.7
8152-VETUR,0.09918666,Low Risk,72,0.5,23.460322836217273,85.04066705703735,Two year,Fiber optic,Credit card (automatic),97.7,6869.7
9667-EQRXU,0.5614846,Medium Risk,30,0.3333333333333333,43.42428054947422,41.09243790308634,Month-to-month,DSL,Electronic check,40.3,1172.95
7446-YPODE,0.3590727,Medium Risk,11,0.3333333333333333,66.70527605705252,43.29636573791504,Month-to-month,DSL,Bank transfer (automatic),60.25,662.95
9522-BNTHX,0.50567627,Medium Risk,34,0.6666666666666666,9.239118581732612,52.2161865234375,Month-to-month,DSL,Electronic check,56.25,1765.95
4676-WLUHT,0.0712061,Low Risk,54,0.5,43.66370951147658,78.93969535827637,Two year,DSL,Bank transfer (automatic),46.2,2431.95
3329-WDIOK,0.7681607,High Risk,3,0.5,23.460322836217273,22.841964960098267,Month-to-month,DSL,Electronic check,50.6,155.35
7980-MHFLQ,0.042121902,Low Risk,72,0.0,0.0,77.89390563964844,Two year,No,Mailed check,24.9,1859.2
2873-ZLIWT,0.65800816,High Risk,40,0.3333333333333333,60.67987779988698,40.432925422986344,Month-to-month,Fiber optic,Electronic check,84.85,3303.05
3415-TAILE,0.6417918,High Risk,2,0.3333333333333333,34.60391825838295,25.410408973693848,Month-to-month,DSL,Mailed check,65.7,134.35
0757-WCUUZ,0.0689259,Low Risk,54,0.3333333333333333,43.73176525760063,75.72037080923715,Two year,DSL,Credit card (automatic),63.35,3409.1
1629-DQQVB,0.35005346,Medium Risk,14,0.16666666666666666,77.84887147921819,41.66399518648783,Month-to-month,DSL,Bank transfer (automatic),50.1,709.5
1915-IOFGU,0.85987836,High Risk,1,0.0,80.99453605766122,7.422748605410258,Month-to-month,Fiber optic,Electronic check,70.5,70.5
3045-XETSH,0.85539585,High Risk,10,0.5,32.588169835434954,21.396873990694683,Month-to-month,Fiber optic,Electronic check,94.85,953.45
0374-AACSZ,0.6806322,High Risk,1,0.16666666666666666,77.84887147921819,19.71839129924774,Month-to-month,DSL,Electronic check,50.15,50.15
7239-HZZCX,0.55759186,Medium Risk,1,0.0,0.0,22.537073890368145,Month-to-month,No,Mailed check,19.75,19.75
4872-VXRIL,0.099985495,Low Risk,56,0.5,60.611822053762936,78.3340593179067,One year,DSL,Bank transfer (automatic),64.65,3665.55
9140-CZQZZ,0.06238531,Low Risk,68,0.8333333333333334,14.221204254484661,91.88073396682739,Two year,DSL,Bank transfer (automatic),79.6,5515.8
3423-HHXAO,0.11564415,Low Risk,14,0.0,0.0,50.051125486691795,One year,No,Mailed check,19.5,272.0
9938-TKDGL,0.14199132,Low Risk,68,0.6666666666666666,25.364799676650335,84.56710080305734,Two year,Fiber optic,Electronic check,99.55,6668.0
0531-ZZJWQ,0.6406884,High Risk,55,0.0,80.99453605766122,40.88224569956461,Month-to-month,Fiber optic,Electronic check,74.0,4052.4
6537-QLGEX,0.6291386,High Risk,16,0.3333333333333333,54.49982022551585,31.876403888066605,Month-to-month,DSL,Electronic check,38.9,664.4
2688-BHGOG,0.8159667,High Risk,9,0.16666666666666666,57.95296951208529,16.28499706586202,Month-to-month,Fiber optic,Electronic check,79.55,718.55
7683-CBDKJ,0.4851901,Medium Risk,14,0.5,43.35622480335017,41.57382865746816,Month-to-month,DSL,Electronic check,65.45,937.6
0946-CLJTI,0.7080149,High Risk,58,0.5,20.382714003898286,48.76592139403025,Month-to-month,Fiber optic,Electronic check,98.7,5812.6
3160-TYXLT,0.33176637,Medium Risk,53,0.5,43.66370951147658,65.49501498540242,Month-to-month,DSL,Bank transfer (automatic),46.3,2546.85
1325-USMEC,0.12144697,Low Risk,70,0.6666666666666666,29.135020548865512,86.42765164375305,Two year,Fiber optic,Credit card (automatic),99.35,6944.5
0916-QOFDP,0.82299155,High Risk,14,0.3333333333333333,34.60391825838295,21.350422501564026,Month-to-month,Fiber optic,Electronic check,95.8,1346.3
0628-CNQRM,0.18571813,Low Risk,22,0.6666666666666666,34.18516196774161,63.214094042778015,One year,DSL,Bank transfer (automatic),67.5,1544.05
5606-AMZBO,0.70466274,High Risk,10,0.16666666666666666,77.84887147921819,22.266862988471985,Month-to-month,Fiber optic,Credit card (automatic),78.15,765.15
6199-IPCAO,0.072151825,Low Risk,29,0.0,0.0,58.47574134667715,Two year,No,Mailed check,26.1,692.55
7665-TOALD,0.8947568,High Risk,1,0.0,80.99453605766122,5.678826967875163,Month-to-month,Fiber optic,Electronic check,69.6,69.6
0112-QWPNC,0.33578083,Medium Risk,49,0.8333333333333334,11.143595422165674,70.29429038365681,One year,DSL,Electronic check,84.35,4059.35
0324-BRPCJ,0.65465474,High Risk,68,0.5,23.460322836217273,55.600596268971756,Month-to-month,Fiber optic,Electronic check,100.2,6851.65
2777-PHDEI,0.87838614,High Risk,1,0.16666666666666666,57.64548480395888,9.830693006515503,Month-to-month,Fiber optic,Electronic check,78.05,78.05
5640-CAXOA,0.25736952,Low Risk,30,0.3333333333333333,51.85951550879571,56.2981907526652,One year,DSL,Credit card (automatic),40.35,1187.05
2235-EZAIK,0.05377238,Low Risk,72,0.8333333333333334,23.041566545575932,93.97804717222851,Two year,DSL,Credit card (automatic),79.2,5401.9
3847-BAERP,0.2471602,Low Risk,10,0.0,0.0,41.80865685145061,Month-to-month,No,Mailed check,20.9,247.0
1196-AMORA,0.7729254,High Risk,7,0.0,80.99453605766122,14.270397822062176,Month-to-month,Fiber optic,Electronic check,73.6,520.0
4282-YMKNA,0.8214191,High Risk,9,0.0,80.99453605766122,12.679044008255005,Month-to-month,Fiber optic,Electronic check,74.75,706.6
1453-RZFON,0.60370857,High Risk,1,0.16666666666666666,77.84887147921819,23.564571738243103,Month-to-month,DSL,Mailed check,49.9,49.9
8263-OKETD,0.35621014,Medium Risk,20,0.5,40.715920086630035,50.52282770474752,Month-to-month,DSL,Credit card (automatic),68.9,1370.35
0670-KDOMA,0.61223376,High Risk,1,0.0,0.0,19.804978768030804,Month-to-month,No,Mailed check,20.25,20.25
2476-YGEFM,0.5770387,Medium Risk,29,0.0,80.99453605766122,33.23139806588491,Month-to-month,Fiber optic,Credit card (automatic),76.0,2215.25
8687-BAFGU,0.7766041,High Risk,1,0.16666666666666666,74.90108205437164,14.919794201850891,Month-to-month,Fiber optic,Electronic check,74.0,74.0
0641-EVBOJ,0.7161238,High Risk,3,0.3333333333333333,71.75541747592861,22.110475699106853,Month-to-month,Fiber optic,Mailed check,82.3,214.4
0829-XXPLX,0.5814783,Medium Risk,20,0.5,40.278615971031186,39.2594184478124,Month-to-month,Fiber optic,Bank transfer (automatic),89.4,1871.15
9974-JFBHQ,0.41383797,Medium Risk,64,0.6666666666666666,17.366868832927693,69.30810153484343,Month-to-month,Fiber optic,Credit card (automatic),99.15,6171.2
5356-RHIPP,0.66711336,High Risk,1,0.0,0.0,17.06099847952525,Month-to-month,No,Mailed check,20.2,20.2
6624-JDRDS,0.47017646,Medium Risk,6,0.16666666666666666,77.84887147921819,32.3245104153951,Month-to-month,DSL,Bank transfer (automatic),29.45,161.45
0608-JDVEC,0.06302648,Low Risk,50,0.0,0.0,67.68200894196828,Two year,No,Electronic check,19.8,1013.2
9780-FKVVF,0.45928153,Medium Risk,6,0.3333333333333333,54.80730493364226,36.20258847872416,Month-to-month,DSL,Bank transfer (automatic),59.15,336.7
1919-RTPQD,0.55718094,Medium Risk,7,0.0,80.99453605766122,25.057619611422222,Month-to-month,DSL,Electronic check,44.75,333.65
5214-NLTIT,0.09134776,Low Risk,72,0.3333333333333333,43.73176525760063,82.0992789665858,Two year,Fiber optic,Credit card (automatic),90.8,6511.8
3345-PBBFH,0.4918728,Medium Risk,8,0.16666666666666666,69.85094063549555,32.07302729288737,Month-to-month,DSL,Bank transfer (automatic),49.55,393.45
5055-BRMNE,0.22455095,Low Risk,67,0.6666666666666666,25.364799676650335,80.022451877594,Two year,Fiber optic,Credit card (automatic),106.7,7009.5
9189-JWSHV,0.7924696,High Risk,24,0.3333333333333333,34.60391825838295,27.04318563143412,Month-to-month,Fiber optic,Electronic check,93.55,2264.05
2190-PHBHR,0.085512936,Low Risk,72,0.5,43.66370951147658,85.72435319423676,Two year,Fiber optic,Credit card (automatic),94.45,6921.7
2650-GYRYL,0.08037856,Low Risk,33,0.0,0.0,59.731073379516594,One year,No,Bank transfer (automatic),19.45,600.25
0746-JTRFU,0.7877284,High Risk,2,0.0,80.99453605766122,11.446911891301474,Month-to-month,DSL,Electronic check,25.05,56.35
5208-FVQKB,0.07502676,Low Risk,70,0.6666666666666666,37.570255508187,88.74866247177124,Two year,DSL,Mailed check,67.95,4664.15
7184-LRUUR,0.19737343,Low Risk,22,0.5,32.280685127308544,59.29799417654673,One year,DSL,Bank transfer (automatic),65.25,1441.8
6627-CFOSN,0.43569398,Medium Risk,59,0.6666666666666666,29.44250525699192,66.13196770350139,Month-to-month,Fiber optic,Bank transfer (automatic),99.45,5623.7
3982-JGSFD,0.076777965,Low Risk,36,0.0,0.0,61.16110324859619,One year,No,Credit card (automatic),20.35,695.85
1574-DYCWE,0.052819483,Low Risk,51,0.0,0.0,68.60902547836304,Two year,No,Mailed check,19.95,1028.75
7247-XOZPB,0.121882655,Low Risk,53,0.6666666666666666,34.18516196774161,79.3225328127543,One year,DSL,Bank transfer (automatic),77.4,4155.95
2466-FCCPT,0.10742694,Low Risk,20,0.0,0.0,52.96198626359304,One year,No,Bank transfer (automatic),19.7,395.6
6211-WWLTF,0.11351902,Low Risk,63,0.6666666666666666,17.237049425455254,83.90738268693288,Two year,Fiber optic,Credit card (automatic),99.7,6330.4
4826-TZEVA,0.48261547,Medium Risk,40,0.16666666666666666,69.85094063549555,45.86922645568847,Month-to-month,Fiber optic,Credit card (automatic),74.8,2971.7
6016-NXBNJ,0.07257946,Low Risk,35,0.0,0.0,60.95436116059621,One year,No,Mailed check,19.15,638.0
9138-EFSMO,0.29337648,Low Risk,26,0.16666666666666666,57.95296951208529,49.49784437815348,One year,Fiber optic,Bank transfer (automatic),78.95,2034.25
0576-WNXXC,0.74747,High Risk,27,0.5,32.588169835434954,33.87649893760681,Month-to-month,Fiber optic,Electronic check,95.55,2510.2
4632-XJMEX,0.10729966,Low Risk,53,0.5,60.611822053762936,76.7183490594228,One year,DSL,Credit card (automatic),62.85,3419.5
8910-LEDAG,0.5324501,Medium Risk,34,0.0,80.99453605766122,37.54416267077128,Month-to-month,Fiber optic,Credit card (automatic),71.55,2427.35
3452-GWUIN,0.80021286,High Risk,19,0.3333333333333333,34.60391825838295,24.57269032796224,Month-to-month,Fiber optic,Electronic check,94.95,1760.25
2716-GFZOR,0.4265339,Medium Risk,43,0.5,52.484071802567854,56.58996979395548,Month-to-month,Fiber optic,Credit card (automatic),86.1,3551.65
3724-UCSHY,0.24299727,Low Risk,6,0.0,0.0,40.35013556480408,Month-to-month,No,Mailed check,19.55,122.9
8626-XHBIE,0.061379936,Low Risk,56,0.0,0.0,70.2643378575643,Two year,No,Mailed check,24.8,1424.2
4628-CTTLA,0.55083156,Medium Risk,57,0.3333333333333333,46.501889381793205,52.87508885065715,Month-to-month,DSL,Electronic check,39.3,2111.45
3192-LNKRK,0.565415,Medium Risk,34,0.3333333333333333,43.42428054947422,42.562582095464066,Month-to-month,Fiber optic,Mailed check,84.05,2909.95
4439-YRNVD,0.48714253,Medium Risk,10,0.3333333333333333,63.75748663220597,36.47620519002279,Month-to-month,DSL,Electronic check,36.25,374.0
2876-VBBBL,0.61223376,High Risk,1,0.0,0.0,19.804978768030804,Month-to-month,No,Mailed check,20.25,20.25
6834-NXDCA,0.60033196,High Risk,13,0.0,80.99453605766122,25.40006856123606,Month-to-month,DSL,Electronic check,23.9,300.8
2208-UGTGR,0.61428976,High Risk,56,0.5,23.460322836217273,52.618845303853355,Month-to-month,Fiber optic,Electronic check,98.6,5581.05
3005-TYFRD,0.60756445,High Risk,55,0.6666666666666666,9.239118581732612,55.871777534484856,Month-to-month,Fiber optic,Credit card (automatic),103.65,5676.65
8670-MEFCP,0.05485304,Low Risk,36,1.0,0.0,82.25734889507295,Two year,DSL,Credit card (automatic),92.9,3379.25
3079-BCHLN,0.07471075,Low Risk,47,0.0,0.0,65.84779699643452,One year,No,Bank transfer (automatic),19.9,942.95
7777-UNYHB,0.2539838,Low Risk,12,0.0,0.0,42.30081021785736,Month-to-month,No,Credit card (automatic),20.1,232.4
5597-GLBUC,0.904658,High Risk,1,0.3333333333333333,43.42428054947422,11.85043235619863,Month-to-month,Fiber optic,Electronic check,85.45,85.45
7278-CKDNC,0.7563056,High Risk,24,0.16666666666666666,69.85094063549555,25.5180545647939,Month-to-month,Fiber optic,Electronic check,80.5,2088.45
2748-MYRVK,0.34223542,Medium Risk,63,0.5,23.460322836217273,69.13822770118713,One year,Fiber optic,Bank transfer (automatic),99.9,6137.0
8450-UYIBU,0.5108763,Medium Risk,35,0.3333333333333333,43.42428054947422,45.70618510246277,Month-to-month,DSL,Electronic check,39.85,1434.6
2969-VAPYH,0.09280636,Low Risk,67,0.5,60.611822053762936,83.27634970347087,One year,DSL,Credit card (automatic),60.5,3870.0
4822-YCXMX,0.7521949,High Risk,25,0.16666666666666666,57.95296951208529,26.14025592803955,Month-to-month,Fiber optic,Electronic check,84.8,2043.45
7181-OQCUT,0.68920225,High Risk,21,0.6666666666666666,17.237049425455254,37.62322088082632,Month-to-month,Fiber optic,Mailed check,103.85,2215.0
8474-UMLNT,0.32306367,Medium Risk,13,0.6666666666666666,37.570255508187,52.596816420555115,Month-to-month,DSL,Bank transfer (automatic),67.8,842.25
9821-POOTN,0.70859814,High Risk,35,0.0,80.99453605766122,29.15342648824056,Month-to-month,Fiber optic,Electronic check,75.2,2576.2
3836-FZSDJ,0.045484416,Low Risk,71,0.0,0.0,77.30911215146384,Two year,No,Bank transfer (automatic),24.85,1901.0
9142-XMYJH,0.16362627,Low Risk,29,0.0,0.0,53.90202065308889,Month-to-month,No,Credit card (automatic),19.35,601.6
6559-ILWKJ,0.41995502,Medium Risk,71,0.5,23.460322836217273,68.58558257420859,Two year,DSL,Electronic check,49.35,3515.25
0187-QSXOE,0.84761345,High Risk,7,0.3333333333333333,34.60391825838295,17.20266064008077,Month-to-month,Fiber optic,Electronic check,89.0,605.45
7733-UDMTP,0.5481295,Medium Risk,57,0.6666666666666666,9.239118581732612,59.67685838540395,Month-to-month,DSL,Electronic check,55.0,3094.05
2649-HWLYB,0.13168763,Low Risk,65,0.6666666666666666,34.492646675868016,83.83228460947672,Two year,DSL,Bank transfer (automatic),76.15,4929.55
5214-CHIWJ,0.06859223,Low Risk,27,0.0,0.0,57.820387482643135,One year,No,Mailed check,20.3,595.05
4229-CZMLL,0.84341866,High Risk,6,0.0,80.99453605766122,10.32906711101532,Month-to-month,Fiber optic,Electronic check,74.9,469.8
6904-JLBGY,0.06429842,Low Risk,72,1.0,0.0,96.78508043289185,Two year,Fiber optic,Credit card (automatic),117.35,8436.25
2465-BLLEU,0.634975,High Risk,1,0.0,0.0,18.66791586081187,Month-to-month,No,Mailed check,19.75,19.75
1685-VAYJF,0.3989369,Medium Risk,11,0.0,80.99453605766122,34.636489947636925,Month-to-month,DSL,Credit card (automatic),45.2,492.0
8874-EJNSR,0.056869593,Low Risk,39,0.0,0.0,63.406521677970886,Two year,No,Mailed check,25.2,987.95
6917-YACBP,0.39867684,Medium Risk,59,0.5,52.484071802567854,64.64948972066243,Month-to-month,Fiber optic,Electronic check,89.75,5496.9
5049-MUBWG,0.193426,Low Risk,26,0.6666666666666666,25.364799676650335,64.49536601702371,One year,DSL,Bank transfer (automatic),75.0,1908.35
4223-WOZCM,0.70653784,High Risk,2,0.16666666666666666,66.77333180317656,18.8397745291392,Month-to-month,DSL,Mailed check,49.95,107.1
0769-MURVM,0.043539952,Low Risk,72,1.0,0.0,97.82300293445587,Two year,DSL,Bank transfer (automatic),65.7,4575.35
9253-VIFJQ,0.11205713,Low Risk,65,0.5,52.484071802567854,81.48047586282094,One year,DSL,Credit card (automatic),67.05,4309.55
7030-FZTFM,0.06758203,Low Risk,72,0.8333333333333334,3.145664578443032,93.28756610552472,Two year,Fiber optic,Credit card (automatic),110.9,7922.75
9741-YLNTD,0.83466053,High Risk,6,0.3333333333333333,51.85951550879571,17.433640162150066,Month-to-month,Fiber optic,Bank transfer (automatic),87.95,522.35
5917-RYRMG,0.079773925,Low Risk,32,0.0,0.0,59.34463818868001,One year,No,Credit card (automatic),19.8,587.7
5120-ZBLAI,0.20418079,Low Risk,50,0.5,20.382714003898286,70.624294479688,One year,DSL,Bank transfer (automatic),75.7,3876.2
1194-BHJYC,0.048209097,Low Risk,61,0.8333333333333334,11.143595422165674,89.6728797753652,Two year,DSL,Mailed check,62.15,3778.85
3663-MITLP,0.81716835,High Risk,15,0.6666666666666666,9.239118581732612,28.72491558392842,Month-to-month,Fiber optic,Electronic check,101.25,1457.25
0906-QVPMS,0.05743251,Low Risk,72,1.0,0.0,97.12837338447571,Two year,Fiber optic,Bank transfer (automatic),115.15,8349.45
9025-ZRPVR,0.21052182,Low Risk,9,0.0,0.0,43.22390913963318,Month-to-month,No,Mailed check,18.95,185.6
1905-OEILC,0.5407025,Medium Risk,1,0.0,0.0,23.381540576616924,Month-to-month,No,Mailed check,19.5,19.5
7858-GTZSP,0.8366737,High Risk,12,0.16666666666666666,57.95296951208529,16.49964948495229,Month-to-month,Fiber optic,Electronic check,86.55,1066.9
3285-UCQVC,0.36434725,Medium Risk,37,0.16666666666666666,74.90108205437164,50.532639026641846,Month-to-month,DSL,Credit card (automatic),28.6,973.55
6248-BSHKG,0.07672357,Low Risk,61,0.0,0.0,71.58048788706462,One year,No,Mailed check,20.4,1226.45
4685-TFLLS,0.113291435,Low Risk,18,0.0,0.0,51.83542788028716,One year,No,Bank transfer (automatic),19.8,342.3
3470-BTGQO,0.33376864,Medium Risk,21,0.0,80.99453605766122,42.061569690704346,Month-to-month,DSL,Mailed check,45.65,985.05
1209-VFFOC,0.04341603,Low Risk,68,0.8333333333333334,23.349051253702342,92.82919883728027,Two year,DSL,Mailed check,56.4,3948.45
8224-DWCKX,0.739939,High Risk,12,0.0,80.99453605766122,18.003051280975342,Month-to-month,Fiber optic,Credit card (automatic),73.3,828.05
5482-PLVPE,0.7566469,High Risk,2,0.0,80.99453605766122,13.00098975499471,Month-to-month,DSL,Electronic check,24.35,41.85
4553-DVPZG,0.66733736,High Risk,62,0.5,20.382714003898286,52.46646543343863,Month-to-month,Fiber optic,Electronic check,101.35,6164.7
4902-OHLSK,0.70656264,High Risk,29,0.5,28.510464255093368,36.75520141919454,Month-to-month,Fiber optic,Electronic check,98.65,2862.75
6917-IAYHD,0.6179897,High Risk,1,0.3333333333333333,63.75748663220597,26.183847387631737,Month-to-month,DSL,Mailed check,33.6,33.6
0495-ZBNGW,0.84779364,High Risk,5,0.16666666666666666,66.77333180317656,13.026984731356302,Month-to-month,Fiber optic,Bank transfer (automatic),79.9,343.95
8620-RJPZN,0.5311917,Medium Risk,1,0.0,0.0,23.857081333796184,Month-to-month,No,Electronic check,20.7,20.7
7572-KPVKK,0.3527909,Medium Risk,62,0.6666666666666666,14.289260000608706,71.52712206045786,Two year,Fiber optic,Electronic check,104.05,6590.5
2642-MAWLJ,0.05628383,Low Risk,36,0.0,0.0,62.185808420181274,Two year,No,Bank transfer (automatic),20.25,717.95
2357-COQEK,0.76319367,High Risk,28,0.6666666666666666,14.289260000608706,36.84031665325165,Month-to-month,Fiber optic,Electronic check,103.3,2890.65
7103-ZGVNT,0.12762709,Low Risk,69,0.6666666666666666,37.26277080006059,85.70197959740956,One year,DSL,Credit card (automatic),73.7,4885.85
3737-GCSPV,0.7827668,High Risk,11,0.5,48.40636622222627,25.44499238332113,Month-to-month,Fiber optic,Credit card (automatic),96.2,1222.05
2027-WKXMW,0.53416485,Medium Risk,63,0.8333333333333334,3.145664578443032,66.20842436949413,Month-to-month,Fiber optic,Electronic check,108.75,6871.7
7137-NAXML,0.08566366,Low Risk,23,0.0,0.0,55.30014952023824,One year,No,Bank transfer (automatic),20.15,405.6
2428-ZMCTB,0.2667736,Low Risk,10,0.0,0.0,40.82798759142558,Month-to-month,No,Credit card (automatic),19.75,208.25
2961-VNFKL,0.047847778,Low Risk,71,0.0,0.0,77.19094594319662,Two year,No,Credit card (automatic),25.95,1801.9
1768-HNVGJ,0.34804538,Medium Risk,45,0.5,48.71385093035268,61.34773254394531,Month-to-month,DSL,Electronic check,70.05,3062.45
6963-KQYQB,0.043382544,Low Risk,70,0.0,0.0,76.99754039446512,Two year,No,Mailed check,24.05,1764.75
5934-RMPOV,0.7603494,High Risk,22,0.16666666666666666,57.95296951208529,24.48253035545349,Month-to-month,Fiber optic,Electronic check,84.75,1816.75
1207-BLKSA,0.053004507,Low Risk,52,0.0,0.0,69.01644150416057,Two year,No,Mailed check,23.05,1255.1
4088-YLDSU,0.61767125,High Risk,55,0.6666666666666666,14.289260000608706,55.36643743515014,One year,Fiber optic,Electronic check,104.15,5743.05
8316-BBQAY,0.06254588,Low Risk,65,0.8333333333333334,11.143595422165674,90.62270522117615,Two year,DSL,Credit card (automatic),59.95,3921.1
1166-PQLGG,0.04499103,Low Risk,72,0.0,0.0,77.75044918060303,Two year,No,Bank transfer (automatic),19.55,1463.45
3146-JTQHR,0.14310232,Low Risk,10,0.0,0.0,47.01155225435893,One year,No,Bank transfer (automatic),19.6,189.45
4291-YZODP,0.14555836,Low Risk,7,0.0,0.0,45.63874880472819,One year,No,Mailed check,20.05,96.8
4395-PZMSN,0.84550667,High Risk,5,0.3333333333333333,46.809374089919615,16.474666595458984,Month-to-month,Fiber optic,Electronic check,85.55,408.5
6427-FEFIG,0.069471106,Low Risk,24,0.6666666666666666,17.237049425455254,69.8597772916158,Two year,DSL,Credit card (automatic),78.6,1846.65
0017-IUDMW,0.056202378,Low Risk,72,1.0,0.0,97.18988239765167,Two year,Fiber optic,Credit card (automatic),116.8,8456.75
8706-HRADD,0.3929078,Medium Risk,21,0.5,48.40636622222627,49.104610085487366,Month-to-month,DSL,Mailed check,43.55,1011.5
9955-QOPOY,0.22648388,Low Risk,69,0.8333333333333334,3.145664578443032,84.0924725929896,One year,DSL,Credit card (automatic),60.8,4263.4
4385-ZKVNW,0.26534504,Low Risk,44,0.3333333333333333,63.75748663220597,61.7327481508255,Month-to-month,DSL,Bank transfer (automatic),54.9,2549.1
5446-DKWYW,0.23647174,Low Risk,61,0.3333333333333333,43.42428054947422,70.2597447236379,One year,DSL,Electronic check,65.2,3965.05
2034-CGRHZ,0.75039834,High Risk,24,0.6666666666666666,9.239118581732612,35.81341644128163,Month-to-month,Fiber optic,Credit card (automatic),102.95,2496.7
5797-APWZC,0.8798899,High Risk,1,0.3333333333333333,34.60391825838295,13.08883806069692,Month-to-month,Fiber optic,Electronic check,90.6,90.6
3683-QKIUE,0.52731985,Medium Risk,6,0.16666666666666666,74.90108205437164,29.467340906461082,Month-to-month,DSL,Bank transfer (automatic),50.8,288.05
4228-ZGYUW,0.87902266,High Risk,4,0.3333333333333333,46.809374089919615,14.382200439771015,Month-to-month,Fiber optic,Electronic check,90.05,368.1
9031-ZVQPT,0.12796018,Low Risk,72,0.8333333333333334,3.145664578443032,90.26865641276044,Two year,Fiber optic,Electronic check,108.2,7840.6
2990-IAJSV,0.042835243,Low Risk,72,1.0,0.0,97.85823822021484,Two year,DSL,Bank transfer (automatic),92.0,6632.75
8107-KNCIM,0.800961,High Risk,14,0.0,80.99453605766122,15.785282452901207,Month-to-month,Fiber optic,Electronic check,75.1,1013.35
9027-YFHQJ,0.30769956,Medium Risk,7,0.0,0.0,37.531688610712685,Month-to-month,No,Bank transfer (automatic),25.05,152.95
5176-LDKUH,0.2609373,Low Risk,48,0.16666666666666666,69.85094063549555,60.2864666779836,One year,Fiber optic,Electronic check,75.15,3772.65
4644-OBGFZ,0.09236254,Low Risk,55,0.0,0.0,68.29854051272073,One year,No,Mailed check,19.5,1026.35
7926-IJOOU,0.41542363,Medium Risk,1,0.0,0.0,29.645485083262123,Month-to-month,No,Credit card (automatic),19.3,19.3
6480-YAGIY,0.42600325,Medium Risk,45,1.0,0.0,67.44983911514282,One year,Fiber optic,Credit card (automatic),112.2,5031.85
4029-HPFVY,0.78477144,High Risk,3,0.0,80.99453605766122,12.011427879333496,Month-to-month,Fiber optic,Mailed check,70.3,220.4
7602-DBTOU,0.04778882,Low Risk,71,0.0,0.0,77.19389339288077,Two year,No,Mailed check,19.6,1416.5
5345-BMKWB,0.26422182,Low Risk,8,0.0,0.0,40.12224396069845,Month-to-month,No,Mailed check,20.25,158.35
3519-ZKXGG,0.85656005,High Risk,3,0.0,80.99453605766122,8.421997427940369,Month-to-month,Fiber optic,Electronic check,75.85,256.6
5457-COLHT,0.056443695,Low Risk,69,0.8333333333333334,14.221204254484661,92.59448210398355,Two year,DSL,Bank transfer (automatic),80.65,5542.55
6416-TVAIH,0.8920537,High Risk,1,0.0,80.99453605766122,5.813980499903361,Month-to-month,Fiber optic,Electronic check,68.5,68.5
5451-YHYPW,0.05280826,Low Risk,72,1.0,0.0,97.35958576202393,Two year,Fiber optic,Credit card (automatic),115.75,8443.7
5108-ADXWO,0.7423571,High Risk,11,0.16666666666666666,77.84887147921819,20.79881290594737,Month-to-month,Fiber optic,Electronic check,73.5,791.75
7998-WNZEM,0.047951527,Low Risk,71,0.8333333333333334,23.349051253702342,93.8524240255356,Two year,DSL,Bank transfer (automatic),80.6,5708.2
3066-RRJIO,0.8714222,High Risk,1,0.0,80.99453605766122,6.845558087031047,Month-to-month,Fiber optic,Mailed check,69.95,69.95
4664-NJCMS,0.062381234,Low Risk,33,0.8333333333333334,11.143595422165674,77.29760626951854,Two year,DSL,Bank transfer (automatic),59.55,2016.3
0307-BCOPK,0.08889361,Low Risk,16,0.0,0.0,52.22198704878489,One year,No,Mailed check,19.05,326.65
7629-WFGLW,0.28617838,Low Risk,56,0.6666666666666666,46.390617799278274,72.35774914423625,One year,Fiber optic,Electronic check,95.65,5471.75
2542-HYGIQ,0.55149275,Medium Risk,1,0.0,0.0,22.842029134432476,Month-to-month,No,Credit card (automatic),19.95,19.95
6715-OFDBP,0.68859553,High Risk,5,0.5,20.382714003898286,27.65355666478475,Month-to-month,DSL,Electronic check,70.05,346.4
5016-LIPDW,0.0994751,Low Risk,57,0.0,0.0,68.77624571323395,One year,No,Mailed check,19.4,1061.6
6481-LXPWL,0.1791212,Low Risk,56,0.3333333333333333,55.629736381010886,71.04394018650055,One year,DSL,Credit card (automatic),36.1,1971.5
1567-DSCIC,0.86582047,High Risk,8,0.5,32.280685127308544,20.04230995972951,Month-to-month,Fiber optic,Electronic check,94.0,773.65
2150-UWTFY,0.27695864,Low Risk,22,0.5,52.484071802567854,55.318734447161354,Month-to-month,DSL,Mailed check,61.15,1422.05
6124-ACRHJ,0.557251,Medium Risk,1,0.0,0.0,22.554117838541668,Month-to-month,No,Mailed check,19.75,19.75
9362-MWODR,0.24460015,Low Risk,40,0.5,48.40636622222627,64.43665782610574,Month-to-month,DSL,Credit card (automatic),64.1,2460.35
9975-GPKZU,0.06214271,Low Risk,46,0.0,0.0,66.05953017870586,Two year,No,Credit card (automatic),19.75,856.5
9625-RZFUK,0.052483257,Low Risk,63,0.0,0.0,73.62583696842194,Two year,No,Mailed check,19.7,1275.85
5153-LXKDT,0.20226477,Low Risk,68,0.8333333333333334,6.09345400328958,84.88676071166992,Two year,Fiber optic,Electronic check,110.2,7467.5
5161-UBZXI,0.2530313,Low Risk,69,0.8333333333333334,14.221204254484661,82.76510099569956,Two year,Fiber optic,Credit card (automatic),106.35,7261.75
1020-JPQOW,0.39667764,Medium Risk,56,0.5,49.53628237772131,63.499452670415245,Month-to-month,Fiber optic,Electronic check,90.55,5116.6
7919-ZODZZ,0.41650993,Medium Risk,10,0.5,32.588169835434954,43.341170350710556,One year,DSL,Mailed check,65.9,660.05
0565-JUPYD,0.22706585,Low Risk,63,0.8333333333333334,23.041566545575932,81.56337360541026,One year,Fiber optic,Credit card (automatic),104.5,6590.8
6867-ACCZI,0.065064415,Low Risk,24,0.8333333333333334,23.349051253702342,73.41344515482584,Two year,DSL,Mailed check,52.5,1208.15
5939-XAIXZ,0.42933717,Medium Risk,19,0.16666666666666666,66.77333180317656,39.78314280509949,Month-to-month,DSL,Mailed check,56.1,1033.9
9054-FOWNV,0.7706991,High Risk,22,0.3333333333333333,43.42428054947422,27.29837914307912,Month-to-month,Fiber optic,Electronic check,88.75,1885.15
2683-BPJSO,0.66302615,High Risk,29,0.3333333333333333,66.70527605705252,35.598692297935486,Month-to-month,Fiber optic,Electronic check,84.45,2467.1
2157-MXBJS,0.5126852,Medium Risk,13,0.5,20.382714003898286,39.782407681147255,One year,DSL,Mailed check,75.3,989.45
8207-VVMYB,0.04831376,Low Risk,70,0.0,0.0,76.75097982088724,Two year,No,Bank transfer (automatic),26.0,2006.95
9732-EQMWY,0.5990435,Medium Risk,49,0.6666666666666666,9.239118581732612,53.79782557487488,Month-to-month,Fiber optic,Electronic check,99.4,5025.0
9360-AHGNL,0.5121165,Medium Risk,43,0.8333333333333334,11.143595422165674,58.977508743604034,One year,Fiber optic,Mailed check,109.55,4830.25
1087-UDSIH,0.34833264,Medium Risk,3,0.0,0.0,33.83336782455444,Month-to-month,No,Mailed check,19.6,59.75
5269-NRGDP,0.27621382,Low Risk,42,0.6666666666666666,14.289260000608706,67.02264209588368,One year,DSL,Electronic check,73.15,3088.25
6195-MELTI,0.13905652,Low Risk,57,0.3333333333333333,63.75748663220597,73.46384147802989,One year,DSL,Mailed check,54.65,3134.7
5485-WUYWF,0.628346,High Risk,2,0.5,40.278615971031186,29.416032036145527,Month-to-month,DSL,Bank transfer (automatic),66.4,94.55
2121-JAFOM,0.05238583,Low Risk,72,1.0,0.0,97.38070964813232,Two year,Fiber optic,Credit card (automatic),115.55,8312.4
8818-DOPVL,0.7263939,High Risk,46,0.6666666666666666,9.239118581732612,46.18030607700347,Month-to-month,Fiber optic,Electronic check,104.45,4863.85
2632-UCGVD,0.55173546,Medium Risk,66,0.5,28.510464255093368,59.91322696208954,Month-to-month,Fiber optic,Credit card (automatic),100.05,6871.9
5445-PZWGX,0.2988953,Low Risk,62,0.6666666666666666,37.570255508187,74.22190169493356,One year,Fiber optic,Electronic check,102.0,6529.25
1227-UDMZR,0.039813757,Low Risk,72,1.0,0.0,98.00931215286255,Two year,DSL,Bank transfer (automatic),91.15,6637.9
5198-HQAEN,0.41775346,Medium Risk,35,0.5,40.408435378503626,53.69566043217977,One year,Fiber optic,Electronic check,89.7,3165.6
9170-CCKOU,0.5457924,Medium Risk,17,0.5,52.484071802567854,39.7937132914861,Month-to-month,Fiber optic,Credit card (automatic),90.2,1454.15
2167-FQSTQ,0.060553424,Low Risk,72,1.0,0.0,96.97232842445374,Two year,DSL,Electronic check,92.4,6786.1
2819-GWENI,0.0734462,Low Risk,28,0.0,0.0,57.99435595671336,One year,No,Mailed check,19.9,543.0
1043-YCUTE,0.08605834,Low Risk,56,0.0,0.0,69.03041740258536,Two year,No,Credit card (automatic),25.15,1327.15
3814-MLAXC,0.5506907,Medium Risk,31,0.16666666666666666,74.90108205437164,38.71546447277069,Month-to-month,Fiber optic,Credit card (automatic),79.85,2404.15
3572-UUHRS,0.07007841,Low Risk,45,0.0,0.0,65.24607837200165,One year,No,Bank transfer (automatic),18.85,867.3
2692-PFYTJ,0.5815787,Medium Risk,1,0.0,0.0,21.337733070055645,Month-to-month,No,Mailed check,25.75,25.75
1226-UDFZR,0.692209,High Risk,2,0.16666666666666666,69.85094063549555,19.556216398874916,Month-to-month,DSL,Mailed check,49.6,114.7
5955-EPOAZ,0.29339376,Low Risk,6,0.0,0.0,37.83031344413757,Month-to-month,No,Mailed check,20.95,109.5
6821-JPCDC,0.43560353,Medium Risk,48,0.6666666666666666,9.239118581732612,61.5531583627065,One year,Fiber optic,Electronic check,97.05,4692.95
8815-LMFLX,0.2127991,Low Risk,25,0.0,0.0,49.776713053385414,Month-to-month,No,Bank transfer (automatic),25.4,546.85
9135-HSWOC,0.055797234,Low Risk,64,0.0,0.0,73.87680570284525,Two year,No,Bank transfer (automatic),19.7,1274.05
8582-KRHPJ,0.29685074,Low Risk,50,0.3333333333333333,66.70527605705252,62.65746295452117,Month-to-month,DSL,Mailed check,35.0,1782.4
5811-IWXYM,0.37746248,Medium Risk,52,0.5,20.382714003898286,62.79354135195414,One year,Fiber optic,Bank transfer (automatic),101.25,5301.1
7044-YAACC,0.8040542,High Risk,4,0.0,80.99453605766122,11.463956634203592,Month-to-month,Fiber optic,Electronic check,70.2,280.35
8189-XRIKE,0.6527206,High Risk,32,0.3333333333333333,34.60391825838295,37.36397147178649,Month-to-month,Fiber optic,Electronic check,90.95,2897.95
1506-YJTYT,0.061577782,Low Risk,45,0.6666666666666666,37.26277080006059,79.00444348653157,Two year,DSL,Credit card (automatic),73.85,3371.0
4123-DVHPH,0.7899062,High Risk,9,0.3333333333333333,54.80730493364226,20.921356479326885,Month-to-month,Fiber optic,Electronic check,88.05,801.3
6425-YQLLO,0.4615074,Medium Risk,66,0.6666666666666666,14.289260000608706,67.7579613526662,One year,Fiber optic,Credit card (automatic),105.95,6975.25
5442-UTCVD,0.8325405,High Risk,3,0.3333333333333333,43.73176525760063,16.28964106241862,Month-to-month,Fiber optic,Electronic check,91.85,257.05
2228-BZDEE,0.06736168,Low Risk,54,0.0,0.0,69.13191437721252,Two year,No,Mailed check,20.1,1079.45
7734-DBOAI,0.7149069,High Risk,1,0.3333333333333333,51.5520308006693,21.33798976739248,Month-to-month,DSL,Electronic check,40.1,40.1
2789-CZANW,0.13303694,Low Risk,64,0.8333333333333334,14.221204254484661,86.68148477872212,Two year,Fiber optic,Bank transfer (automatic),110.3,6997.3
2091-RFFBA,0.70797586,High Risk,31,0.0,80.99453605766122,27.517873446146645,Month-to-month,Fiber optic,Electronic check,73.9,2217.15
2114-MGINA,0.79189456,High Risk,14,0.3333333333333333,34.60391825838295,22.905272245407104,Month-to-month,Fiber optic,Mailed check,89.8,1129.1
7596-LDUXP,0.33435944,Medium Risk,12,0.3333333333333333,54.49982022551585,44.948696295420326,One year,Fiber optic,Credit card (automatic),85.15,979.05
3740-RLMVT,0.11526037,Low Risk,67,0.5,60.611822053762936,82.15364853541057,One year,DSL,Bank transfer (automatic),60.95,4119.4
4489-SNOJF,0.32077268,Medium Risk,35,0.6666666666666666,34.18516196774161,61.87803427378336,Month-to-month,DSL,Electronic check,72.25,2568.55
2192-OZITF,0.06387496,Low Risk,45,0.5,48.71385093035268,75.55625200271606,Two year,DSL,Mailed check,73.55,3349.1
5651-CPDND,0.3968331,Medium Risk,10,0.0,80.99453605766122,34.32501355806987,Month-to-month,DSL,Mailed check,46.0,492.1
2186-QZEYA,0.3193874,Medium Risk,29,0.3333333333333333,66.70527605705252,52.7806282043457,Month-to-month,DSL,Bank transfer (automatic),58.55,1718.95
1131-ALZWV,0.10708113,Low Risk,24,0.0,0.0,54.645944237709045,One year,No,Bank transfer (automatic),24.6,605.25
7729-XBTWX,0.05446098,Low Risk,66,0.0,0.0,74.77694988250731,Two year,No,Mailed check,19.75,1344.5
9134-WYRVP,0.15407816,Low Risk,51,0.3333333333333333,54.49982022551585,70.21276036898296,One year,Fiber optic,Mailed check,86.35,4267.15
3284-SVCRO,0.059895355,Low Risk,45,0.0,0.0,65.75523316860199,Two year,No,Mailed check,25.5,1121.05
9732-OUYRN,0.07406506,Low Risk,49,0.0,0.0,66.7134122053782,One year,No,Credit card (automatic),19.0,918.7
0559-CKHUS,0.058550246,Low Risk,29,0.0,0.0,59.15582140286764,Two year,No,Mailed check,19.55,521.8
2931-SVLTV,0.51603454,Medium Risk,40,0.8333333333333334,14.221204254484661,57.53160615762074,Month-to-month,Fiber optic,Credit card (automatic),110.1,4469.1
6899-PPEEA,0.75862134,High Risk,37,0.3333333333333333,34.60391825838295,34.15226658185323,Month-to-month,Fiber optic,Electronic check,96.55,3580.3
7504-UWHNB,0.5814711,Medium Risk,25,0.0,80.99453605766122,31.34311238924662,Month-to-month,Fiber optic,Electronic check,69.75,1729.35
2582-FFFZR,0.66845053,High Risk,22,0.5,20.382714003898286,35.74413994948069,Month-to-month,DSL,Electronic check,50.6,1073.3
8908-NMQTX,0.047118966,Low Risk,72,1.0,0.0,97.64405190944672,Two year,DSL,Bank transfer (automatic),65.6,4566.5
2187-LZGPL,0.5840012,Medium Risk,7,0.3333333333333333,46.809374089919615,30.383274157842,Month-to-month,DSL,Credit card (automatic),40.1,293.3
1431-AIDJQ,0.060341142,Low Risk,33,0.8333333333333334,3.145664578443032,77.3996106783549,Two year,DSL,Credit card (automatic),82.1,2603.1
6288-LBEAR,0.52718025,Medium Risk,23,0.3333333333333333,63.75748663220597,39.890987277030945,Month-to-month,Fiber optic,Mailed check,79.1,1783.75
4597-NUCQV,0.8134003,High Risk,24,0.5,23.460322836217273,29.329983592033383,Month-to-month,Fiber optic,Electronic check,101.25,2440.15
9019-QVLZD,0.8803152,High Risk,1,0.16666666666666666,57.64548480395888,9.734240770339966,Month-to-month,Fiber optic,Electronic check,79.55,79.55
8413-YNHNV,0.05204205,Low Risk,69,1.0,0.0,96.14789664745331,Two year,DSL,Mailed check,90.65,6322.1
5808-TOTXO,0.1525522,Low Risk,3,0.0,0.0,43.62239062786102,One year,No,Credit card (automatic),20.55,57.4
4369-NYSCF,0.23851117,Low Risk,56,0.6666666666666666,17.366868832927693,74.7411064306895,One year,DSL,Bank transfer (automatic),75.75,4284.65
6333-YDVLT,0.4094537,Medium Risk,65,0.8333333333333334,11.143595422165674,73.27731549739838,One year,Fiber optic,Credit card (automatic),110.0,7138.65
5324-KTGCG,0.104473636,Low Risk,71,0.0,0.0,74.3596508105596,One year,No,Electronic check,20.85,1539.75
5599-HVLTW,0.7504567,High Risk,14,0.16666666666666666,66.77333180317656,21.643832127253216,Month-to-month,Fiber optic,Bank transfer (automatic),80.35,1058.1
7394-LWLYN,0.8145829,High Risk,2,0.0,80.99453605766122,10.104189117749533,Month-to-month,Fiber optic,Electronic check,70.15,123.8
3707-LRWZD,0.43331343,Medium Risk,32,0.16666666666666666,57.64548480395888,45.0009951988856,One year,Fiber optic,Electronic check,84.05,2781.85
6873-UDNLD,0.2997905,Low Risk,40,0.5,40.586100679157596,61.677141586939484,Month-to-month,DSL,Electronic check,67.45,2731.0
2700-LUEVA,0.54533654,Medium Risk,1,0.0,0.0,23.149839440981548,Month-to-month,No,Credit card (automatic),20.75,20.75
1455-ESIQH,0.90408045,High Risk,1,0.3333333333333333,34.60391825838295,11.879310806592306,Month-to-month,Fiber optic,Electronic check,89.1,89.1
0958-YHXGP,0.7484656,High Risk,7,0.0,80.99453605766122,15.493386785189312,Month-to-month,Fiber optic,Mailed check,69.9,497.3
1101-SSWAG,0.6177007,High Risk,15,0.0,80.99453605766122,25.364965200424194,Month-to-month,DSL,Electronic check,51.1,711.15
2979-SXESE,0.7139481,High Risk,17,0.5,40.278615971031186,31.385929783185322,Month-to-month,Fiber optic,Electronic check,94.4,1607.2
4013-TLDHQ,0.7413233,High Risk,19,0.3333333333333333,55.629736381010886,27.51716872056325,Month-to-month,Fiber optic,Electronic check,78.25,1490.95
5743-KHMNA,0.04582272,Low Risk,71,0.0,0.0,77.29219635327658,Two year,No,Bank transfer (automatic),25.55,1898.1
4194-FJARJ,0.058268394,Low Risk,54,0.3333333333333333,71.75541747592861,76.2532482544581,Two year,DSL,Bank transfer (automatic),60.0,3273.95
5325-UWTWJ,0.42005605,Medium Risk,31,0.5,60.611822053762936,51.913864413897194,Month-to-month,Fiber optic,Credit card (automatic),90.55,2929.75
3969-GYXEL,0.65181553,High Risk,11,0.16666666666666666,77.84887147921819,25.325889984766643,Month-to-month,Fiber optic,Electronic check,76.4,838.7
9208-OLGAQ,0.7618288,High Risk,18,0.3333333333333333,43.73176525760063,26.0752276579539,Month-to-month,Fiber optic,Electronic check,84.95,1443.65
3244-CQPHU,0.140306,Low Risk,72,0.8333333333333334,14.221204254484661,89.65136686960858,Two year,Fiber optic,Bank transfer (automatic),110.1,7746.7
2674-MLXMN,0.4838956,Medium Risk,71,0.5,23.460322836217273,65.38855334122977,Month-to-month,Fiber optic,Credit card (automatic),99.65,6951.15
9708-HPXWZ,0.59185296,Medium Risk,5,0.5,37.33082654618464,32.490685184796654,Month-to-month,DSL,Credit card (automatic),45.4,214.75
6992-TKNYO,0.2289806,Low Risk,38,0.5,37.63831125431105,64.38430329163869,One year,DSL,Credit card (automatic),69.0,2669.45
4468-YDOVK,0.54878086,Medium Risk,5,0.16666666666666666,74.90108205437164,27.977623740832016,Month-to-month,DSL,Bank transfer (automatic),48.65,235.2
3754-DXMRT,0.7984741,High Risk,2,0.0,80.99453605766122,10.909629662831625,Month-to-month,DSL,Electronic check,44.15,92.65
5792-JALQC,0.09586358,Low Risk,52,0.3333333333333333,63.62766722473353,73.54015429814656,Two year,DSL,Bank transfer (automatic),59.85,3103.25
7130-VTEWQ,0.83441436,High Risk,8,0.0,80.99453605766122,11.612615187962849,Month-to-month,Fiber optic,Electronic check,75.75,606.25
2200-DSAAL,0.21342766,Low Risk,68,0.6666666666666666,9.239118581732612,80.99528352419534,Two year,DSL,Electronic check,80.65,5330.2
4302-ZYFEL,0.07195196,Low Risk,69,0.0,0.0,75.1524007320404,One year,No,Credit card (automatic),20.55,1403.1
9351-LZYGF,0.24715163,Low Risk,42,0.5,60.611822053762936,65.14241933822632,Month-to-month,DSL,Credit card (automatic),66.4,2727.8
4366-CTOUZ,0.15369895,Low Risk,50,0.6666666666666666,17.366868832927693,76.481720606486,Two year,Fiber optic,Mailed check,100.2,5038.45
6121-VZNQB,0.5315785,Medium Risk,1,0.0,0.0,23.83774260679881,Month-to-month,No,Mailed check,19.1,19.1
7903-CMPEY,0.86774474,High Risk,1,0.16666666666666666,77.84887147921819,10.362762808799744,Month-to-month,Fiber optic,Electronic check,80.3,80.3
1518-OMDIK,0.29480046,Low Risk,33,0.0,80.99453605766122,49.009976983070366,Month-to-month,DSL,Credit card (automatic),44.55,1462.6
6671-NGWON,0.26623857,Low Risk,7,0.0,0.0,39.60473815600077,Month-to-month,No,Mailed check,20.35,150.6
0595-ITUDF,0.38350868,Medium Risk,64,0.5,52.484071802567854,67.49123255411783,Month-to-month,Fiber optic,Electronic check,91.8,5960.5
6996-KNSML,0.8947297,High Risk,1,0.16666666666666666,66.77333180317656,9.013516306877136,Month-to-month,Fiber optic,Electronic check,74.9,74.9
1955-IBMMB,0.057957254,Low Risk,59,0.0,0.0,71.68547173341115,Two year,No,Bank transfer (automatic),20.2,1192.3
0096-BXERS,0.62241554,High Risk,6,0.0,80.99453605766122,21.379222869873047,Month-to-month,DSL,Electronic check,50.35,314.55
3806-YAZOV,0.25025746,Low Risk,3,0.0,0.0,38.737125396728516,Month-to-month,No,Mailed check,18.8,56.0
7998-ZLXWN,0.24181475,Low Risk,15,0.0,0.0,44.159263372421265,Month-to-month,No,Credit card (automatic),20.45,330.8
6253-WRFHY,0.48868725,Medium Risk,13,0.3333333333333333,34.60391825838295,37.64896949132283,One year,DSL,Electronic check,64.75,877.35
9133-AYJZG,0.7315093,High Risk,23,0.5,23.460322836217273,33.00786693890889,Month-to-month,Fiber optic,Credit card (automatic),98.7,2249.1
2675-OTVVJ,0.5875032,Medium Risk,31,0.3333333333333333,54.49982022551585,40.20817359288533,Month-to-month,Fiber optic,Electronic check,89.45,2807.65
8680-CGLTP,0.17702046,Low Risk,29,0.5,60.611822053762936,63.23231180508932,One year,DSL,Electronic check,58.75,1696.2
8430-TWCBX,0.07909476,Low Risk,49,0.0,0.0,66.46192828814188,One year,No,Credit card (automatic),20.7,1032.05
5018-GWURO,0.45737895,Medium Risk,56,0.16666666666666666,57.64548480395888,53.79771749178569,Month-to-month,Fiber optic,Bank transfer (automatic),85.6,4902.8
6741-QRLUP,0.07990012,Low Risk,63,0.8333333333333334,23.349051253702342,88.92165939013164,Two year,DSL,Credit card (automatic),80.3,4995.35
4737-HOBAX,0.11512475,Low Risk,63,0.6666666666666666,14.289260000608706,83.82709523042043,Two year,DSL,Credit card (automatic),79.8,5034.05
0537-QYZZN,0.6854475,High Risk,24,0.16666666666666666,77.84887147921819,29.060957630475357,Month-to-month,Fiber optic,Electronic check,79.85,1857.75
3340-QBBFM,0.15493232,Low Risk,36,0.3333333333333333,60.67987779988698,63.92005066076914,One year,DSL,Credit card (automatic),54.1,1992.85
1704-NRWYE,0.8158575,High Risk,9,0.16666666666666666,57.64548480395888,16.290456851323444,Month-to-month,Fiber optic,Electronic check,80.85,751.65
2592-SEIFQ,0.70502317,High Risk,3,0.0,80.99453605766122,15.998841524124147,Month-to-month,DSL,Electronic check,24.75,66.95
8200-KLNYW,0.27602303,Low Risk,21,0.8333333333333334,11.143595422165674,61.61551515261332,One year,DSL,Mailed check,80.9,1714.95
3372-CDXFJ,0.14094974,Low Risk,13,0.0,0.0,48.36918036142985,One year,No,Bank transfer (automatic),24.5,343.6
4781-ZXYGU,0.6456106,High Risk,1,0.0,0.0,18.13613812128703,Month-to-month,No,Bank transfer (automatic),20.15,20.15
7632-YUTXB,0.07891963,Low Risk,25,0.0,0.0,56.47068421045939,One year,No,Mailed check,20.05,520.1
2718-YSKCS,0.04655352,Low Risk,71,0.0,0.0,77.25565870602927,Two year,No,Bank transfer (automatic),19.6,1387.45
9896-UYMIE,0.38231894,Medium Risk,66,1.0,0.0,78.384051322937,One year,Fiber optic,Bank transfer (automatic),114.3,7383.7
0853-NWIFK,0.41355324,Medium Risk,45,0.6666666666666666,20.31465825777424,61.405671437581375,One year,Fiber optic,Electronic check,100.3,4483.95
8212-CRQXP,0.6252242,High Risk,22,0.16666666666666666,57.64548480395888,31.238791346549988,Month-to-month,Fiber optic,Credit card (automatic),80.0,1706.45
6980-CDGFC,0.08497085,Low Risk,67,0.0,0.0,73.66812507311504,One year,No,Bank transfer (automatic),20.85,1327.4
7691-XVTZH,0.13336824,Low Risk,68,0.3333333333333333,43.42428054947422,78.33158731460571,Two year,Fiber optic,Bank transfer (automatic),89.95,5974.3
2520-SGTTA,0.08730896,Low Risk,0,0.0,0.0,45.63455283641815,Two year,No,Mailed check,20.0,0.0
7481-ATQQS,0.6049484,High Risk,49,0.3333333333333333,43.73176525760063,46.83591326077779,Month-to-month,Fiber optic,Credit card (automatic),90.85,4515.85
2277-VWCNI,0.63282365,High Risk,4,0.0,80.99453605766122,20.025484363238018,Month-to-month,DSL,Mailed check,48.75,179.85
1088-CNNKB,0.20211957,Low Risk,63,0.8333333333333334,23.349051253702342,82.81068722407024,One year,DSL,Credit card (automatic),80.0,5040.2
8642-GVWRF,0.78380567,High Risk,2,0.3333333333333333,55.629736381010886,18.30971658229828,Month-to-month,Fiber optic,Bank transfer (automatic),79.7,165.0
1930-BZLHI,0.09129335,Low Risk,21,0.0,0.0,54.185333251953125,One year,No,Mailed check,20.35,422.7
3400-ESFUW,0.052951287,Low Risk,55,0.5,60.611822053762936,80.26910285154977,Two year,DSL,Bank transfer (automatic),57.55,3046.4
5868-YTYKS,0.5861211,Medium Risk,1,0.0,0.0,21.110612551371258,Month-to-month,No,Mailed check,20.25,20.25
3525-DVKFN,0.06924564,Low Risk,17,0.0,0.0,53.621051510175064,Two year,No,Mailed check,19.4,358.05
1482-OXZSY,0.6383089,High Risk,30,0.5,31.458253679939915,40.584555864334106,Month-to-month,Fiber optic,Bank transfer (automatic),100.4,2936.25
0377-JBKKT,0.28428525,Low Risk,22,0.5,60.611822053762936,54.9524043003718,Month-to-month,DSL,Mailed check,57.95,1271.8
5778-BVOFB,0.4475984,Medium Risk,9,0.3333333333333333,51.5520308006693,38.036746780077614,Month-to-month,DSL,Bank transfer (automatic),59.5,530.05
3373-YZZYM,0.3859557,Medium Risk,1,0.0,0.0,31.118882099787392,Month-to-month,No,Mailed check,19.2,19.2
2057-ZBLPD,0.76395375,High Risk,21,0.16666666666666666,57.95296951208529,23.885646065076195,Month-to-month,Fiber optic,Electronic check,86.5,1808.7
0228-MAUWC,0.4607989,Medium Risk,19,0.3333333333333333,60.67987779988698,41.54339035352071,Month-to-month,DSL,Electronic check,59.55,1144.6
5502-RLUYV,0.6460874,High Risk,69,0.6666666666666666,9.239118581732612,59.778962930043534,Month-to-month,Fiber optic,Electronic check,103.95,7446.9
0023-HGHWL,0.8399739,High Risk,1,0.0,80.99453605766122,8.417970339457193,Month-to-month,DSL,Electronic check,25.1,25.1
7663-YJHSN,0.09662166,Low Risk,72,0.8333333333333334,23.041566545575932,91.83558503786725,Two year,Fiber optic,Bank transfer (automatic),103.95,7556.9
4915-BFSXL,0.11430233,Low Risk,70,0.5,40.278615971031186,83.4515498081843,Two year,DSL,Credit card (automatic),68.95,4858.7
3086-RUCRN,0.3464169,Medium Risk,66,0.8333333333333334,23.349051253702342,76.8458221356074,Month-to-month,Fiber optic,Bank transfer (automatic),103.1,6595.0
5215-LNLDJ,0.6257484,High Risk,7,0.0,80.99453605766122,21.629246870676678,Month-to-month,DSL,Electronic check,24.7,149.05
7576-JMYWV,0.5099622,Medium Risk,46,0.8333333333333334,14.221204254484661,60.33522327740988,Month-to-month,Fiber optic,Electronic check,110.2,4972.1
9039-RBEEE,0.27424854,Low Risk,39,0.6666666666666666,37.26277080006059,65.87090631326039,Month-to-month,DSL,Credit card (automatic),48.95,1880.85
0257-KXZGU,0.273644,Low Risk,32,0.3333333333333333,55.629736381010886,56.317801475524895,Month-to-month,DSL,Bank transfer (automatic),62.45,2045.55
1307-ATKGB,0.7070688,High Risk,24,0.5,32.588169835434954,34.64655995368957,Month-to-month,Fiber optic,Electronic check,89.55,2187.15
8417-FMLZI,0.81518155,High Risk,6,0.3333333333333333,46.809374089919615,18.407588998476665,Month-to-month,Fiber optic,Credit card (automatic),83.55,477.55
3714-XPXBW,0.2445311,Low Risk,37,0.8333333333333334,23.041566545575932,69.85677858193715,Month-to-month,DSL,Credit card (automatic),78.9,2976.95
1850-AKQEP,0.25006893,Low Risk,8,0.0,0.0,40.82988818486532,Month-to-month,No,Mailed check,20.35,178.7
2824-DXNKN,0.07636387,Low Risk,72,0.5,40.278615971031186,86.18180692195892,Two year,DSL,Bank transfer (automatic),71.45,5025.85
5227-JSCFE,0.06374345,Low Risk,71,0.6666666666666666,46.390617799278274,89.72949306170146,Two year,DSL,Credit card (automatic),46.35,3353.4
0848-ZGQIJ,0.73947585,High Risk,16,0.5,23.460322836217273,29.692874352137245,Month-to-month,Fiber optic,Bank transfer (automatic),94.65,1461.15
3621-CHYVB,0.23097049,Low Risk,57,0.6666666666666666,34.492646675868016,75.53480823834737,Month-to-month,DSL,Bank transfer (automatic),49.9,2782.4
8042-RNLKO,0.0929825,Low Risk,66,0.0,0.0,72.85087347030638,One year,No,Bank transfer (automatic),25.45,1699.15
1792-UXAFY,0.7761166,High Risk,17,0.5,32.280685127308544,28.27750285466512,Month-to-month,Fiber optic,Electronic check,89.15,1496.9
5372-FBKBN,0.16949971,Low Risk,21,0.0,0.0,50.275015234947205,Month-to-month,No,Mailed check,20.75,452.2
0420-TXVSG,0.0656806,Low Risk,66,0.5,52.484071802567854,84.21596884727477,Two year,DSL,Credit card (automatic),66.1,4428.45
6217-TOWGS,0.40306732,Medium Risk,17,0.5,23.460322836217273,46.92996581395467,Month-to-month,DSL,Bank transfer (automatic),75.4,1322.55
0515-YPMCW,0.86557156,High Risk,1,0.0,80.99453605766122,7.138088742891948,Month-to-month,Fiber optic,Mailed check,70.45,70.45
0378-XSZPU,0.12353256,Low Risk,58,0.5,52.484071802567854,77.99003998438518,One year,DSL,Credit card (automatic),60.3,3563.8
1045-LTCYT,0.28799948,Low Risk,8,0.0,0.0,38.93335779507955,Month-to-month,No,Credit card (automatic),21.05,139.75
1544-JJMYL,0.12964872,Low Risk,27,0.6666666666666666,34.18516196774161,68.10089906056722,One year,DSL,Credit card (automatic),69.35,1927.3
4636-JGAAI,0.53641933,Medium Risk,34,0.3333333333333333,46.809374089919615,44.01236673196156,Month-to-month,Fiber optic,Mailed check,88.85,3000.25
6874-SGLHU,0.49521223,Medium Risk,30,0.5,23.460322836217273,47.7393901348114,One year,Fiber optic,Bank transfer (automatic),97.0,3021.3
5951-AOFIH,0.3002238,Medium Risk,33,0.5,32.280685127308544,58.738808631896966,Month-to-month,DSL,Credit card (automatic),66.4,2245.4
4729-XKASR,0.7437295,High Risk,1,0.0,80.99453605766122,13.2301930586497,Month-to-month,DSL,Electronic check,24.75,24.75
3059-NGMXB,0.3167589,Medium Risk,14,0.5,43.66370951147658,49.995389779408775,Month-to-month,DSL,Mailed check,69.2,944.65
8652-YHIYU,0.26899353,Low Risk,16,0.16666666666666666,74.90108205437164,46.55032515525818,One year,Fiber optic,Credit card (automatic),79.5,1264.2
5278-PNYOX,0.16213484,Low Risk,49,0.6666666666666666,14.289260000608706,75.64325869083403,Two year,Fiber optic,Credit card (automatic),100.65,4917.75
5449-FIBXJ,0.7307434,High Risk,19,0.6666666666666666,14.289260000608706,34.71282958984375,Month-to-month,Fiber optic,Electronic check,103.3,2012.7
3486-HOOGQ,0.06484629,Low Risk,70,0.8333333333333334,23.041566545575932,92.5910194714864,Two year,DSL,Bank transfer (automatic),79.7,5743.3
5061-PBXFW,0.21686116,Low Risk,32,0.5,60.611822053762936,62.490276892979935,Month-to-month,DSL,Bank transfer (automatic),61.4,1864.65
8630-FJLIB,0.7224111,High Risk,18,0.0,80.99453605766122,21.37944519519806,Month-to-month,Fiber optic,Electronic check,69.8,1221.65
3891-NLXJB,0.06339936,Low Risk,37,0.5,60.611822053762936,72.24669794241588,Two year,DSL,Mailed check,40.55,1390.85
4749-OJKQU,0.84592366,High Risk,4,0.0,80.99453605766122,9.370483557383219,Month-to-month,Fiber optic,Electronic check,75.65,302.35
0577-WHMEV,0.6328098,High Risk,16,0.5,52.484071802567854,35.02617577711741,Month-to-month,Fiber optic,Electronic check,90.7,1374.9
5453-AXEPF,0.6445601,High Risk,17,0.16666666666666666,69.85094063549555,28.188661734263103,Month-to-month,Fiber optic,Bank transfer (automatic),80.5,1336.9
3639-XJHKQ,0.42576343,Medium Risk,19,0.5,52.484071802567854,46.62849525610606,Month-to-month,DSL,Electronic check,60.6,1297.8
3716-LRGXK,0.14628479,Low Risk,60,0.5,20.382714003898286,77.6857590675354,Two year,Fiber optic,Credit card (automatic),101.15,6067.4
2263-SFSQZ,0.063710585,Low Risk,51,0.0,0.0,68.06447148323059,Two year,No,Mailed check,24.95,1222.25
9950-MTGYX,0.053504962,Low Risk,28,0.0,0.0,58.99141947428386,Two year,No,Credit card (automatic),20.3,487.95
3397-AVTKU,0.11783835,Low Risk,43,0.3333333333333333,46.809374089919615,68.69141419728597,Two year,DSL,Electronic check,60.0,2548.55
4825-FUREZ,0.059986025,Low Risk,42,0.0,0.0,64.50070023536682,Two year,No,Electronic check,20.25,835.5
9837-BMCLM,0.8425211,High Risk,3,0.16666666666666666,57.64548480395888,12.457279761632284,Month-to-month,Fiber optic,Electronic check,78.5,242.05
2672-OJQZP,0.6933994,High Risk,1,0.0,80.99453605766122,15.746695200602215,Month-to-month,DSL,Mailed check,44.75,44.75
0137-UDEUO,0.35075432,Medium Risk,3,0.0,0.0,33.712283968925476,Month-to-month,No,Mailed check,19.85,63.75
3134-DSHVC,0.098581254,Low Risk,63,0.6666666666666666,29.135020548865512,84.65427060921986,Two year,Fiber optic,Credit card (automatic),98.0,6218.45
6161-UUUTA,0.8472923,High Risk,3,0.16666666666666666,57.64548480395888,12.21871813138326,Month-to-month,Fiber optic,Electronic check,79.9,260.9
7821-DPRQE,0.44484937,Medium Risk,68,0.8333333333333334,14.221204254484661,72.75753140449524,Month-to-month,Fiber optic,Electronic check,107.7,7320.9
6543-XRMYR,0.7621292,High Risk,30,0.5,23.460322836217273,34.39354062080383,Month-to-month,Fiber optic,Electronic check,99.7,2967.35
2001-EWBQU,0.30973652,Medium Risk,60,0.6666666666666666,9.239118581732612,72.84650882085164,Two year,Fiber optic,Electronic check,104.7,6333.8
4925-LMHOK,0.4346874,Medium Risk,15,0.3333333333333333,63.75748663220597,41.18229786554972,Month-to-month,DSL,Credit card (automatic),58.6,939.7
1608-GMEWB,0.66905725,High Risk,45,0.3333333333333333,34.60391825838295,41.963804165522255,Month-to-month,Fiber optic,Bank transfer (automatic),93.9,4200.25
6695-AMZUF,0.053861905,Low Risk,70,1.0,0.0,96.47357086340587,Two year,DSL,Credit card (automatic),86.45,5950.2
1455-UGQVH,0.8807762,High Risk,10,0.5,20.382714003898286,20.12785534063975,Month-to-month,Fiber optic,Electronic check,98.5,1037.75
8410-BGQXN,0.26390624,Low Risk,4,0.0,0.0,38.47135464350382,Month-to-month,No,Mailed check,19.4,93.4
8280-MQRQN,0.7588954,High Risk,1,0.16666666666666666,66.77333180317656,15.805230140686035,Month-to-month,DSL,Mailed check,50.45,50.45
1619-YWUBB,0.052159354,Low Risk,68,0.0,0.0,75.72536488374074,Two year,No,Credit card (automatic),24.95,1614.9
7611-YKYTC,0.45991215,Medium Risk,22,0.16666666666666666,77.84887147921819,39.50439095497131,Month-to-month,Fiber optic,Bank transfer (automatic),75.0,1573.95
2037-SGXHH,0.6955444,High Risk,38,0.5,32.280685127308544,41.056112249692276,Month-to-month,Fiber optic,Electronic check,94.65,3624.3
3178-FESZO,0.9046303,High Risk,1,0.5,23.460322836217273,15.185151497522991,Month-to-month,Fiber optic,Credit card (automatic),100.25,100.25
0365-GXEZS,0.6014401,High Risk,18,0.3333333333333333,60.67987779988698,34.0946630636851,Month-to-month,Fiber optic,Electronic check,78.2,1468.75
0082-OQIQY,0.67914265,High Risk,29,0.5,28.510464255093368,38.12620063622793,Month-to-month,Fiber optic,Electronic check,94.2,2607.6
6087-MVHJH,0.7958763,High Risk,16,0.3333333333333333,43.73176525760063,23.539517124493912,Month-to-month,Fiber optic,Electronic check,88.45,1422.1
4603-JANFB,0.89412373,High Risk,1,0.0,80.99453605766122,5.710480014483134,Month-to-month,Fiber optic,Electronic check,69.85,69.85
3018-TFTSU,0.6125414,High Risk,12,0.3333333333333333,63.62766722473353,31.03959778944651,Month-to-month,Fiber optic,Bank transfer (automatic),81.7,858.6
3606-SBKRY,0.36938,Medium Risk,31,0.5,20.382714003898286,54.447666803995766,One year,DSL,Electronic check,50.05,1523.4
4806-KEXQR,0.84439635,High Risk,4,0.16666666666666666,57.95296951208529,12.780182361602781,Month-to-month,Fiber optic,Electronic check,79.9,324.3
0667-NSRGI,0.23156011,Low Risk,48,0.5,37.63831125431105,68.42199444770813,One year,DSL,Mailed check,69.55,3435.6
7083-YNSKY,0.32409692,Medium Risk,15,0.0,0.0,40.045154094696045,Month-to-month,No,Credit card (automatic),25.4,399.6
6893-ODYYE,0.15083387,Low Risk,50,0.6666666666666666,46.390617799278274,76.62497440973917,One year,Fiber optic,Credit card (automatic),90.1,4549.45
8242-JSVBO,0.5109527,Medium Risk,7,0.0,80.99453605766122,27.369031111399334,Month-to-month,DSL,Bank transfer (automatic),44.65,322.5
2479-BRAMR,0.52443165,Medium Risk,41,0.3333333333333333,63.62766722473353,47.528417706489556,Month-to-month,Fiber optic,Bank transfer (automatic),83.75,3273.55
9541-ZPSEA,0.09503208,Low Risk,68,0.3333333333333333,63.62766722473353,80.24839520454407,Two year,Fiber optic,Credit card (automatic),80.35,5375.15
2665-NPTGL,0.73200613,High Risk,26,0.5,20.382714003898286,34.23302670319875,Month-to-month,Fiber optic,Bank transfer (automatic),98.1,2510.7
1139-WUOAH,0.07481264,Low Risk,57,0.6666666666666666,14.289260000608706,83.34270079930623,Two year,DSL,Credit card (automatic),53.35,3090.05
4693-VWVBO,0.35954925,Medium Risk,3,0.0,0.0,33.27253580093384,Month-to-month,No,Electronic check,19.55,61.05
7434-SHXLS,0.62249815,High Risk,1,0.0,0.0,19.29175893465678,Month-to-month,No,Mailed check,20.9,20.9
6937-GCDGQ,0.22166918,Low Risk,19,0.16666666666666666,77.84887147921819,50.16654014587403,One year,DSL,Bank transfer (automatic),48.95,955.6
0988-JRWWP,0.74313027,High Risk,3,0.16666666666666666,57.64548480395888,17.426820000012714,Month-to-month,DSL,Electronic check,54.2,140.4
5075-JSDKI,0.069792494,Low Risk,59,0.0,0.0,71.09370787938435,Two year,No,Electronic check,24.45,1493.1
7908-QCBCA,0.87451386,High Risk,1,0.0,80.99453605766122,6.690973440806071,Month-to-month,Fiber optic,Mailed check,69.4,69.4
8644-XYTSV,0.33304936,Medium Risk,42,0.3333333333333333,54.49982022551585,57.51419881979625,Month-to-month,DSL,Bank transfer (automatic),40.15,1626.05
6711-FLDFB,0.8395915,High Risk,7,0.0,80.99453605766122,10.93709150950114,Month-to-month,Fiber optic,Electronic check,74.9,541.15
3873-WOSBC,0.047819577,Low Risk,67,0.0,0.0,75.52568892637889,Two year,No,Credit card (automatic),25.6,1784.9
7465-ZZRVX,0.88989013,High Risk,1,0.0,80.99453605766122,5.9221599499384565,Month-to-month,Fiber optic,Electronic check,70.35,70.35
7975-JMZNT,0.061865695,Low Risk,66,1.0,0.0,94.40671563148497,Two year,DSL,Bank transfer (automatic),91.7,6075.9
7251-XFOIL,0.38494942,Medium Risk,61,0.3333333333333333,43.73176525760063,62.83586104710896,Month-to-month,Fiber optic,Mailed check,89.2,5500.6
4116-IQRFR,0.17313989,Low Risk,4,0.0,0.0,43.009673158327736,One year,No,Credit card (automatic),24.1,73.1
3714-JTVOV,0.5197994,Medium Risk,42,0.16666666666666666,77.84887147921819,44.84336276849111,Month-to-month,Fiber optic,Credit card (automatic),74.15,3229.4
8259-DZLIZ,0.12753348,Low Risk,64,0.16666666666666666,69.85094063549555,73.6233252286911,One year,DSL,Bank transfer (automatic),53.85,3399.85
0442-ZXKVS,0.40270603,Medium Risk,54,1.0,0.0,72.36469864845276,One year,Fiber optic,Bank transfer (automatic),115.6,6431.05
7853-WNZSY,0.57860756,Medium Risk,1,0.0,0.0,21.48628870646159,Month-to-month,No,Credit card (automatic),19.75,19.75
3120-FAZKD,0.06180713,Low Risk,54,0.0,0.0,69.40964221954346,Two year,No,Bank transfer (automatic),24.05,1230.9
8606-OEGQZ,0.07906821,Low Risk,18,0.0,0.0,53.546590805053704,Two year,No,Credit card (automatic),25.3,454.65
0225-ZORZP,0.77601665,High Risk,3,0.3333333333333333,46.809374089919615,19.11583403746287,Month-to-month,Fiber optic,Electronic check,84.3,235.05
4702-IOQDC,0.89121884,High Risk,1,0.0,80.99453605766122,5.855724612871806,Month-to-month,Fiber optic,Electronic check,70.1,70.1
9489-JMTTN,0.04038968,Low Risk,72,1.0,0.0,97.98051714897156,Two year,DSL,Credit card (automatic),89.75,6595.9
0575-CUQOV,0.47267625,Medium Risk,60,0.6666666666666666,9.239118581732612,64.6995194753011,One year,Fiber optic,Electronic check,97.95,5867.0
0967-BMLBD,0.1625267,Low Risk,11,0.0,0.0,46.45699699719747,One year,No,Mailed check,20.0,196.35
6178-KFNHS,0.76300025,High Risk,12,0.16666666666666666,77.84887147921819,20.183320840199787,Month-to-month,Fiber optic,Electronic check,78.3,909.25
2830-LEWOA,0.34844324,Medium Risk,61,0.8333333333333334,3.145664578443032,74.66116984685263,One year,Fiber optic,Credit card (automatic),103.9,6449.15
5006-MXVRN,0.058404144,Low Risk,39,0.0,0.0,63.329792618751526,Two year,No,Credit card (automatic),20.7,762.45
1264-BYWMS,0.71858597,High Risk,55,0.3333333333333333,34.60391825838295,43.65403493245442,Month-to-month,Fiber optic,Electronic check,96.8,5283.95
9658-WYUFB,0.78236383,High Risk,17,0.5,43.35622480335017,27.965141733487446,Month-to-month,Fiber optic,Electronic check,94.4,1617.5
8327-WKMIE,0.07087402,Low Risk,37,0.0,0.0,61.87296489874522,One year,No,Credit card (automatic),20.15,785.75
6917-FIJHC,0.04386163,Low Risk,72,0.0,0.0,77.80691862106323,Two year,No,Mailed check,26.0,1776.0
5329-KRDTM,0.10282858,Low Risk,72,0.6666666666666666,26.187231124018965,88.19190522034962,Two year,DSL,Credit card (automatic),77.35,5396.25
7797-EJMDP,0.38690954,Medium Risk,8,0.5,48.71385093035268,43.98785610993703,Month-to-month,DSL,Bank transfer (automatic),66.05,574.5
3530-VWVGU,0.18571837,Low Risk,22,0.0,0.0,49.880748788515724,Month-to-month,No,Mailed check,19.9,400.3
2013-SGDXK,0.8651334,High Risk,1,0.3333333333333333,46.501889381793205,13.82666309674581,Month-to-month,Fiber optic,Electronic check,84.3,84.3
6368-NWMCE,0.27326646,Low Risk,38,0.5,40.715920086630035,62.1700115998586,Month-to-month,DSL,Credit card (automatic),68.15,2656.3
3633-CDBUW,0.3146988,Medium Risk,17,0.8333333333333334,3.145664578443032,58.0150592327118,One year,DSL,Electronic check,80.85,1445.95
0707-HOVVN,0.17265248,Low Risk,70,0.6666666666666666,26.187231124018965,83.86737585067749,Two year,DSL,Bank transfer (automatic),75.5,5212.65
8580-QVLOC,0.058081616,Low Risk,72,1.0,0.0,97.09591865539551,Two year,DSL,Credit card (automatic),92.45,6440.25
3956-MGXOG,0.6951781,High Risk,28,0.16666666666666666,57.95296951208529,30.24109542369843,Month-to-month,Fiber optic,Electronic check,80.6,2244.95
9274-UARKJ,0.7182012,High Risk,15,0.3333333333333333,46.501889381793205,27.006605664889015,Month-to-month,Fiber optic,Bank transfer (automatic),83.2,1130.0
4077-HWUYD,0.038855832,Low Risk,72,1.0,0.0,98.05720746517181,Two year,DSL,Bank transfer (automatic),87.55,6463.15
2012-NWRPA,0.87781405,High Risk,11,0.5,20.382714003898286,20.69263060887655,Month-to-month,Fiber optic,Electronic check,99.55,1131.2
8808-ELEHO,0.8566956,High Risk,8,0.16666666666666666,66.77333180317656,13.831887046496071,Month-to-month,Fiber optic,Electronic check,81.25,585.95
0103-CSITQ,0.46838832,Medium Risk,57,0.8333333333333334,3.145664578443032,66.99725071589154,One year,Fiber optic,Bank transfer (automatic),109.4,6252.7
3506-LCJDC,0.5689447,Medium Risk,1,0.0,0.0,21.96943203608195,Month-to-month,No,Bank transfer (automatic),19.95,19.95
8671-KKKOS,0.40149835,Medium Risk,46,0.5,43.35622480335017,59.09175078074137,Month-to-month,DSL,Electronic check,45.55,2062.15
7305-ZWMAJ,0.07111924,Low Risk,30,0.0,0.0,58.944037556648254,One year,No,Credit card (automatic),20.7,587.1
9518-XXBXE,0.6607459,High Risk,10,0.16666666666666666,77.84887147921819,24.462704062461853,Month-to-month,Fiber optic,Electronic check,75.3,720.45
3934-HXCFZ,0.79176456,High Risk,23,0.6666666666666666,29.135020548865512,33.328438798586525,Month-to-month,Fiber optic,Electronic check,99.25,2186.4
6578-KRMAW,0.5110256,Medium Risk,32,0.6666666666666666,29.44250525699192,51.11538628737131,Month-to-month,Fiber optic,Credit card (automatic),93.4,2979.3
4860-IJUDE,0.65897787,High Risk,13,0.16666666666666666,77.84887147921819,25.801106691360477,Month-to-month,Fiber optic,Credit card (automatic),73.75,956.65
7666-WKRON,0.14886047,Low Risk,39,0.3333333333333333,60.67987779988698,65.47364393870035,Two year,Fiber optic,Electronic check,80.45,3201.55
9688-YGXVR,0.51308376,Medium Risk,44,0.5,32.280685127308544,52.679145534833275,Month-to-month,Fiber optic,Credit card (automatic),88.15,3973.2
0423-UDIJQ,0.45249718,Medium Risk,9,0.16666666666666666,74.90108205437164,34.45847411950429,Month-to-month,DSL,Mailed check,49.2,447.9
1945-XISKS,0.051037278,Low Risk,67,0.0,0.0,75.36480406920116,Two year,No,Mailed check,19.65,1335.2
4910-AQFFX,0.77845544,High Risk,9,0.16666666666666666,66.77333180317656,18.16056152184804,Month-to-month,Fiber optic,Bank transfer (automatic),79.35,661.25
2154-KVJFF,0.80999196,High Risk,15,0.16666666666666666,69.85094063549555,19.083735545476276,Month-to-month,Fiber optic,Electronic check,79.75,1111.85
5360-LJCNJ,0.22957718,Low Risk,71,0.6666666666666666,9.239118581732612,81.43780748049419,Two year,Fiber optic,Bank transfer (automatic),105.15,7555.0
2607-FBDFF,0.6315771,High Risk,1,0.16666666666666666,74.90108205437164,22.171146273612976,Month-to-month,DSL,Credit card (automatic),49.0,49.0
9647-ERGBE,0.7653206,High Risk,30,0.5,20.382714003898286,34.233970046043396,Month-to-month,Fiber optic,Electronic check,100.05,3046.15
3428-XZMAZ,0.8945734,High Risk,1,0.0,80.99453605766122,5.687997142473857,Month-to-month,Fiber optic,Electronic check,69.35,69.35
1100-DDVRV,0.544744,Medium Risk,17,0.5,23.460322836217273,39.84613259633382,Month-to-month,DSL,Mailed check,49.8,836.35
0378-TOVMS,0.7809398,High Risk,3,0.3333333333333333,51.85951550879571,18.869675795237224,Month-to-month,Fiber optic,Electronic check,85.8,272.2
4355-HBJHH,0.31563658,Medium Risk,67,0.6666666666666666,17.237049425455254,75.46817123889923,Two year,DSL,Electronic check,79.7,5293.4
6728-WYQBC,0.5786682,Medium Risk,1,0.0,0.0,21.48325781027476,Month-to-month,No,Bank transfer (automatic),20.95,20.95
9058-CBREO,0.7508876,High Risk,1,0.0,80.99453605766122,12.87228802839915,Month-to-month,DSL,Mailed check,50.55,50.55
9029-FEGVJ,0.54192615,Medium Risk,32,0.16666666666666666,66.77333180317656,39.57035938898722,Month-to-month,Fiber optic,Mailed check,79.3,2570.0
7216-KAOID,0.07723306,Low Risk,41,0.0,0.0,63.221679528554276,One year,No,Bank transfer (automatic),19.5,798.2
0318-QUUOB,0.9022861,High Risk,1,0.16666666666666666,57.64548480395888,8.63569438457489,Month-to-month,Fiber optic,Electronic check,80.55,80.55
6145-NNPNO,0.697139,High Risk,1,0.0,80.99453605766122,15.559715429941814,Month-to-month,DSL,Bank transfer (automatic),44.15,44.15
5520-FVEWJ,0.8185658,High Risk,12,0.3333333333333333,55.629736381010886,20.738377372423805,Month-to-month,Fiber optic,Electronic check,84.5,916.9
5339-TJFEK,0.49182025,Medium Risk,62,0.6666666666666666,20.31465825777424,64.57565585772196,Month-to-month,Fiber optic,Electronic check,105.5,6487.2
5572-ZDXHY,0.65108484,High Risk,22,0.3333333333333333,46.809374089919615,33.27909131844839,Month-to-month,Fiber optic,Mailed check,84.3,1855.65
2074-GUHPQ,0.57941455,Medium Risk,17,0.5,49.53628237772131,38.11260600884755,Month-to-month,Fiber optic,Credit card (automatic),92.7,1556.85
4625-XMOYM,0.042260364,Low Risk,72,0.0,0.0,77.88698256015778,Two year,No,Bank transfer (automatic),26.25,1988.05
5827-MWCZK,0.4075504,Medium Risk,56,0.5,40.408435378503626,62.9558136065801,Month-to-month,Fiber optic,Credit card (automatic),96.95,5432.2
1385-TQOZW,0.26828685,Low Risk,9,0.0,0.0,40.33565878868103,Month-to-month,No,Credit card (automatic),20.45,147.55
5914-XRFQB,0.05924217,Low Risk,72,1.0,0.0,97.03789055347443,Two year,Fiber optic,Bank transfer (automatic),115.8,8424.9
4329-YPDDQ,0.6468166,High Risk,20,1.0,0.0,45.992502768834434,Month-to-month,Fiber optic,Bank transfer (automatic),108.2,2203.7
4804-NCPET,0.05577851,Low Risk,19,0.0,0.0,55.12774149576822,Two year,No,Mailed check,20.2,387.4
3750-CKVKH,0.82962674,High Risk,2,0.0,80.99453605766122,9.351996382077536,Month-to-month,Fiber optic,Electronic check,67.75,116.65
5944-UGLLK,0.23758157,Low Risk,53,0.6666666666666666,14.289260000608706,73.53758911291757,One year,DSL,Credit card (automatic),54.9,3045.75
8063-GBATB,0.74348265,High Risk,27,0.16666666666666666,57.95296951208529,27.40920086701711,Month-to-month,Fiber optic,Electronic check,85.25,2287.25
7787-BNTZM,0.29230526,Low Risk,6,0.0,0.0,37.88473844528198,Month-to-month,No,Bank transfer (automatic),20.15,130.5
2252-ISRNH,0.6142465,High Risk,9,0.3333333333333333,43.42428054947422,29.704342285792034,One year,Fiber optic,Electronic check,90.35,767.9
9415-TPKRV,0.52172345,Medium Risk,8,0.16666666666666666,69.85094063549555,30.58049420515696,Month-to-month,DSL,Electronic check,55.75,446.8
5322-TEUJK,0.06695304,Low Risk,71,1.0,0.0,96.23568018277486,Two year,Fiber optic,Bank transfer (automatic),114.6,8100.25
4547-KQRTM,0.779506,High Risk,10,0.16666666666666666,69.85094063549555,18.524698615074158,Month-to-month,Fiber optic,Bank transfer (automatic),80.05,830.7
4877-EVATK,0.6020568,High Risk,1,0.0,0.0,20.313826600710552,Month-to-month,No,Mailed check,20.0,20.0
1866-DIOQZ,0.152989,Low Risk,71,1.0,0.0,91.93388183911641,One year,DSL,Bank transfer (automatic),66.8,4689.15
8375-KVTHK,0.4431739,Medium Risk,68,0.6666666666666666,17.366868832927693,69.50797239939371,One year,Fiber optic,Electronic check,100.3,6754.35
2697-NQBPF,0.7201224,High Risk,34,0.6666666666666666,17.366868832927693,41.49388015270233,Month-to-month,Fiber optic,Electronic check,105.35,3540.65
3709-OIJEA,0.3894041,Medium Risk,26,0.5,49.53628237772131,51.36313041051229,One year,Fiber optic,Electronic check,85.2,2184.6
7639-SUPCW,0.3961735,Medium Risk,22,0.16666666666666666,77.84887147921819,42.69132614135742,Month-to-month,DSL,Credit card (automatic),48.8,1054.6
1386-ZIKUV,0.22268818,Low Risk,7,0.0,0.0,41.782256762186684,Month-to-month,No,Mailed check,18.95,130.55
0599-XNYDO,0.60655856,High Risk,20,0.0,80.99453605766122,28.00540526707967,Month-to-month,Fiber optic,Bank transfer (automatic),69.8,1540.35
6377-WHAOX,0.65376574,High Risk,60,0.6666666666666666,9.239118581732612,55.645046432813004,Month-to-month,Fiber optic,Electronic check,106.15,6411.25
6855-VLGOS,0.06609544,Low Risk,72,0.0,0.0,76.69522643089294,Two year,No,Electronic check,20.55,1432.55
8999-XXGNS,0.29853702,Low Risk,72,0.6666666666666666,9.239118581732612,78.40648253758748,One year,Fiber optic,Credit card (automatic),105.75,7629.85
8746-OQQRW,0.34102997,Medium Risk,4,0.0,0.0,34.61516658465067,Month-to-month,No,Mailed check,25.25,101.9
3181-MIZBN,0.33226553,Medium Risk,16,0.0,0.0,40.0533918539683,Month-to-month,No,Electronic check,19.75,313.4
0471-ARVMX,0.4322182,Medium Risk,62,0.6666666666666666,17.237049425455254,67.55575696627298,One year,Fiber optic,Electronic check,104.85,6312.9
7766-CLTIC,0.41250992,Medium Risk,10,0.3333333333333333,51.85951550879571,40.207837422688804,Month-to-month,DSL,Mailed check,60.95,629.55
5650-YLIBA,0.7195183,High Risk,31,0.16666666666666666,69.85094063549555,30.274084806442257,Month-to-month,Fiber optic,Electronic check,81.15,2640.55
0825-CPPQH,0.057706725,Low Risk,71,0.0,0.0,76.69799764951071,Two year,No,Credit card (automatic),19.1,1372.45
9084-OAYKL,0.057100028,Low Risk,58,0.0,0.0,71.31166378657024,Two year,No,Mailed check,20.8,1212.25
6122-LJADA,0.054976296,Low Risk,70,1.0,0.0,96.41785244146983,Two year,DSL,Credit card (automatic),90.15,6237.05
2400-XIWIO,0.06470097,Low Risk,71,1.0,0.0,96.34828527768452,Two year,DSL,Electronic check,90.1,6310.9
7524-VRLPL,0.14932325,Low Risk,69,0.6666666666666666,34.492646675868016,84.61717208226521,Two year,DSL,Credit card (automatic),74.1,5031.0
1069-XAIEM,0.9206621,High Risk,1,0.16666666666666666,57.95296951208529,7.716894745826722,Month-to-month,Fiber optic,Electronic check,85.05,85.05
7569-NMZYQ,0.07534944,Low Risk,72,1.0,0.0,96.23252749443054,Two year,Fiber optic,Bank transfer (automatic),118.75,8672.45
5201-USSQZ,0.49417704,Medium Risk,26,0.3333333333333333,51.85951550879571,42.79114782810211,Month-to-month,Fiber optic,Credit card (automatic),85.9,2196.45
2105-PHWON,0.55156875,Medium Risk,33,0.5,37.63831125431105,46.17156267166137,Month-to-month,Fiber optic,Credit card (automatic),95.0,3008.15
1494-EJZDW,0.064021826,Low Risk,10,0.0,0.0,50.9655753771464,Two year,No,Mailed check,20.15,220.8
4884-TVUQF,0.13230495,Low Risk,57,0.6666666666666666,34.492646675868016,80.46808501084645,Two year,Fiber optic,Credit card (automatic),101.3,5779.6
8003-EWNDZ,0.3051543,Medium Risk,10,0.0,0.0,38.90895048777263,Month-to-month,No,Electronic check,21.2,222.65
1897-RCFUM,0.09189057,Low Risk,39,0.0,0.0,61.655471324920654,One year,No,Mailed check,24.2,914.6
9256-JTBNZ,0.25867504,Low Risk,11,0.0,0.0,41.6495813926061,Month-to-month,No,Bank transfer (automatic),20.3,246.3
4658-HCOHW,0.7048918,High Risk,21,0.8333333333333334,3.145664578443032,40.172076622645065,Month-to-month,Fiber optic,Electronic check,102.8,2110.15
2211-RMNHO,0.0567986,Low Risk,68,0.8333333333333334,3.145664578443032,92.16007113456726,Two year,DSL,Bank transfer (automatic),85.3,5560.0
2432-TFSMK,0.32576698,Medium Risk,18,0.3333333333333333,43.42428054947422,47.878317634264626,One year,Fiber optic,Credit card (automatic),89.6,1633.0
3440-JPSCL,0.85480374,High Risk,6,0.6666666666666666,14.289260000608706,23.093146284421284,Month-to-month,Fiber optic,Mailed check,99.95,547.65
4929-ROART,0.31288075,Medium Risk,18,0.16666666666666666,77.84887147921819,45.189295609792076,Month-to-month,DSL,Mailed check,56.25,969.85
1834-ABKHQ,0.15444386,Low Risk,52,0.16666666666666666,66.77333180317656,67.2778069972992,One year,DSL,Bank transfer (automatic),50.95,2610.65
1741-WTPON,0.22026867,Low Risk,56,1.0,0.0,82.31989999612172,Two year,Fiber optic,Mailed check,115.85,6567.9
3932-IJWDZ,0.6179031,High Risk,45,0.6666666666666666,14.289260000608706,51.18817766507466,Month-to-month,Fiber optic,Bank transfer (automatic),103.65,4747.85
1240-HCBOH,0.05228431,Low Risk,67,0.0,0.0,75.30245165030162,Two year,No,Mailed check,26.1,1759.55
3594-KADLU,0.5504517,Medium Risk,3,0.3333333333333333,71.75541747592861,30.394081870714825,Month-to-month,DSL,Mailed check,35.1,101.1
8065-BVEPF,0.50504845,Medium Risk,65,0.6666666666666666,9.239118581732612,65.16424397627512,Month-to-month,Fiber optic,Bank transfer (automatic),99.1,6496.15
3796-ENZGF,0.050731536,Low Risk,63,0.5,40.715920086630035,83.71342301368713,Two year,DSL,Mailed check,67.25,4234.15
1734-ZMNTZ,0.0726092,Low Risk,11,0.0,0.0,50.952874024709075,Two year,No,Mailed check,25.0,300.7
2853-CWQFQ,0.63696223,High Risk,1,0.3333333333333333,51.85951550879571,25.235221584637962,Month-to-month,DSL,Mailed check,59.55,59.55
0813-TAXXS,0.075044796,Low Risk,55,0.5,20.382714003898286,79.16442612806955,Two year,DSL,Bank transfer (automatic),77.8,4323.35
2519-TWKFS,0.1778644,Low Risk,25,0.16666666666666666,74.90108205437164,54.856778383255,One year,DSL,Mailed check,55.1,1466.1
2889-FPWRM,0.41577005,Medium Risk,72,1.0,0.0,79.21149730682373,One year,Fiber optic,Bank transfer (automatic),117.8,8684.8
0626-QXNGV,0.043639626,Low Risk,72,0.0,0.0,77.81801998615265,Two year,No,Credit card (automatic),24.15,1776.45
6723-CEGQI,0.058559682,Low Risk,65,0.5,40.408435378503626,84.1553505261739,Two year,DSL,Mailed check,45.25,2933.95
6987-XQSJT,0.66637266,High Risk,54,0.16666666666666666,69.85094063549555,42.5147004922231,Month-to-month,Fiber optic,Electronic check,79.5,4370.25
4732-RRJZC,0.25867584,Low Risk,7,0.0,0.0,39.982875982920326,Month-to-month,No,Mailed check,20.25,144.35
9499-XPZXM,0.073486395,Low Risk,72,0.5,60.611822053762936,86.32568061351776,Two year,DSL,Bank transfer (automatic),64.75,4804.75
4338-EYCER,0.38060758,Medium Risk,21,0.16666666666666666,57.64548480395888,43.0529530843099,Month-to-month,DSL,Bank transfer (automatic),54.6,1125.2
3007-FDPEA,0.41035247,Medium Risk,2,0.0,0.0,30.315709908803306,Month-to-month,No,Bank transfer (automatic),20.7,39.85
6350-XFYGW,0.8629212,High Risk,4,0.5,20.382714003898286,18.520607749621075,Month-to-month,Fiber optic,Electronic check,94.75,422.4
4290-BSXUX,0.8251121,High Risk,3,0.16666666666666666,74.90108205437164,13.327728112538656,Month-to-month,Fiber optic,Bank transfer (automatic),79.65,251.75
8513-OLYGY,0.058098827,Low Risk,72,1.0,0.0,97.0950573682785,Two year,Fiber optic,Credit card (automatic),115.8,8332.15
0311-QYWSS,0.61967576,High Risk,6,0.16666666666666666,77.84887147921819,24.84954555829366,Month-to-month,DSL,Electronic check,49.45,314.6
8705-DWKTI,0.5112903,Medium Risk,52,0.3333333333333333,43.73176525760063,52.76881774266561,Month-to-month,Fiber optic,Credit card (automatic),83.8,4331.4
8755-IWJHN,0.49329868,Medium Risk,69,0.5,32.588169835434954,64.08506751060486,Month-to-month,Fiber optic,Bank transfer (automatic),95.35,6382.0
0325-XBFAC,0.8515632,High Risk,8,0.5,20.382714003898286,20.755172570546467,Month-to-month,Fiber optic,Electronic check,94.7,740.3
4480-QQRHC,0.76628673,High Risk,8,0.16666666666666666,66.77333180317656,18.352330128351845,Month-to-month,Fiber optic,Bank transfer (automatic),74.05,600.15
0929-PECLO,0.44295624,Medium Risk,63,0.3333333333333333,43.73176525760063,60.768856207529694,Month-to-month,Fiber optic,Bank transfer (automatic),89.6,5538.8
3680-CTHUH,0.36226937,Medium Risk,60,1.0,0.0,76.88652992248535,One year,Fiber optic,Credit card (automatic),116.6,7049.5
1202-KKGFU,0.37216517,Medium Risk,12,0.3333333333333333,71.75541747592861,43.05840651194254,Month-to-month,DSL,Bank transfer (automatic),54.2,690.5
6112-KTHFQ,0.21717314,Low Risk,13,0.0,0.0,44.55800871054331,Month-to-month,No,Mailed check,19.3,279.3
1852-XEMDW,0.27108443,Low Risk,22,0.5,52.484071802567854,55.61244527498881,Month-to-month,DSL,Mailed check,65.05,1427.55
2462-XIIJB,0.87945783,High Risk,5,0.3333333333333333,43.42428054947422,14.777108430862427,Month-to-month,Fiber optic,Electronic check,92.5,452.7
4760-XOHVN,0.53430176,Medium Risk,1,0.0,0.0,23.701578776041668,Month-to-month,No,Mailed check,19.45,19.45
1820-DJFPH,0.041241452,Low Risk,72,0.0,0.0,77.9379266500473,Two year,No,Bank transfer (automatic),24.05,1709.15
9426-SXNHE,0.2665129,Low Risk,2,0.0,0.0,37.507689793904625,Month-to-month,No,Bank transfer (automatic),18.75,53.15
9068-FHQHD,0.049985986,Low Risk,40,0.0,0.0,64.16736642519632,Two year,No,Bank transfer (automatic),20.15,777.35
1269-FOYWN,0.072767556,Low Risk,44,0.0,0.0,64.69495554765065,One year,No,Bank transfer (automatic),20.0,860.85
9470-YFUYI,0.10675769,Low Risk,71,0.6666666666666666,37.26277080006059,87.57878164450328,One year,DSL,Bank transfer (automatic),71.0,5012.1
7817-BOQPW,0.8549809,High Risk,2,0.0,80.99453605766122,8.084289034207663,Month-to-month,Fiber optic,Electronic check,75.55,166.3
7402-EYFXX,0.786352,High Risk,26,0.3333333333333333,34.60391825838295,28.182401061058044,Month-to-month,Fiber optic,Electronic check,93.6,2404.1
1853-UDXBW,0.88955015,High Risk,1,0.0,80.99453605766122,5.939159194628398,Month-to-month,Fiber optic,Electronic check,70.0,70.0
9895-VFOXH,0.682033,High Risk,1,0.0,80.99453605766122,16.315016547838848,Month-to-month,DSL,Mailed check,24.4,24.4
5458-CQJTA,0.17631732,Low Risk,65,0.6666666666666666,25.364799676650335,81.60079995791116,Two year,DSL,Bank transfer (automatic),74.8,4820.15
1230-QAJDW,0.5842956,Medium Risk,3,0.3333333333333333,51.5520308006693,28.701888124148052,Month-to-month,DSL,Mailed check,65.25,209.9
5701-ZIKJE,0.40132934,Medium Risk,13,0.16666666666666666,74.90108205437164,38.68353307247162,Month-to-month,DSL,Mailed check,50.55,610.75
5219-YIPTK,0.74873257,High Risk,33,0.6666666666666666,9.239118581732612,39.646704991658524,Month-to-month,Fiber optic,Electronic check,104.4,3409.6
5032-MIYKT,0.8735851,High Risk,1,0.0,80.99453605766122,6.737411419550578,Month-to-month,Fiber optic,Mailed check,70.7,70.7
7396-VJUZB,0.5649615,Medium Risk,4,0.0,80.99453605766122,23.418592015902203,Month-to-month,DSL,Mailed check,45.25,155.35
9717-QEBGU,0.81567854,High Risk,2,0.0,80.99453605766122,10.049406488736471,Month-to-month,Fiber optic,Electronic check,70.3,144.0
5172-RKOCB,0.0744549,Low Risk,72,0.8333333333333334,14.221204254484661,92.94392148653668,Two year,Fiber optic,Credit card (automatic),108.95,7875.0
6509-TSGWN,0.19325596,Low Risk,37,0.0,0.0,55.75386861960093,Month-to-month,No,Mailed check,26.45,911.6
3540-RZJYU,0.66086674,High Risk,15,0.3333333333333333,54.49982022551585,29.87332979838053,Month-to-month,Fiber optic,Electronic check,86.2,1270.2
3178-CIFOT,0.09070693,Low Risk,23,0.0,0.0,55.047986110051475,One year,No,Credit card (automatic),19.65,478.1
2091-MJTFX,0.31135228,Medium Risk,30,0.5,28.510464255093368,56.932387351989746,Month-to-month,DSL,Credit card (automatic),51.2,1561.5
4530-NDRKU,0.10770941,Low Risk,42,0.0,0.0,62.11452960968018,One year,No,Electronic check,19.05,761.85
5985-TBABQ,0.18807162,Low Risk,32,0.5,31.458253679939915,63.92975290616353,One year,DSL,Mailed check,74.75,2282.95
9800-ONTFE,0.59099925,Medium Risk,22,0.0,80.99453605766122,29.61670438448588,Month-to-month,Fiber optic,Bank transfer (automatic),75.8,1615.1
6743-HHQPF,0.37849936,Medium Risk,42,0.0,80.99453605766122,48.57503056526185,Month-to-month,DSL,Credit card (automatic),25.1,1097.15
8455-HIRAQ,0.44446093,Medium Risk,8,0.0,80.99453605766122,31.110286911328632,Month-to-month,DSL,Mailed check,44.45,369.3
6616-AALSR,0.2064584,Low Risk,65,0.6666666666666666,17.237049425455254,80.09374717871347,Two year,Fiber optic,Credit card (automatic),104.3,6725.3
0883-EIBTI,0.42686498,Medium Risk,2,0.0,0.0,29.490084250768028,Month-to-month,No,Mailed check,19.5,31.55
9415-ZNBSX,0.052915778,Low Risk,70,1.0,0.0,96.5208790699641,Two year,DSL,Bank transfer (automatic),89.0,6293.2
4018-KJYUY,0.18600234,Low Risk,22,0.0,0.0,49.86654798189799,Month-to-month,No,Credit card (automatic),20.15,432.5
0722-TROQR,0.848614,High Risk,4,0.0,80.99453605766122,9.235967795054117,Month-to-month,Fiber optic,Electronic check,74.9,321.75
7571-YXDAD,0.77845997,High Risk,2,0.0,80.99453605766122,11.910335024197897,Month-to-month,Fiber optic,Credit card (automatic),74.9,147.15
3884-UEBXB,0.05515373,Low Risk,67,0.3333333333333333,66.70527605705252,81.82564695676167,Two year,DSL,Bank transfer (automatic),36.15,2434.45
8780-RSYYU,0.16822854,Low Risk,25,0.0,0.0,52.00524131457011,Month-to-month,No,Credit card (automatic),19.2,532.1
5537-UXXVS,0.18204994,Low Risk,20,0.0,0.0,49.2308368285497,Month-to-month,No,Bank transfer (automatic),19.25,375.25
1791-PQHBB,0.58730036,Medium Risk,2,0.3333333333333333,54.80730493364226,28.134981989860535,Month-to-month,DSL,Credit card (automatic),61.2,125.95
8701-DGLVH,0.05857074,Low Risk,51,0.0,0.0,68.32146286964417,Two year,No,Mailed check,20.45,1042.65
8741-LQOBK,0.313,Medium Risk,46,0.3333333333333333,66.70527605705252,60.18333514531453,Month-to-month,DSL,Bank transfer (automatic),35.05,1620.25
3393-FMZPV,0.80361414,High Risk,25,0.5,23.460322836217273,30.23595968882243,Month-to-month,Fiber optic,Electronic check,100.25,2387.75
8082-GHXOP,0.36653942,Medium Risk,13,0.0,80.99453605766122,37.089695731798805,Month-to-month,DSL,Mailed check,44.0,659.35
6402-ZFPPI,0.7261237,High Risk,25,0.6666666666666666,20.31465825777424,37.44381546974182,Month-to-month,Fiber optic,Mailed check,102.8,2660.2
0980-FEXWF,0.14710374,Low Risk,26,0.16666666666666666,66.77333180317656,56.8114803234736,One year,DSL,Mailed check,50.35,1285.8
7486-KSRVI,0.6083445,High Risk,43,0.5,28.510464255093368,47.49944190184275,One year,Fiber optic,Electronic check,100.0,4211.55
3011-WQKSZ,0.3331559,Medium Risk,19,0.0,0.0,41.25887314478556,Month-to-month,No,Electronic check,20.0,377.55
8443-WVPSS,0.8250009,High Risk,10,0.6666666666666666,17.366868832927693,26.249955892562866,Month-to-month,Fiber optic,Electronic check,99.85,990.9
3006-XIMLN,0.8867334,High Risk,2,0.3333333333333333,34.60391825838295,13.163329362869264,Month-to-month,Fiber optic,Bank transfer (automatic),94.2,193.8
8218-FFJDS,0.04086995,Low Risk,72,0.8333333333333334,14.221204254484661,94.62316910425824,Two year,DSL,Bank transfer (automatic),86.4,6058.95
1986-PHGZF,0.40566874,Medium Risk,18,0.3333333333333333,66.70527605705252,43.883229891459145,Month-to-month,DSL,Credit card (automatic),58.4,964.9
9965-YOKZB,0.8537264,High Risk,9,0.16666666666666666,57.95296951208529,14.397013982137045,Month-to-month,Fiber optic,Electronic check,83.85,790.15
0504-HHAPI,0.62386996,High Risk,27,0.3333333333333333,43.73176525760063,36.723168889681496,Month-to-month,Fiber optic,Credit card (automatic),88.3,2467.75
9360-OMDZZ,0.7915998,High Risk,24,0.3333333333333333,34.60391825838295,27.086676160494484,Month-to-month,Fiber optic,Electronic check,94.1,2322.85
6305-YLBMM,0.45774484,Medium Risk,69,0.8333333333333334,3.145664578443032,72.52942482630411,One year,Fiber optic,Bank transfer (automatic),104.05,7262.0
0345-XMMUG,0.39346036,Medium Risk,46,0.8333333333333334,3.145664578443032,66.16031368573508,Two year,Fiber optic,Credit card (automatic),108.9,4854.3
8024-XNAFQ,0.15843348,Low Risk,72,0.8333333333333334,23.349051253702342,88.74499181906384,Two year,Fiber optic,Bank transfer (automatic),107.4,7748.75
3647-GMGDH,0.68668675,High Risk,22,0.5,20.382714003898286,34.832328955332436,Month-to-month,Fiber optic,Credit card (automatic),94.7,1914.9
2988-GBIVW,0.39927912,Medium Risk,70,0.3333333333333333,54.80730493364226,65.8693774541219,Month-to-month,Fiber optic,Electronic check,90.85,6470.1
2832-SCUCO,0.3760363,Medium Risk,2,0.0,0.0,32.03151901563009,Month-to-month,No,Electronic check,19.9,57.4
7036-ZZKBD,0.26891834,Low Risk,31,0.5,37.63831125431105,59.47074989477793,Month-to-month,DSL,Credit card (automatic),66.4,2019.8
3791-LGQCY,0.60718244,High Risk,56,0.5,20.382714003898286,52.97421117623647,Month-to-month,Fiber optic,Bank transfer (automatic),100.65,5688.05
0265-PSUAE,0.6962264,High Risk,16,0.6666666666666666,17.237049425455254,35.18867909908294,Month-to-month,Fiber optic,Bank transfer (automatic),100.7,1522.7
0463-TXOAK,0.06401818,Low Risk,52,0.0,0.0,68.46575717131297,Two year,No,Credit card (automatic),25.6,1334.5
0594-UFTUL,0.23555233,Low Risk,13,0.0,0.0,43.63905111948649,Month-to-month,No,Mailed check,19.85,252.0
9509-MPYOD,0.072637364,Low Risk,35,0.0,0.0,60.95146437486012,One year,No,Mailed check,20.75,700.45
9128-CPXKI,0.28301793,Low Risk,59,0.5,20.382714003898286,70.43243666489919,Two year,Fiber optic,Electronic check,95.8,5655.45
0129-KPTWJ,0.49926555,Medium Risk,72,0.5,20.382714003898286,65.03672242164612,Month-to-month,Fiber optic,Electronic check,94.65,6747.35
8166-ZZTFS,0.34446448,Medium Risk,66,0.6666666666666666,9.239118581732612,73.61010928948718,Two year,DSL,Bank transfer (automatic),80.55,5265.1
5855-EIBDE,0.29440093,Low Risk,49,0.8333333333333334,23.349051253702342,72.36328681310017,Two year,Fiber optic,Credit card (automatic),106.65,5174.35
5365-LLFYV,0.7189554,High Risk,2,0.0,80.99453605766122,14.885563453038534,Month-to-month,DSL,Mailed check,45.85,105.6
5956-YHHRX,0.8224946,High Risk,21,0.6666666666666666,9.239118581732612,30.95860203107198,Month-to-month,Fiber optic,Electronic check,104.35,2271.85
6008-NAIXK,0.454041,Medium Risk,54,0.6666666666666666,9.239118581732612,63.13128312428792,One year,DSL,Electronic check,55.45,2966.95
2956-GGUCQ,0.6932075,High Risk,24,0.16666666666666666,77.84887147921819,28.672958215077713,Month-to-month,Fiber optic,Electronic check,78.85,1772.25
1928-BXYIV,0.6084512,High Risk,1,0.3333333333333333,66.70527605705252,26.660773952802025,Month-to-month,DSL,Electronic check,61.15,61.15
5760-FXFVO,0.77324086,High Risk,6,0.3333333333333333,66.70527605705252,20.50462345282237,Month-to-month,Fiber optic,Electronic check,78.95,494.95
6595-COKXZ,0.7497569,High Risk,1,0.0,80.99453605766122,12.928823033968609,Month-to-month,DSL,Mailed check,44.45,44.45
0961-ZWLVI,0.4340864,Medium Risk,49,0.8333333333333334,6.09345400328958,65.37901123364766,One year,Fiber optic,Credit card (automatic),109.2,5290.45
5181-OABFK,0.05719046,Low Risk,56,0.5,52.484071802567854,80.4738094409307,Two year,DSL,Credit card (automatic),61.3,3346.8
4007-NHVHI,0.47604597,Medium Risk,56,0.5,43.66370951147658,59.53103502591451,Month-to-month,Fiber optic,Electronic check,96.85,5219.65
7816-VGHTO,0.091815375,Low Risk,6,0.5,49.53628237772131,57.90923237800598,Two year,DSL,Mailed check,40.55,217.5
5871-DGTXZ,0.06980499,Low Risk,32,0.0,0.0,59.84308501084645,One year,No,Mailed check,19.8,607.7
7550-WIQVA,0.45018092,Medium Risk,50,0.8333333333333334,6.09345400328958,64.99095559120178,One year,Fiber optic,Electronic check,108.25,5431.4
7544-ZVIKX,0.47594658,Medium Risk,58,0.6666666666666666,14.289260000608706,63.702672719955444,One year,Fiber optic,Bank transfer (automatic),105.05,6004.85
0016-QLJIS,0.059202958,Low Risk,65,1.0,0.0,94.12318487962085,Two year,DSL,Mailed check,90.45,5957.9
7508-DQAKK,0.067291304,Low Risk,64,1.0,0.0,93.30210069815317,Two year,DSL,Credit card (automatic),86.4,5442.05
5176-OLSKT,0.058291543,Low Risk,66,0.5,52.484071802567854,84.58542227745055,Two year,DSL,Bank transfer (automatic),66.9,4370.25
9356-AXGMP,0.548245,Medium Risk,38,0.8333333333333334,11.143595422165674,55.087749361991875,One year,Fiber optic,Electronic check,110.7,4428.6
3556-BVQGL,0.09744878,Low Risk,20,0.0,0.0,53.46089502175649,One year,No,Mailed check,20.0,416.45
0362-ZBZWJ,0.7219359,High Risk,36,0.16666666666666666,57.95296951208529,32.236536939938865,Month-to-month,Fiber optic,Electronic check,84.9,3067.2
8979-CAMGB,0.406877,Medium Risk,64,0.6666666666666666,14.289260000608706,69.65614795684813,One year,Fiber optic,Electronic check,102.1,6688.1
4211-MMAZN,0.55165976,Medium Risk,1,0.0,0.0,22.833678523699444,Month-to-month,No,Mailed check,20.25,20.25
7581-EBBOU,0.1157116,Low Risk,60,0.6666666666666666,26.187231124018965,82.54775484402974,One year,DSL,Credit card (automatic),70.15,4224.7
4274-OWWYO,0.88941026,High Risk,1,0.16666666666666666,69.85094063549555,9.279487133026123,Month-to-month,Fiber optic,Electronic check,74.35,74.35
5073-RZGBK,0.17998259,Low Risk,50,0.8333333333333334,23.349051253702342,78.50086987018585,One year,DSL,Bank transfer (automatic),80.05,4042.2
1541-ETJZO,0.6055759,High Risk,1,0.3333333333333333,60.67987779988698,26.804537375768028,Month-to-month,DSL,Mailed check,62.05,62.05
2192-CKRLV,0.262797,Low Risk,72,0.6666666666666666,29.44250525699192,80.19348343213399,Two year,DSL,Electronic check,49.2,3580.95
3154-HMWUU,0.05138633,Low Risk,60,0.0,0.0,72.43068218231201,Two year,No,Bank transfer (automatic),20.5,1198.8
6119-SPUDB,0.06439725,Low Risk,46,0.5,57.53421322144395,75.94680289427438,Two year,DSL,Mailed check,38.25,1755.35
6522-OIQSX,0.06832061,Low Risk,69,0.6666666666666666,9.239118581732612,88.66730173428853,Two year,DSL,Credit card (automatic),54.95,3772.5
7813-ZGGAW,0.5824085,Medium Risk,31,0.5,37.33082654618464,43.79624227682749,Month-to-month,Fiber optic,Bank transfer (automatic),96.6,2877.95
8748-HFWBO,0.09658148,Low Risk,19,0.0,0.0,53.08759371439615,One year,No,Mailed check,19.9,357.7
1052-QJIBV,0.03979058,Low Risk,71,0.0,0.0,77.59380479653677,Two year,No,Credit card (automatic),19.9,1397.3
1319-YLZJG,0.7509262,High Risk,12,0.5,52.484071802567854,27.453690171241764,Month-to-month,Fiber optic,Electronic check,84.6,959.9
4106-HADHQ,0.31152973,Medium Risk,39,0.8333333333333334,11.143595422165674,67.34017888704935,One year,DSL,Credit card (automatic),80.0,3182.95
0723-FDLAY,0.30165616,Medium Risk,44,0.8333333333333334,3.145664578443032,69.91719365119936,One year,DSL,Bank transfer (automatic),85.25,3704.15
3050-RLLXC,0.065396495,Low Risk,56,0.8333333333333334,23.041566545575932,86.73017561435701,Two year,DSL,Credit card (automatic),81.25,4620.4
9298-WGMRW,0.052909456,Low Risk,72,1.0,0.0,97.35452830791473,Two year,Fiber optic,Bank transfer (automatic),115.5,8312.75
2369-UAPKZ,0.83177006,High Risk,5,0.6666666666666666,9.239118581732612,23.828163544336956,Month-to-month,Fiber optic,Mailed check,104.1,541.9
3088-LHEFH,0.6968572,High Risk,11,0.16666666666666666,77.84887147921819,23.073805967966717,Month-to-month,Fiber optic,Bank transfer (automatic),79.0,929.3
2778-OCLGR,0.49461907,Medium Risk,24,0.3333333333333333,54.80730493364226,41.93571309248606,Month-to-month,DSL,Bank transfer (automatic),39.1,971.3
6583-KQJLK,0.784374,High Risk,15,0.5,23.460322836217273,27.031300067901608,Month-to-month,Fiber optic,Electronic check,94.65,1285.05
8544-JNBOX,0.04203739,Low Risk,72,0.0,0.0,77.89813160896301,Two year,No,Mailed check,20.8,1521.2
6681-ZSEXG,0.06972555,Low Risk,56,0.3333333333333333,55.629736381010886,76.51372134685516,Two year,DSL,Credit card (automatic),59.5,3389.25
6139-ZZRBQ,0.06904492,Low Risk,64,0.0,0.0,73.21441928545633,Two year,No,Bank transfer (automatic),20.05,1198.05
6116-RFVHN,0.7654627,High Risk,34,0.5,20.382714003898286,35.89353183905284,Month-to-month,Fiber optic,Electronic check,100.45,3414.65
0637-KVDLV,0.86479586,High Risk,2,0.0,80.99453605766122,7.5935401519139605,Month-to-month,Fiber optic,Electronic check,76.5,162.45
8884-FEEWR,0.07226813,Low Risk,35,0.0,0.0,60.9699269135793,One year,No,Bank transfer (automatic),20.6,754.0
3125-RAHBV,0.0876223,Low Risk,22,0.0,0.0,54.785552422205605,One year,No,Credit card (automatic),20.3,467.15
6633-MPWBS,0.6732025,High Risk,5,0.16666666666666666,74.90108205437164,21.756540934244793,Month-to-month,DSL,Electronic check,49.2,216.9
0373-AIVNJ,0.22584593,Low Risk,9,0.5,52.484071802567854,52.45770335197448,One year,DSL,Mailed check,39.55,373.0
8785-EPNCG,0.28025073,Low Risk,11,0.0,0.0,40.57079692681631,Month-to-month,No,Credit card (automatic),23.15,245.2
1682-VCOIO,0.075562604,Low Risk,23,0.0,0.0,55.80520351727804,One year,No,Mailed check,20.45,481.1
5729-KLZAR,0.7881957,High Risk,4,0.16666666666666666,57.95296951208529,15.590213537216185,Month-to-month,Fiber optic,Electronic check,80.85,302.75
2072-ZVJJX,0.04556675,Low Risk,68,0.0,0.0,76.05499645074208,Two year,No,Bank transfer (automatic),25.25,1728.2
8849-AYPTR,0.62762046,High Risk,33,0.3333333333333333,34.60391825838295,39.03564373652139,Month-to-month,Fiber optic,Electronic check,91.25,2964.05
9518-IMLHK,0.22258446,Low Risk,31,0.8333333333333334,23.041566545575932,68.45410903294882,Month-to-month,DSL,Bank transfer (automatic),72.45,2156.25
1582-RAFML,0.61099154,High Risk,1,0.3333333333333333,63.75748663220597,26.533756454785667,Month-to-month,DSL,Mailed check,60.1,60.1
3646-ITDGM,0.09154813,Low Risk,56,0.0,0.0,68.75592609246573,Two year,No,Bank transfer (automatic),19.7,1051.9
8740-CRYFY,0.9054412,High Risk,1,0.16666666666666666,57.64548480395888,8.477938771247864,Month-to-month,Fiber optic,Electronic check,78.95,78.95
3569-VLDHH,0.17844516,Low Risk,66,0.8333333333333334,23.041566545575932,85.24440864721934,One year,DSL,Electronic check,75.1,5013.0
8224-KDLKN,0.040653788,Low Risk,72,0.0,0.0,77.96731173992157,Two year,No,Bank transfer (automatic),25.0,1738.9
7594-LZNWR,0.5176949,Medium Risk,34,0.0,80.99453605766122,38.281922141710915,Month-to-month,Fiber optic,Credit card (automatic),69.15,2275.1
4001-TSBTV,0.5199415,Medium Risk,58,0.5,32.280685127308544,58.169591228167214,Month-to-month,Fiber optic,Electronic check,91.55,5511.65
2962-XPMCQ,0.7793016,High Risk,2,0.0,80.99453605766122,11.868254144986471,Month-to-month,DSL,Electronic check,45.15,98.5
8727-XDPUD,0.09514113,Low Risk,37,0.16666666666666666,57.64548480395888,63.99294435977936,Two year,DSL,Credit card (automatic),35.8,1316.9
1043-UXOVO,0.07279234,Low Risk,71,1.0,0.0,95.94371577103932,Two year,Fiber optic,Credit card (automatic),113.15,7993.3
1064-FBXNK,0.21259859,Low Risk,1,0.0,0.0,39.786738554636635,One year,No,Credit card (automatic),19.85,19.85
3996-ZNWYK,0.044215914,Low Risk,71,0.0,0.0,77.37253745396933,Two year,No,Credit card (automatic),19.8,1388.45
2878-DHMIN,0.088066556,Low Risk,35,0.0,0.0,60.18000443776448,One year,No,Electronic check,19.9,666.0
7762-ONLJY,0.1253315,Low Risk,6,0.0,0.0,46.233423948287964,One year,No,Mailed check,19.7,94.45
1678-FYZOW,0.8461407,High Risk,3,0.16666666666666666,57.64548480395888,12.276299198468527,Month-to-month,Fiber optic,Electronic check,79.4,244.65
5795-BKOYE,0.10235615,Low Risk,69,0.5,49.53628237772131,83.63219320774078,One year,DSL,Bank transfer (automatic),59.1,4134.7
8627-EHGIP,0.41793054,Medium Risk,44,0.6666666666666666,9.239118581732612,60.770139495531716,One year,DSL,Mailed check,53.95,2375.4
7402-PWYJJ,0.37020952,Medium Risk,53,0.3333333333333333,51.85951550879571,60.239524245262146,One year,Fiber optic,Electronic check,91.15,4862.5
5480-TBGPH,0.72538185,High Risk,24,0.6666666666666666,9.239118581732612,37.064240773518875,Month-to-month,Fiber optic,Credit card (automatic),99.3,2431.35
0018-NYROU,0.78753036,High Risk,5,0.0,80.99453605766122,12.706815203030905,Month-to-month,Fiber optic,Electronic check,68.95,351.5
7501-VTYLJ,0.6413419,High Risk,2,0.16666666666666666,69.85094063549555,22.099570433298744,Month-to-month,DSL,Mailed check,51.55,106.2
7608-RGIRO,0.050040234,Low Risk,62,0.0,0.0,73.33132108052571,Two year,No,Mailed check,24.4,1413.0
0480-BIXDE,0.77821404,High Risk,19,0.5,20.382714003898286,29.005964795748397,Month-to-month,Fiber optic,Electronic check,96.8,1743.05
5895-QSXOD,0.66319156,High Risk,9,0.0,80.99453605766122,20.5904221534729,Month-to-month,Fiber optic,Mailed check,70.05,657.5
9814-AOUDH,0.10064626,Low Risk,53,0.0,0.0,67.0510204633077,Two year,No,Credit card (automatic),19.5,1050.5
6175-IRFIT,0.76132023,High Risk,5,0.16666666666666666,57.95296951208529,17.35065499941508,Month-to-month,Fiber optic,Mailed check,78.75,426.35
8760-ZRHKE,0.14060314,Low Risk,71,0.5,43.35622480335017,82.55317707856497,One year,DSL,Electronic check,69.2,4982.5
1622-HSHSF,0.61959606,High Risk,1,0.0,0.0,19.43686346213023,Month-to-month,No,Mailed check,19.55,19.55
8854-CCVSQ,0.7809229,High Risk,18,0.16666666666666666,69.85094063549555,21.7871888478597,Month-to-month,Fiber optic,Electronic check,80.65,1451.9
6749-UTDVX,0.35554132,Medium Risk,72,0.6666666666666666,9.239118581732612,75.55626591046651,Two year,Fiber optic,Electronic check,103.65,7634.8
5542-DHSXL,0.46656868,Medium Risk,4,0.3333333333333333,66.70527605705252,35.00489791234334,Month-to-month,DSL,Mailed check,54.7,235.05
9102-OXKFY,0.08349467,Low Risk,59,0.16666666666666666,66.77333180317656,73.7419335047404,Two year,DSL,Credit card (automatic),54.15,3116.15
0511-JTEOY,0.85067534,High Risk,1,0.0,80.99453605766122,7.882899443308513,Month-to-month,Fiber optic,Mailed check,71.1,71.1
5216-WASFJ,0.73800373,High Risk,31,0.16666666666666666,57.95296951208529,29.349813461303707,Month-to-month,Fiber optic,Electronic check,84.85,2633.4
7808-DVWEP,0.32939783,Medium Risk,3,0.0,0.0,34.780110120773315,Month-to-month,No,Bank transfer (automatic),20.0,49.65
7067-KSAZT,0.4721122,Medium Risk,65,0.6666666666666666,9.239118581732612,66.81105772654215,One year,Fiber optic,Electronic check,106.25,6979.8
2284-VFLKH,0.43680474,Medium Risk,49,0.6666666666666666,14.289260000608706,61.90976142883301,One year,Fiber optic,Credit card (automatic),99.25,4920.8
0366-NQSHS,0.28986135,Low Risk,2,0.0,0.0,36.340267260869346,Month-to-month,No,Mailed check,19.35,46.35
6532-YLWSI,0.1184065,Low Risk,53,0.0,0.0,66.16300960381825,One year,No,Bank transfer (automatic),20.8,1021.8
3807-BPOMJ,0.37747496,Medium Risk,55,0.5,31.458253679939915,64.04291848341623,One year,Fiber optic,Electronic check,94.75,5276.1
3892-NXAZG,0.053393945,Low Risk,72,1.0,0.0,97.33030200004578,Two year,Fiber optic,Credit card (automatic),114.05,8289.2
4948-WBBKL,0.59703344,Medium Risk,36,0.0,80.99453605766122,35.1483279466629,Month-to-month,Fiber optic,Bank transfer (automatic),74.9,2659.45
4182-BGSIQ,0.26047024,Low Risk,10,0.0,0.0,41.14315311113994,Month-to-month,No,Bank transfer (automatic),19.8,196.75
9300-AGZNL,0.923564,High Risk,1,0.3333333333333333,34.60391825838295,10.905132492383322,Month-to-month,Fiber optic,Electronic check,94.0,94.0
0988-AADSA,0.0401626,Low Risk,72,0.8333333333333334,23.349051253702342,94.65853552023572,Two year,DSL,Bank transfer (automatic),80.85,5824.75
9972-NKTFD,0.24539731,Low Risk,28,0.3333333333333333,63.75748663220597,56.06346686681112,Month-to-month,DSL,Bank transfer (automatic),54.65,1517.5
3717-LNXKW,0.45534915,Medium Risk,38,0.3333333333333333,54.49982022551585,49.732542634010315,Month-to-month,Fiber optic,Bank transfer (automatic),91.7,3479.05
5734-EJKXG,0.34311706,Medium Risk,61,1.0,0.0,78.26081375281015,One year,Fiber optic,Electronic check,118.6,7365.7
2207-RYYRL,0.05559476,Low Risk,52,0.0,0.0,68.88692955176036,Two year,No,Mailed check,24.55,1331.05
6729-FZWSY,0.086391896,Low Risk,67,0.0,0.0,73.59707037607829,One year,No,Mailed check,19.45,1195.95
9695-IDRZR,0.19969894,Low Risk,34,1.0,0.0,74.18172041575113,Two year,Fiber optic,Credit card (automatic),116.15,3946.9
8144-DGHXP,0.07989303,Low Risk,54,0.8333333333333334,11.143595422165674,85.17201403776804,Two year,DSL,Electronic check,80.6,4299.95
7814-LEEVE,0.5953988,Medium Risk,1,0.0,0.0,20.646727482477825,Month-to-month,No,Bank transfer (automatic),20.3,20.3
1112-CUNAO,0.72250104,High Risk,15,0.3333333333333333,46.809374089919615,26.79161469141642,Month-to-month,Fiber optic,Electronic check,89.85,1424.95
5175-AOBHI,0.6188909,High Risk,4,0.0,80.99453605766122,20.722122589747112,Month-to-month,DSL,Mailed check,46.0,193.6
5174-RNGBH,0.42103928,Medium Risk,9,0.5,40.408435378503626,42.69803583621978,Month-to-month,DSL,Mailed check,66.25,620.55
8631-WUXGY,0.65957445,High Risk,46,0.6666666666666666,9.239118581732612,49.52127754688262,Month-to-month,Fiber optic,Electronic check,99.8,4391.25
7270-BDIOA,0.76255,High Risk,22,0.3333333333333333,51.5520308006693,27.705833514531452,Month-to-month,Fiber optic,Electronic check,90.0,1993.8
9565-JSNFM,0.22832233,Low Risk,38,0.0,80.99453605766122,54.417216976483665,One year,Fiber optic,Bank transfer (automatic),70.45,2597.6
5906-DVAPM,0.108814046,Low Risk,55,0.6666666666666666,37.26277080006059,80.80929696559906,One year,DSL,Credit card (automatic),75.0,4213.9
6654-QGBZZ,0.59330964,Medium Risk,1,0.0,0.0,20.751184622446697,Month-to-month,No,Mailed check,19.9,19.9
8348-JLBUG,0.1269683,Low Risk,64,0.3333333333333333,63.62766722473353,76.98492010434468,One year,Fiber optic,Credit card (automatic),80.3,5017.7
0607-DAAHE,0.10611602,Low Risk,53,0.0,0.0,66.77753349145253,Two year,No,Bank transfer (automatic),19.75,1052.35
5641-DMBFJ,0.10122611,Low Risk,58,0.8333333333333334,11.143595422165674,85.77202876408896,Two year,DSL,Electronic check,84.3,4916.4
9200-NLNPD,0.267273,Low Risk,56,0.6666666666666666,14.289260000608706,73.30301622549693,One year,DSL,Bank transfer (automatic),54.05,2959.8
2664-XJZNO,0.12454269,Low Risk,72,0.8333333333333334,11.143595422165674,90.43953100840253,Two year,Fiber optic,Credit card (automatic),104.9,7559.55
9732-KPKBW,0.70697355,High Risk,1,0.3333333333333333,71.75541747592861,21.734655698140465,Month-to-month,DSL,Electronic check,53.95,53.95
3339-EAQNV,0.3058338,Medium Risk,72,0.5,23.460322836217273,74.70830917358398,One year,Fiber optic,Credit card (automatic),97.25,7133.1
0921-OHLVP,0.67707604,High Risk,22,0.16666666666666666,57.95296951208529,28.64619791507721,Month-to-month,Fiber optic,Electronic check,83.05,1799.3
3389-YGYAI,0.8705373,High Risk,8,0.6666666666666666,9.239118581732612,23.139802614847817,Month-to-month,Fiber optic,Electronic check,105.5,829.55
9560-ARGQJ,0.75509995,High Risk,16,0.16666666666666666,57.64548480395888,22.24500238895416,Month-to-month,Fiber optic,Electronic check,81.0,1312.15
8350-NYMVI,0.29080233,Low Risk,39,0.5,49.53628237772131,61.70988202095031,Month-to-month,DSL,Bank transfer (automatic),41.1,1597.05
1600-DILPE,0.44478247,Medium Risk,12,0.0,80.99453605766122,32.76087522506714,Month-to-month,DSL,Bank transfer (automatic),45.0,524.35
0536-ESJEP,0.06412293,Low Risk,54,0.6666666666666666,20.31465825777424,82.62718756993611,Two year,DSL,Bank transfer (automatic),74.55,4191.45
4654-GGUII,0.1886003,Low Risk,18,0.5,60.611822053762936,58.06998491287232,One year,DSL,Mailed check,40.2,711.95
6478-HRRCZ,0.18202485,Low Risk,32,0.6666666666666666,37.570255508187,67.56542483965555,One year,DSL,Mailed check,70.5,2201.75
8510-BBWMU,0.08677062,Low Risk,41,0.0,0.0,62.74480362733205,One year,No,Mailed check,19.75,806.95
6857-TKDJV,0.04458054,Low Risk,67,0.0,0.0,75.6876407066981,Two year,No,Bank transfer (automatic),24.65,1620.45
2360-RDGRO,0.5262305,Medium Risk,65,0.6666666666666666,17.237049425455254,64.10514096419016,Month-to-month,Fiber optic,Electronic check,104.25,6812.95
0584-BJQGZ,0.25495598,Low Risk,25,0.8333333333333334,23.041566545575932,64.33553298314412,Month-to-month,DSL,Bank transfer (automatic),78.35,1837.9
5134-IKDAY,0.893215,High Risk,1,0.0,80.99453605766122,5.7559166351954145,Month-to-month,Fiber optic,Electronic check,69.8,69.8
1360-XFJMR,0.40605447,Medium Risk,67,0.8333333333333334,3.145664578443032,74.28060849507649,One year,Fiber optic,Credit card (automatic),109.7,7344.45
3070-DVEYC,0.7490152,High Risk,7,0.0,80.99453605766122,15.465906063715618,Month-to-month,Fiber optic,Mailed check,73.75,545.15
5730-RIITO,0.4063966,Medium Risk,43,0.3333333333333333,66.70527605705252,54.26350196202596,Month-to-month,DSL,Credit card (automatic),33.45,1500.25
9058-MJLZC,0.746259,High Risk,24,0.5,31.458253679939915,32.687051296234124,Month-to-month,Fiber optic,Electronic check,94.6,2283.15
5707-ORNDZ,0.559607,Medium Risk,9,0.16666666666666666,77.84887147921819,29.102981885274247,Month-to-month,DSL,Electronic check,54.55,494.05
0902-XKXPN,0.041065186,Low Risk,69,0.0,0.0,76.69673919677734,Two year,No,Bank transfer (automatic),20.2,1376.5
5177-RVZNU,0.076575466,Low Risk,37,0.0,0.0,61.587893764177956,One year,No,Bank transfer (automatic),20.3,755.4
0056-EPFBG,0.08409462,Low Risk,20,0.5,57.53421322144395,64.1286011536916,Two year,DSL,Credit card (automatic),39.4,825.4
8993-IZEUX,0.6700378,High Risk,7,0.0,80.99453605766122,19.41477636496226,Month-to-month,Fiber optic,Bank transfer (automatic),69.15,488.65
8696-JKZNU,0.70153856,High Risk,37,0.0,80.99453605766122,30.339738527933758,Month-to-month,Fiber optic,Electronic check,76.25,2841.55
5380-AFSSK,0.88268626,High Risk,5,0.3333333333333333,34.60391825838295,14.615687131881714,Month-to-month,Fiber optic,Mailed check,93.9,486.85
8190-ZTQFB,0.4134926,Medium Risk,41,0.5,20.382714003898286,56.40870531400044,One year,DSL,Electronic check,51.35,2075.1
0931-MHTEM,0.39743274,Medium Risk,54,0.6666666666666666,20.31465825777424,65.96169610818227,One year,Fiber optic,Credit card (automatic),100.05,5299.65
2055-PDADH,0.81695235,High Risk,3,0.0,80.99453605766122,10.402382612228394,Month-to-month,Fiber optic,Electronic check,70.4,204.7
7515-LODFU,0.04971097,Low Risk,69,0.0,0.0,76.26445055007935,Two year,No,Credit card (automatic),20.3,1356.3
0440-UEDAI,0.29428747,Low Risk,53,0.6666666666666666,26.494715832145374,70.70229450861612,One year,Fiber optic,Credit card (automatic),94.45,5042.75
1337-BOZWO,0.26077858,Low Risk,18,0.5,32.280685127308544,54.46107268333436,One year,DSL,Credit card (automatic),46.4,812.4
0868-VJRDR,0.172494,Low Risk,64,0.8333333333333334,14.221204254484661,84.7086336215337,Two year,Fiber optic,Credit card (automatic),104.05,6605.55
8714-EUHJO,0.67282283,High Risk,31,0.3333333333333333,46.809374089919615,35.942191680272416,Month-to-month,Fiber optic,Electronic check,91.15,2995.45
6344-SFJVH,0.36898816,Medium Risk,20,0.0,80.99453605766122,39.8839255174001,Month-to-month,DSL,Credit card (automatic),24.9,505.95
3950-VPYJB,0.09773535,Low Risk,57,0.5,60.611822053762936,78.86323273181915,One year,DSL,Mailed check,59.6,3509.4
8041-TMEID,0.2970771,Low Risk,63,0.8333333333333334,6.09345400328958,78.06281367937724,Two year,Fiber optic,Credit card (automatic),108.5,6991.9
7321-ZNSLA,0.06891367,Low Risk,13,0.5,60.611822053762936,61.97098175684611,Two year,DSL,Mailed check,40.55,590.35
6941-KXRRV,0.33759552,Medium Risk,48,0.3333333333333333,46.809374089919615,59.786890546480805,One year,DSL,Bank transfer (automatic),58.95,2789.7
3721-CNEYS,0.816978,High Risk,2,0.0,80.99453605766122,9.984434445699057,Month-to-month,Fiber optic,Electronic check,70.95,137.95
8727-JQFHV,0.05044004,Low Risk,57,0.0,0.0,71.22799932956696,Two year,No,Mailed check,20.75,1123.15
9475-NNDGC,0.3577339,Medium Risk,71,0.8333333333333334,3.145664578443032,78.36330473423006,One year,Fiber optic,Bank transfer (automatic),113.15,7953.25
1355-KUSBG,0.589549,Medium Risk,7,0.0,80.99453605766122,23.439216415087383,Month-to-month,DSL,Electronic check,48.8,349.8
3688-FTHLT,0.49541655,Medium Risk,16,0.16666666666666666,57.95296951208529,35.2291738986969,Month-to-month,DSL,Bank transfer (automatic),63.05,1067.05
0899-LIIBW,0.7081044,High Risk,34,0.5,20.382714003898286,38.761448065439865,Month-to-month,Fiber optic,Electronic check,100.85,3527.3
2568-OIADY,0.76736236,High Risk,37,0.5,20.382714003898286,37.04854885737101,Month-to-month,Fiber optic,Electronic check,99.5,3762.0
1384-RCUXW,0.65747666,High Risk,16,0.16666666666666666,69.85094063549555,27.12616682052612,Month-to-month,Fiber optic,Mailed check,80.55,1248.9
5825-XJOCM,0.14262451,Low Risk,48,0.5,52.484071802567854,72.86877512931824,One year,DSL,Bank transfer (automatic),64.4,3035.35
6848-YLDFR,0.2333106,Low Risk,58,0.6666666666666666,17.366868832927693,75.83447098731995,One year,DSL,Credit card (automatic),75.2,4300.8
8125-QPFJD,0.045035545,Low Risk,72,0.8333333333333334,11.143595422165674,94.41488961378735,Two year,DSL,Bank transfer (automatic),84.9,6065.3
2320-YKQBO,0.22212833,Low Risk,7,0.0,0.0,41.810250083605446,Month-to-month,No,Mailed check,19.3,144.95
1193-RTSLK,0.4865633,Medium Risk,38,0.5,52.484071802567854,51.505167086919144,Month-to-month,Fiber optic,Credit card (automatic),83.9,3233.6
2302-ANTDP,0.57370144,Medium Risk,48,1.0,0.0,61.314927935600274,Month-to-month,Fiber optic,Electronic check,117.45,5438.9
5923-GXUOC,0.8151485,High Risk,10,0.8333333333333334,6.09345400328958,30.07590969403585,Month-to-month,Fiber optic,Electronic check,104.4,1081.45
4973-RLZVI,0.20135337,Low Risk,30,0.8333333333333334,23.041566545575932,69.09899810949962,One year,DSL,Credit card (automatic),74.65,2308.6
7869-ZYDST,0.3114395,Medium Risk,31,0.16666666666666666,57.64548480395888,50.67802429199219,Month-to-month,DSL,Credit card (automatic),59.05,1882.8
4501-UYKBC,0.29667917,Low Risk,46,0.5,37.63831125431105,64.33270970980325,One year,DSL,Credit card (automatic),69.1,3255.35
1215-EXRMO,0.056340996,Low Risk,50,0.0,0.0,68.01628371079762,Two year,No,Mailed check,20.55,1067.65
2305-MRGLV,0.4426926,Medium Risk,28,0.16666666666666666,74.90108205437164,42.865368127822876,Month-to-month,Fiber optic,Bank transfer (automatic),76.55,2065.4
8404-VIOMB,0.052821953,Low Risk,66,1.0,0.0,94.85890328884123,Two year,DSL,Bank transfer (automatic),62.5,4136.4
5233-GEEAX,0.6968486,High Risk,8,0.16666666666666666,66.77333180317656,21.824238101641335,Month-to-month,DSL,Electronic check,29.4,221.9
2359-KLTEK,0.5934829,Medium Risk,41,0.5,20.382714003898286,47.409187753995255,Month-to-month,Fiber optic,Bank transfer (automatic),94.9,3848.0
5304-EFJLP,0.08033897,Low Risk,72,0.8333333333333334,3.145664578443032,92.64971892038983,Two year,Fiber optic,Bank transfer (automatic),111.65,8022.85
2673-ZALNP,0.14146982,Low Risk,7,0.0,0.0,45.843174854914345,One year,No,Mailed check,19.9,173.15
9184-GALIL,0.1514158,Low Risk,38,0.0,0.0,58.2625420888265,Month-to-month,No,Mailed check,20.45,781.25
4393-RYCRE,0.5150566,Medium Risk,44,0.8333333333333334,6.09345400328958,59.24716949462891,One year,Fiber optic,Electronic check,106.05,4510.8
9746-MDMBK,0.38421825,Medium Risk,47,1.0,0.0,70.37242253621419,One year,Fiber optic,Bank transfer (automatic),113.45,5317.8
3162-ZJZFU,0.505163,Medium Risk,53,0.5,40.408435378503626,56.82518263657887,Month-to-month,Fiber optic,Electronic check,92.55,4779.45
8404-GFGCZ,0.6203645,High Risk,4,0.3333333333333333,43.42428054947422,27.315108974774677,Month-to-month,DSL,Electronic check,65.6,250.1
8875-AKBYH,0.7857442,High Risk,20,0.16666666666666666,57.64548480395888,22.37945715586344,Month-to-month,Fiber optic,Electronic check,84.35,1745.2
4432-ADRLB,0.66336447,High Risk,2,0.0,80.99453605766122,17.665109833081562,Month-to-month,DSL,Mailed check,44.65,74.9
0533-UCAAU,0.16618672,Low Risk,57,0.5,32.280685127308544,75.44066548347473,One year,DSL,Credit card (automatic),71.1,4140.1
1394-SUIUH,0.46572915,Medium Risk,44,0.5,60.611822053762936,55.04687746365865,Month-to-month,Fiber optic,Electronic check,85.15,3670.5
3521-MNKLV,0.3669008,Medium Risk,24,0.16666666666666666,66.77333180317656,44.98829325040181,Month-to-month,DSL,Mailed check,49.7,1167.8
2533-TIBIX,0.44501314,Medium Risk,15,0.16666666666666666,77.84887147921819,37.332675059636436,Month-to-month,DSL,Bank transfer (automatic),30.2,469.65
8993-PHFWD,0.7009193,High Risk,3,0.0,80.99453605766122,16.204036474227905,Month-to-month,DSL,Electronic check,25.25,58.9
1565-RHDJD,0.81000805,High Risk,4,0.3333333333333333,55.629736381010886,17.83293088277181,Month-to-month,Fiber optic,Bank transfer (automatic),84.05,333.55
7137-RYLPP,0.7327831,High Risk,37,0.16666666666666666,57.64548480395888,32.11084604263306,Month-to-month,Fiber optic,Electronic check,85.7,3171.15
3765-JXVKY,0.888967,High Risk,1,0.16666666666666666,69.85094063549555,9.301651120185852,Month-to-month,Fiber optic,Electronic check,74.7,74.7
5092-STPKP,0.25749615,Low Risk,24,0.3333333333333333,71.75541747592861,53.79186073939005,Month-to-month,DSL,Credit card (automatic),56.35,1381.2
7330-WZLNC,0.87751657,High Risk,5,0.3333333333333333,46.501889381793205,14.874171614646912,Month-to-month,Fiber optic,Electronic check,90.8,455.5
0114-PEGZZ,0.64375216,High Risk,33,0.6666666666666666,9.239118581732612,44.895725448926285,Month-to-month,Fiber optic,Electronic check,107.55,3645.5
3359-DSRKA,0.053290285,Low Risk,58,0.0,0.0,71.50215129057567,Two year,No,Mailed check,19.85,1158.85
8639-NHQEI,0.08423985,Low Risk,72,0.5,43.35622480335017,85.78800797462463,Two year,Fiber optic,Bank transfer (automatic),95.9,6954.15
7161-DFHUF,0.041780848,Low Risk,71,0.0,0.0,77.49429186185202,Two year,No,Mailed check,23.85,1672.1
3957-LXOLK,0.76113975,High Risk,28,0.6666666666666666,9.239118581732612,36.94301247596741,Month-to-month,Fiber optic,Electronic check,106.15,3152.5
3720-DBRWL,0.053078007,Low Risk,51,1.0,0.0,88.59610021114351,Two year,DSL,Credit card (automatic),83.85,4307.1
6635-MYYYZ,0.3041094,Medium Risk,30,1.0,0.0,67.29453027248383,One year,DSL,Bank transfer (automatic),85.35,2530.4
8565-WUXZU,0.064094216,Low Risk,72,0.5,60.611822053762936,86.79529070854187,Two year,Fiber optic,Credit card (automatic),84.8,6141.65
5281-BUZGT,0.6333058,High Risk,36,0.3333333333333333,54.49982022551585,40.00137726465861,Month-to-month,Fiber optic,Electronic check,90.85,3186.7
4994-OBRSZ,0.07004135,Low Risk,14,0.8333333333333334,23.349051253702342,68.99793207645418,Two year,DSL,Bank transfer (automatic),76.1,1054.8
0562-FGDCR,0.054422047,Low Risk,72,0.6666666666666666,37.26277080006059,90.61223228772481,Two year,DSL,Mailed check,74.55,5430.65
2436-QBZFP,0.5442364,Medium Risk,22,0.3333333333333333,46.501889381793205,38.621512254079185,Month-to-month,DSL,Electronic check,39.2,849.9
3420-YJLQT,0.8038278,High Risk,2,0.16666666666666666,69.85094063549555,13.975275556246439,Month-to-month,Fiber optic,Electronic check,79.55,151.75
6040-CGACY,0.22638218,Low Risk,15,0.0,0.0,44.93089020252228,Month-to-month,No,Mailed check,19.6,299.4
6582-PLFUU,0.06661598,Low Risk,51,0.0,0.0,67.91920006275177,Two year,No,Credit card (automatic),19.55,1086.75
8242-PDSGJ,0.06024843,Low Risk,70,0.5,57.53421322144395,86.15424493948618,Two year,DSL,Credit card (automatic),39.15,2692.75
0264-CNITK,0.039797675,Low Risk,71,0.0,0.0,77.59345014890036,Two year,No,Bank transfer (automatic),20.1,1389.6
0089-IIQKO,0.62446463,High Risk,39,0.5,28.510464255093368,45.02676844596862,Month-to-month,Fiber optic,Credit card (automatic),99.95,3767.4
7839-NUIAA,0.24050069,Low Risk,61,0.3333333333333333,66.70527605705252,70.0582989056905,Month-to-month,DSL,Electronic check,59.8,3641.5
6075-QMNRR,0.23756507,Low Risk,52,0.16666666666666666,77.84887147921819,63.121747970581055,Month-to-month,DSL,Bank transfer (automatic),49.75,2535.55
5378-IKEEG,0.8284455,High Risk,1,0.16666666666666666,57.64548480395888,12.327725291252136,Month-to-month,DSL,Electronic check,35.75,35.75
5966-EMAZU,0.39192247,Medium Risk,64,0.8333333333333334,11.143595422165674,73.7372096379598,One year,Fiber optic,Mailed check,108.5,6880.85
0440-EKDCF,0.055433013,Low Risk,62,0.5,49.53628237772131,83.0616815884908,Two year,DSL,Credit card (automatic),60.15,3753.2
4774-HHGGS,0.059647836,Low Risk,30,0.0,0.0,59.51760709285736,Two year,No,Mailed check,19.05,637.55
2718-GAXQD,0.6921867,High Risk,4,0.0,80.99453605766122,17.05733100573222,Month-to-month,DSL,Electronic check,46.0,181.6
2055-BFOCC,0.24024914,Low Risk,63,1.0,0.0,84.23754215240477,One year,DSL,Bank transfer (automatic),84.0,5329.55
8180-AKMJV,0.749195,High Risk,1,0.0,80.99453605766122,12.95691768328349,Month-to-month,DSL,Credit card (automatic),44.55,44.55
4298-OYIFC,0.81387573,High Risk,15,0.6666666666666666,14.289260000608706,28.88954659303029,Month-to-month,Fiber optic,Electronic check,103.45,1539.8
5566-SOEZD,0.2060006,Low Risk,27,0.3333333333333333,66.70527605705252,57.616638342539474,One year,Fiber optic,Credit card (automatic),80.65,2209.75
9842-EFSYY,0.5875417,Medium Risk,4,0.8333333333333334,6.09345400328958,38.95624836285909,Month-to-month,DSL,Mailed check,57.2,223.75
2272-WUSPA,0.15669534,Low Risk,72,0.8333333333333334,6.09345400328958,88.8318983713786,Two year,Fiber optic,Electronic check,110.75,7751.7
4584-LBNMK,0.10493628,Low Risk,45,0.0,0.0,63.50318491458893,One year,No,Credit card (automatic),24.7,1174.35
3898-GUYTS,0.5985379,Medium Risk,45,0.6666666666666666,37.26277080006059,52.15643723805745,Month-to-month,Fiber optic,Electronic check,97.05,4385.05
0930-EHUZA,0.17153801,Low Risk,36,0.8333333333333334,23.041566545575932,73.08976689974467,One year,DSL,Mailed check,76.35,2606.35
6413-XKKPU,0.72777843,High Risk,17,0.5,40.278615971031186,30.694411595662434,Month-to-month,Fiber optic,Electronic check,89.4,1539.45
9975-SKRNR,0.4075915,Medium Risk,1,0.0,0.0,30.037093559900917,Month-to-month,No,Mailed check,18.9,18.9
3703-KBKZP,0.6657641,High Risk,16,0.0,80.99453605766122,23.37846199671427,Month-to-month,Fiber optic,Bank transfer (automatic),74.45,1261.35
1449-XQEMT,0.36883077,Medium Risk,3,0.0,0.0,32.808459997177124,Month-to-month,No,Mailed check,19.8,58.15
2626-URJFX,0.7325961,High Risk,4,0.0,80.99453605766122,15.036861697832743,Month-to-month,DSL,Electronic check,50.9,225.6
4973-MGTON,0.04473222,Low Risk,71,1.0,0.0,97.3467226823171,Two year,DSL,Credit card (automatic),84.4,5969.3
3682-YEUWS,0.2524582,Low Risk,10,0.0,0.0,41.54375592867534,Month-to-month,No,Mailed check,24.4,253.9
1223-UNPKS,0.05611252,Low Risk,20,0.0,0.0,55.527706940968834,Two year,No,Mailed check,20.05,400.0
2612-RRIDN,0.8400698,High Risk,4,0.16666666666666666,57.64548480395888,12.996511459350584,Month-to-month,Fiber optic,Electronic check,81.0,340.85
4735-ASGMA,0.80549157,High Risk,26,0.5,20.382714003898286,30.558755000432335,Month-to-month,Fiber optic,Electronic check,98.35,2515.3
3446-QDSZF,0.5609661,Medium Risk,4,0.16666666666666666,57.64548480395888,26.951696276664734,Month-to-month,DSL,Credit card (automatic),55.5,227.35
3669-LVWZB,0.65659326,High Risk,5,0.5,23.460322836217273,29.253670175870262,Month-to-month,DSL,Mailed check,51.0,305.95
6892-EZDTG,0.87784106,High Risk,4,0.3333333333333333,46.501889381793205,14.441280563672382,Month-to-month,Fiber optic,Electronic check,91.65,365.4
5117-IFGPS,0.74492735,High Risk,29,0.16666666666666666,57.95296951208529,28.17029933134715,Month-to-month,Fiber optic,Electronic check,84.3,2357.75
7379-FNIUJ,0.7275624,High Risk,2,0.6666666666666666,20.31465825777424,27.78854529062907,Month-to-month,Fiber optic,Electronic check,100.2,198.5
1627-AFWVJ,0.060599085,Low Risk,29,0.0,0.0,59.053378899892174,Two year,No,Mailed check,19.4,554.25
9725-SCPZG,0.90347224,High Risk,1,0.3333333333333333,34.60391825838295,11.90972109635671,Month-to-month,Fiber optic,Electronic check,90.85,90.85
5884-GCYMI,0.8490605,High Risk,1,0.0,80.99453605766122,7.963642875353496,Month-to-month,Fiber optic,Mailed check,69.4,69.4
3217-FZDMN,0.8483827,High Risk,8,0.5,20.382714003898286,20.91419776280721,Month-to-month,Fiber optic,Credit card (automatic),94.45,742.95
4486-EFAEB,0.2926727,Low Risk,13,0.0,0.0,40.78303198019663,Month-to-month,No,Electronic check,20.4,251.65
0060-FUALY,0.51495886,Medium Risk,59,0.5,43.35622480335017,58.835390408833824,Month-to-month,Fiber optic,Electronic check,94.75,5597.65
7853-GVUDZ,0.6260512,High Risk,1,0.0,0.0,19.11410729090373,Month-to-month,No,Credit card (automatic),20.15,20.15
7480-QNVZJ,0.7459156,High Risk,50,0.3333333333333333,34.60391825838295,40.20422041416168,Month-to-month,Fiber optic,Electronic check,95.7,4816.7
6954-OOYZZ,0.4104701,Medium Risk,18,0.0,80.99453605766122,36.97649359703064,Month-to-month,DSL,Bank transfer (automatic),44.35,768.05
7088-FBAWU,0.32237086,Medium Risk,17,0.6666666666666666,20.31465825777424,54.29812232653299,Month-to-month,DSL,Mailed check,74.55,1215.8
8313-AFGBW,0.11482531,Low Risk,47,0.6666666666666666,9.239118581732612,77.17540125052133,Two year,DSL,Electronic check,73.6,3522.65
3943-KDREE,0.58048093,Medium Risk,26,0.0,80.99453605766122,31.809286673863728,Month-to-month,Fiber optic,Bank transfer (automatic),74.95,1834.95
9239-ZBZZV,0.7262793,High Risk,6,0.5,20.382714003898286,26.186034083366394,Month-to-month,DSL,Electronic check,47.95,305.1
3097-IDVPU,0.3679041,Medium Risk,19,0.0,80.99453605766122,39.52146331469218,Month-to-month,DSL,Credit card (automatic),50.1,910.45
4398-HSCJH,0.6953222,High Risk,3,0.3333333333333333,51.5520308006693,23.15055588881175,Month-to-month,DSL,Electronic check,63.6,155.65
2197-OMWGI,0.2671178,Low Risk,68,0.6666666666666666,9.239118581732612,78.31077675024667,Two year,DSL,Electronic check,53.0,3656.25
2303-PJYHN,0.36352536,Medium Risk,2,0.0,0.0,32.657063802083336,Month-to-month,No,Bank transfer (automatic),19.85,52.0
9795-VOWON,0.29368332,Low Risk,7,0.0,80.99453605766122,38.232502142588295,One year,DSL,Credit card (automatic),24.35,150.85
1237-WIYYZ,0.2194816,Low Risk,18,0.0,0.0,46.52592062950134,Month-to-month,No,Mailed check,19.55,389.25
1987-AUELQ,0.046096105,Low Risk,71,0.0,0.0,77.27852900822958,Two year,No,Credit card (automatic),25.05,1873.7
7852-LECYP,0.6922749,High Risk,13,0.5,43.66370951147658,30.80292026201884,Month-to-month,Fiber optic,Credit card (automatic),93.8,1261.0
4430-UZIPO,0.6556661,High Risk,3,0.3333333333333333,63.75748663220597,25.133361021677654,Month-to-month,DSL,Mailed check,36.85,108.7
4822-LPTYJ,0.23615322,Low Risk,72,0.6666666666666666,9.239118581732612,81.52567108472188,Two year,Fiber optic,Bank transfer (automatic),103.75,7346.2
8165-CBKXO,0.074164286,Low Risk,66,0.6666666666666666,9.239118581732612,87.12511976559955,Two year,DSL,Credit card (automatic),56.75,3708.4
6527-PZFPV,0.100311905,Low Risk,24,0.0,0.0,54.98440623283386,One year,No,Credit card (automatic),20.8,469.65
4855-SNKMY,0.7988662,High Risk,1,0.0,80.99453605766122,10.473356048266092,Month-to-month,DSL,Electronic check,44.1,44.1
9593-CVZKR,0.053679746,Low Risk,56,0.0,0.0,70.64934511979422,Two year,No,Mailed check,24.45,1385.85
8595-SIZNC,0.14154454,Low Risk,22,0.0,0.0,52.08944062391917,One year,No,Bank transfer (automatic),25.6,548.8
8008-HAWED,0.68369436,High Risk,14,0.5,20.382714003898286,31.64861520131429,Month-to-month,DSL,Electronic check,50.75,712.75
7124-UGSUR,0.45642567,Medium Risk,61,0.6666666666666666,9.239118581732612,65.9287166595459,One year,Fiber optic,Credit card (automatic),104.4,6405.0
1862-SKORY,0.5557177,Medium Risk,40,0.3333333333333333,46.501889381793205,45.547447999318436,Month-to-month,DSL,Electronic check,39.3,1637.4
5236-XMZJY,0.25258517,Low Risk,42,0.5,52.484071802567854,64.87074136734009,Month-to-month,DSL,Bank transfer (automatic),59.65,2536.55
4827-DPADN,0.043115698,Low Risk,72,0.8333333333333334,11.143595422165674,94.51088289419812,Two year,DSL,Bank transfer (automatic),83.3,6042.7
2694-CIUMO,0.7345217,High Risk,12,0.16666666666666666,74.90108205437164,21.60724898179372,Month-to-month,Fiber optic,Credit card (automatic),79.55,958.25
5846-ABOBJ,0.04196527,Low Risk,71,0.0,0.0,77.48507102330527,Two year,No,Bank transfer (automatic),24.45,1730.65
1439-LCGVL,0.06742153,Low Risk,26,0.0,0.0,57.46225555737813,One year,No,Mailed check,19.2,459.6
0909-SDHNU,0.4311113,Medium Risk,7,0.16666666666666666,77.84887147921819,34.69443321228027,Month-to-month,DSL,Mailed check,29.8,201.95
4647-XXZAM,0.4743135,Medium Risk,6,0.0,80.99453605766122,28.784325122833256,Month-to-month,DSL,Mailed check,45.5,285.2
1502-XFCVR,0.48872665,Medium Risk,58,0.8333333333333334,6.09345400328958,66.39700253804526,One year,Fiber optic,Electronic check,106.45,6145.85
7740-KKCXF,0.37014028,Medium Risk,51,0.16666666666666666,69.85094063549555,56.07631762822469,Month-to-month,DSL,Credit card (automatic),30.05,1529.45
5360-XGYAZ,0.04272609,Low Risk,72,1.0,0.0,97.86369502544403,Two year,DSL,Bank transfer (automatic),65.65,4664.5
9692-TUSXH,0.780676,High Risk,18,0.5,31.458253679939915,28.466199636459354,Month-to-month,Fiber optic,Electronic check,96.05,1740.7
7912-SYRQT,0.79142225,High Risk,7,0.0,80.99453605766122,13.345554272333782,Month-to-month,Fiber optic,Bank transfer (automatic),75.1,552.95
3557-HTYWR,0.06123891,Low Risk,47,0.6666666666666666,37.570255508187,79.85472242037454,Two year,DSL,Mailed check,74.05,3496.3
4816-JBHOV,0.7984741,High Risk,2,0.0,80.99453605766122,10.909629662831625,Month-to-month,DSL,Electronic check,44.7,93.7
8920-NAVAY,0.42994797,Medium Risk,62,0.8333333333333334,3.145664578443032,71.00260138511658,One year,Fiber optic,Bank transfer (automatic),110.75,7053.35
1699-TLDLZ,0.06598299,Low Risk,16,0.0,0.0,53.36751679579417,Two year,No,Mailed check,19.7,301.55
5600-PDUJF,0.50298166,Medium Risk,6,0.16666666666666666,74.90108205437164,30.68425019582113,Month-to-month,DSL,Credit card (automatic),49.5,312.7
8292-TYSPY,0.39466047,Medium Risk,19,0.3333333333333333,60.67987779988698,44.850309689839676,Month-to-month,DSL,Credit card (automatic),55.0,1046.5
0567-XRHCU,0.061824825,Low Risk,69,0.5,40.586100679157596,85.65876007080078,Two year,DSL,Credit card (automatic),43.95,2960.1
1867-BDVFH,0.8038018,High Risk,11,0.0,80.99453605766122,14.39324458440145,Month-to-month,Fiber optic,Electronic check,74.35,834.2
2067-QYTCF,0.52229935,Medium Risk,64,0.8333333333333334,3.145664578443032,67.21836586793263,Month-to-month,Fiber optic,Electronic check,111.15,6953.4
2359-QWQUL,0.4861952,Medium Risk,39,0.8333333333333334,11.143595422165674,58.60690633455911,One year,Fiber optic,Credit card (automatic),104.7,4134.85
9103-TCIHJ,0.40405032,Medium Risk,15,0.16666666666666666,77.84887147921819,39.38081582387289,Month-to-month,DSL,Mailed check,55.7,899.8
7407-SUJIZ,0.1575033,Low Risk,25,0.0,0.0,52.54150132338206,Month-to-month,No,Mailed check,20.6,541.5
9150-KPBJQ,0.074874714,Low Risk,6,0.0,0.0,48.75626504421234,Two year,No,Credit card (automatic),19.65,116.85
0052-DCKON,0.40841892,Medium Risk,66,1.0,0.0,77.07905530929564,One year,Fiber optic,Bank transfer (automatic),115.8,7942.15
3654-ARMGP,0.065754585,Low Risk,61,0.8333333333333334,3.145664578443032,88.79560371239981,Two year,DSL,Credit card (automatic),88.65,5321.25
9699-UBQFS,0.6460914,High Risk,43,0.5,43.35622480335017,45.61209658781687,Month-to-month,Fiber optic,Electronic check,94.5,4156.8
9367-TCUYN,0.24624701,Low Risk,12,0.0,0.0,42.68765032291412,Month-to-month,No,Mailed check,20.1,223.6
1261-FWTTE,0.5573962,Medium Risk,23,0.16666666666666666,57.95296951208529,35.04685799280802,Month-to-month,DSL,Bank transfer (automatic),34.65,768.45
3528-HFRIQ,0.35808012,Medium Risk,71,0.6666666666666666,9.239118581732612,75.0126592318217,Month-to-month,DSL,Bank transfer (automatic),52.3,3765.05
0708-SJDIS,0.2524024,Low Risk,34,0.3333333333333333,51.5520308006693,58.213212092717484,Month-to-month,DSL,Mailed check,65.0,2157.5
4140-WJAWW,0.3349582,Medium Risk,5,0.0,0.0,35.33542354901631,Month-to-month,No,Credit card (automatic),19.85,108.05
2073-QBVBI,0.15779194,Low Risk,41,0.3333333333333333,63.75748663220597,65.86040139198303,One year,DSL,Mailed check,35.45,1391.65
6928-ONTRW,0.044500742,Low Risk,72,0.0,0.0,77.7749615907669,Two year,No,Credit card (automatic),19.7,1379.8
3320-VEOYC,0.83152556,High Risk,14,0.3333333333333333,34.60391825838295,20.92372179031372,Month-to-month,Fiber optic,Electronic check,95.6,1273.3
5231-FIQPA,0.05574277,Low Risk,41,0.0,0.0,64.29619630177815,Two year,No,Mailed check,19.85,810.45
6617-WLBQC,0.18569426,Low Risk,23,0.16666666666666666,77.84887147921819,53.63195280234019,One year,Fiber optic,Credit card (automatic),81.85,1810.85
2599-CIPQE,0.10154525,Low Risk,71,1.0,0.0,94.50606962045033,Two year,Fiber optic,Credit card (automatic),109.3,7782.85
6653-CBBOM,0.89121884,High Risk,1,0.0,80.99453605766122,5.855724612871806,Month-to-month,Fiber optic,Electronic check,70.3,70.3
8774-GSBUN,0.041456778,Low Risk,72,0.0,0.0,77.92716205120087,Two year,No,Mailed check,25.4,1797.1
7326-RIGQZ,0.7990219,High Risk,6,0.0,80.99453605766122,12.54890501499176,Month-to-month,Fiber optic,Electronic check,69.8,377.85
1401-FTHFQ,0.08969829,Low Risk,23,0.0,0.0,55.09841759999593,One year,No,Credit card (automatic),20.0,445.3
3247-ZVOUO,0.81298053,High Risk,10,0.16666666666666666,57.95296951208529,16.85097336769104,Month-to-month,Fiber optic,Electronic check,85.55,851.75
0254-FNMCI,0.13696715,Low Risk,72,1.0,0.0,93.15164089202881,Two year,Fiber optic,Electronic check,109.9,7624.2
1848-LBZHY,0.45929217,Medium Risk,7,0.16666666666666666,77.84887147921819,33.285391330718994,Month-to-month,DSL,Bank transfer (automatic),50.3,355.1
6101-IMRMM,0.81784594,High Risk,6,0.5,20.382714003898286,21.60770297050476,Month-to-month,Fiber optic,Mailed check,94.5,575.45
8118-TJAFG,0.8010615,High Risk,9,0.6666666666666666,17.366868832927693,27.030257781346638,Month-to-month,Fiber optic,Electronic check,101.5,906.85
5429-LWCMV,0.82903063,High Risk,12,0.3333333333333333,46.809374089919615,20.2151350180308,Month-to-month,Fiber optic,Electronic check,89.15,1057.55
7298-IZWLY,0.5888244,Medium Risk,1,0.0,0.0,20.975447098414104,Month-to-month,No,Mailed check,19.4,19.4
9758-MFWGD,0.23560639,Low Risk,48,0.16666666666666666,69.85094063549555,61.55301471551259,One year,DSL,Bank transfer (automatic),29.9,1388.75
3955-JBZZM,0.6528445,High Risk,20,0.16666666666666666,57.64548480395888,29.02444223562876,Month-to-month,Fiber optic,Electronic check,78.8,1641.3
1268-ASBGA,0.7457529,High Risk,16,0.16666666666666666,57.95296951208529,22.71235644817352,Month-to-month,Fiber optic,Credit card (automatic),85.35,1375.15
8943-URTMR,0.8345817,High Risk,2,0.16666666666666666,57.64548480395888,12.437583009401957,Month-to-month,Fiber optic,Mailed check,79.65,152.7
4815-TUMEQ,0.114138104,Low Risk,10,0.0,0.0,48.45976034800212,One year,No,Mailed check,19.3,185.2
4713-LZDRV,0.8536377,High Risk,2,0.16666666666666666,57.95296951208529,11.484781901041666,Month-to-month,Fiber optic,Electronic check,79.6,195.05
9909-IDLEK,0.5271099,Medium Risk,20,0.5,40.408435378503626,41.97783728440603,Month-to-month,Fiber optic,Mailed check,96.8,1826.7
4092-OFQZS,0.083988465,Low Risk,20,0.0,0.0,54.13390894730886,One year,No,Mailed check,20.65,417.5
1561-BWHIN,0.09868972,Low Risk,19,0.0,0.0,52.98217991987863,One year,No,Mailed check,19.8,344.5
4325-NFSKC,0.75361514,High Risk,19,0.3333333333333333,54.49982022551585,26.902576287587483,Month-to-month,Fiber optic,Electronic check,90.6,1660.0
9927-DSWDF,0.7271204,High Risk,22,0.8333333333333334,14.221204254484661,39.47731335957845,Month-to-month,Fiber optic,Electronic check,104.6,2180.55
9500-LTVBP,0.4836732,Medium Risk,35,0.16666666666666666,74.90108205437164,43.73300592104594,Month-to-month,Fiber optic,Credit card (automatic),80.05,2835.9
7252-NTGSS,0.69399387,High Risk,1,0.0,80.99453605766122,15.716973344484966,Month-to-month,DSL,Mailed check,45.15,45.15
8149-AIQCG,0.5744202,Medium Risk,39,0.0,80.99453605766122,37.52898931503296,Month-to-month,Fiber optic,Credit card (automatic),73.15,2730.85
1360-JYXKQ,0.4612812,Medium Risk,54,0.6666666666666666,14.289260000608706,62.76927431424458,One year,Fiber optic,Electronic check,99.1,5437.1
2955-PSXOE,0.6518135,High Risk,1,0.0,0.0,17.82599131266276,Month-to-month,No,Bank transfer (automatic),20.2,20.2
7762-URZQH,0.46741316,Medium Risk,66,0.6666666666666666,17.237049425455254,67.46267398198444,Two year,Fiber optic,Credit card (automatic),106.05,6981.35
0899-WZRSD,0.48236683,Medium Risk,56,0.6666666666666666,25.364799676650335,62.548326651255294,Month-to-month,Fiber optic,Mailed check,105.35,5794.45
3255-GRXMG,0.4117748,Medium Risk,18,0.0,80.99453605766122,36.91125929355621,Month-to-month,DSL,Credit card (automatic),45.65,747.2
4828-FAZPK,0.643152,High Risk,16,0.16666666666666666,69.85094063549555,27.842400074005123,Month-to-month,Fiber optic,Credit card (automatic),79.95,1267.95
6094-ZIVKX,0.09990912,Low Risk,68,0.3333333333333333,63.62766722473353,80.00454366207123,One year,DSL,Credit card (automatic),54.45,3674.95
6925-BAYGL,0.089799844,Low Risk,53,0.0,0.0,67.5933422644933,Two year,No,Credit card (automatic),25.1,1275.6
3262-EIDHV,0.043201555,Low Risk,72,0.8333333333333334,11.143595422165674,94.50658837954205,Two year,DSL,Credit card (automatic),84.7,5893.9
7354-OIJLX,0.8143704,High Risk,9,0.0,80.99453605766122,13.031480312347412,Month-to-month,Fiber optic,Electronic check,75.85,724.65
1376-HHBDV,0.24412967,Low Risk,30,0.16666666666666666,77.84887147921819,53.62685044606527,Month-to-month,DSL,Mailed check,48.8,1536.75
6907-NZZIJ,0.74697226,High Risk,36,0.5,23.460322836217273,37.651386857032776,Month-to-month,Fiber optic,Electronic check,99.15,3615.6
6133-OZILE,0.5880975,Medium Risk,18,0.3333333333333333,60.67987779988698,34.761791030565895,Month-to-month,DSL,Electronic check,35.2,607.3
4135-FRWKJ,0.17957507,Low Risk,55,0.6666666666666666,34.18516196774161,77.27124571800232,One year,DSL,Electronic check,76.25,4154.55
2911-UREFD,0.46034762,Medium Risk,39,0.6666666666666666,17.237049425455254,56.56595071156819,Month-to-month,DSL,Electronic check,55.9,2184.35
3744-ZRRDZ,0.7635075,High Risk,21,0.16666666666666666,69.85094063549555,23.907959063847862,Month-to-month,Fiber optic,Electronic check,82.35,1852.85
5673-TIYIB,0.69165325,High Risk,2,0.5,49.53628237772131,26.25067075093587,Month-to-month,DSL,Credit card (automatic),40.4,77.15
6551-ZCOTS,0.11824947,Low Risk,33,0.0,0.0,57.837526202201836,One year,No,Bank transfer (automatic),24.9,847.8
7191-ADRGF,0.10817191,Low Risk,44,0.6666666666666666,9.239118581732612,76.258069674174,Two year,DSL,Bank transfer (automatic),54.3,2390.45
5018-LXQQG,0.23044305,Low Risk,30,0.5,48.71385093035268,60.97784698009491,Month-to-month,DSL,Bank transfer (automatic),66.3,1923.5
6892-BOGQE,0.041762218,Low Risk,71,0.0,0.0,77.49522169431052,Two year,No,Bank transfer (automatic),20.9,1493.2
1602-IJQQE,0.78519464,High Risk,4,0.0,80.99453605766122,12.406934897104898,Month-to-month,Fiber optic,Electronic check,75.35,338.1
4628-WQCQQ,0.50145966,Medium Risk,35,0.3333333333333333,43.42428054947422,46.17701709270477,One year,Fiber optic,Electronic check,85.15,3030.6
1746-TGTWV,0.822109,High Risk,1,0.16666666666666666,66.77333180317656,12.644550800323486,Month-to-month,Fiber optic,Credit card (automatic),75.35,75.35
5995-SNNEW,0.81124586,High Risk,23,0.6666666666666666,9.239118581732612,32.354373733202614,Month-to-month,Fiber optic,Electronic check,104.45,2184.85
8050-WYBND,0.44045064,Medium Risk,22,0.5,20.382714003898286,47.14413324991862,One year,DSL,Credit card (automatic),49.45,1031.4
2821-WARNZ,0.08085965,Low Risk,49,0.0,0.0,66.37368361155191,One year,No,Credit card (automatic),19.45,921.3
4879-GZLFH,0.6429475,High Risk,42,0.5,20.382714003898286,45.352625250816345,Month-to-month,Fiber optic,Electronic check,92.15,3875.4
1644-IRKSF,0.51469666,Medium Risk,33,0.5,20.382714003898286,48.01516711711883,One year,Fiber optic,Electronic check,93.8,3124.5
8314-HTWVE,0.07106577,Low Risk,7,0.0,0.0,49.363377491633095,Two year,No,Mailed check,19.85,144.15
9402-ROUMJ,0.27588463,Low Risk,67,0.6666666666666666,34.492646675868016,77.45576858520508,One year,Fiber optic,Bank transfer (automatic),100.25,6689.0
2507-QZPQS,0.66287625,High Risk,15,0.5,40.715920086630035,33.10618758201599,Month-to-month,Fiber optic,Electronic check,95.7,1451.1
7159-NOKYQ,0.1802926,Low Risk,67,0.5,32.588169835434954,78.90203634897868,Two year,Fiber optic,Electronic check,93.15,6368.2
5707-ZMDJP,0.050795265,Low Risk,53,0.6666666666666666,37.26277080006059,82.87690381209055,Two year,DSL,Mailed check,69.7,3729.6
8779-YIQQA,0.097322725,Low Risk,21,0.0,0.0,53.883864879608154,One year,No,Mailed check,19.8,350.1
7136-IHZJA,0.24191979,Low Risk,40,0.6666666666666666,37.570255508187,67.90401220321655,Month-to-month,DSL,Mailed check,71.35,2847.2
8966-OIQHG,0.09509576,Low Risk,22,0.0,0.0,54.411878983179726,One year,No,Bank transfer (automatic),20.75,452.35
7074-STDCN,0.37976915,Medium Risk,39,0.3333333333333333,51.85951550879571,53.928209344546,Month-to-month,DSL,Electronic check,40.6,1494.5
3705-PSNGL,0.09286373,Low Risk,45,0.0,0.0,64.10681307315826,One year,No,Electronic check,20.4,930.45
8739-QOTTN,0.34398183,Medium Risk,2,0.0,0.0,33.63424022992452,Month-to-month,No,Mailed check,20.35,41.85
1399-OUPJN,0.061601028,Low Risk,57,0.0,0.0,70.66994786262512,Two year,No,Bank transfer (automatic),19.75,1272.05
0277-BKSQP,0.6132967,High Risk,8,0.16666666666666666,57.64548480395888,26.001832286516823,Month-to-month,DSL,Electronic check,54.4,475.1
6502-HCJTI,0.8331683,High Risk,7,0.5,43.66370951147658,21.25825027624766,Month-to-month,Fiber optic,Credit card (automatic),94.7,673.1
2606-RMDHZ,0.5694274,Medium Risk,6,0.16666666666666666,69.85094063549555,27.361964782079063,Month-to-month,DSL,Credit card (automatic),30.5,208.7
5774-XZTQC,0.25775608,Low Risk,7,0.0,0.0,40.02886096636454,Month-to-month,No,Mailed check,20.45,150.75
2676-SSLTO,0.07392163,Low Risk,49,0.3333333333333333,51.5520308006693,73.3872522910436,Two year,DSL,Bank transfer (automatic),66.15,3199.0
6266-QHOJZ,0.261968,Low Risk,65,0.5,60.611822053762936,73.9849325021108,One year,Fiber optic,Electronic check,89.85,5844.65
7269-JISCY,0.12714668,Low Risk,55,0.0,80.99453605766122,66.55933360258737,One year,DSL,Bank transfer (automatic),45.05,2462.6
0363-SVHYR,0.044801816,Low Risk,71,1.0,0.0,97.34324177106221,Two year,DSL,Bank transfer (automatic),86.85,6263.8
8547-NSBBO,0.4338825,Medium Risk,35,0.6666666666666666,46.390617799278274,56.222542921702065,Month-to-month,Fiber optic,Mailed check,96.75,3403.4
8258-GSTJK,0.8638599,High Risk,3,0.0,80.99453605766122,8.057005405426025,Month-to-month,Fiber optic,Electronic check,77.0,237.75
6861-OKBCE,0.2626741,Low Risk,11,0.0,0.0,41.44962867101034,Month-to-month,No,Credit card (automatic),20.1,221.35
9940-RHLFB,0.85962874,High Risk,1,0.16666666666666666,66.77333180317656,10.768563151359558,Month-to-month,Fiber optic,Electronic check,75.3,75.3
6591-QGOYB,0.61568254,High Risk,17,0.8333333333333334,23.041566545575932,42.96587288379669,Month-to-month,Fiber optic,Bank transfer (automatic),106.65,1672.1
9070-BCKQP,0.07216895,Low Risk,72,0.8333333333333334,11.143595422165674,93.05821935335797,Two year,Fiber optic,Credit card (automatic),110.15,7881.2
6421-SZVEM,0.3420316,Medium Risk,28,0.3333333333333333,54.80730493364226,51.23175342877706,One year,Fiber optic,Bank transfer (automatic),82.85,2320.8
1328-EUZHC,0.06079855,Low Risk,18,0.0,0.0,54.46007370948791,Two year,No,Mailed check,20.1,370.5
2995-UPRYS,0.44524935,Medium Risk,40,0.6666666666666666,17.366868832927693,57.73753404617309,One year,Fiber optic,Credit card (automatic),99.2,4062.2
8878-RYUKI,0.3812665,Medium Risk,52,0.3333333333333333,43.73176525760063,59.27000959714254,Month-to-month,DSL,Electronic check,59.45,3043.7
9633-DENPU,0.3214879,Medium Risk,47,0.3333333333333333,46.501889381793205,60.17560482025146,Month-to-month,DSL,Bank transfer (automatic),58.6,2723.4
7811-JIVPF,0.34116453,Medium Risk,23,0.16666666666666666,66.77333180317656,45.85844020048777,Month-to-month,DSL,Credit card (automatic),49.7,1081.25
7113-HIPFI,0.051687077,Low Risk,66,0.6666666666666666,46.390617799278274,88.24898024400073,Two year,DSL,Mailed check,65.85,4097.05
8541-QVFKM,0.8315273,High Risk,8,0.0,80.99453605766122,11.756968696912129,Month-to-month,Fiber optic,Electronic check,73.5,632.2
6686-YPGHK,0.52971405,Medium Risk,47,0.3333333333333333,54.80730493364226,49.764297604560845,Month-to-month,Fiber optic,Mailed check,85.5,4042.3
1383-EZRWL,0.27056152,Low Risk,7,0.0,0.0,39.38859085241953,Month-to-month,No,Mailed check,20.05,164.85
9258-CNWAC,0.061768085,Low Risk,71,1.0,0.0,96.49493058522542,Two year,Fiber optic,Credit card (automatic),113.65,8166.8
5371-VYLSX,0.57844645,Medium Risk,50,0.3333333333333333,66.70527605705252,48.577677607536316,Month-to-month,Fiber optic,Electronic check,83.4,4113.7
6374-AFWOX,0.059010554,Low Risk,46,0.6666666666666666,46.390617799278274,79.54947173595428,Two year,DSL,Mailed check,65.65,3047.15
4759-TRPLW,0.8594617,High Risk,1,0.0,80.99453605766122,7.443580428759257,Month-to-month,Fiber optic,Electronic check,70.4,70.4
5317-FLPJF,0.054881033,Low Risk,66,0.8333333333333334,11.143595422165674,91.42261485258739,Two year,DSL,Bank transfer (automatic),61.35,4193.4
7621-VPNET,0.48694775,Medium Risk,42,0.3333333333333333,60.67987779988698,49.81927792231242,Month-to-month,Fiber optic,Credit card (automatic),85.9,3729.75
6034-YMTOB,0.7631077,High Risk,5,0.16666666666666666,74.90108205437164,17.26128081480662,Month-to-month,Fiber optic,Mailed check,75.65,399.45
8563-IIOXK,0.43739486,Medium Risk,7,0.16666666666666666,77.84887147921819,34.38025712966919,One year,DSL,Electronic check,49.75,331.3
4903-CNOZC,0.2380171,Low Risk,29,0.5,32.588169835434954,60.18247922261556,One year,DSL,Credit card (automatic),70.9,1964.6
4353-HYOJD,0.26614025,Low Risk,27,0.16666666666666666,69.85094063549555,51.27632220586141,Month-to-month,DSL,Mailed check,49.85,1336.15
8020-BWHYL,0.6955925,High Risk,15,0.16666666666666666,69.85094063549555,24.803707202275593,Month-to-month,Fiber optic,Credit card (automatic),75.3,1147.45
7267-FRMJW,0.05117165,Low Risk,25,0.0,0.0,57.858083645502724,Two year,No,Mailed check,20.1,486.05
2982-VPSGI,0.85738933,High Risk,11,0.3333333333333333,34.60391825838295,18.380533456802368,Month-to-month,Fiber optic,Electronic check,94.0,1078.9
4188-FRABG,0.48513153,Medium Risk,57,0.8333333333333334,23.041566545575932,66.16009155909221,Month-to-month,Fiber optic,Electronic check,103.05,5925.75
8199-ZLLSA,0.47895777,Medium Risk,67,1.0,0.0,73.96877805391948,One year,Fiber optic,Bank transfer (automatic),118.35,7804.15
4128-ETESU,0.69508976,High Risk,47,0.5,20.382714003898286,44.82884546120961,Month-to-month,Fiber optic,Electronic check,99.7,4747.2
0620-DLSLK,0.73282117,High Risk,13,0.16666666666666666,57.64548480395888,22.108941674232483,Month-to-month,Fiber optic,Mailed check,81.9,1028.9
4625-EWPTF,0.66934705,High Risk,8,0.16666666666666666,77.84887147921819,23.199314276377358,Month-to-month,DSL,Electronic check,30.45,226.45
5980-NOPLP,0.7428812,High Risk,44,0.3333333333333333,34.60391825838295,37.8559410572052,Month-to-month,Fiber optic,Electronic check,96.1,4364.1
3850-OKINF,0.16658676,Low Risk,71,0.3333333333333333,54.49982022551585,77.92066216468811,One year,DSL,Electronic check,66.2,4692.55
6892-XPFPU,0.81268126,High Risk,24,0.6666666666666666,9.239118581732612,32.69927044709523,Month-to-month,Fiber optic,Electronic check,104.25,2433.9
8010-EZLOU,0.8002281,High Risk,15,0.16666666666666666,69.85094063549555,19.571927388509113,Month-to-month,Fiber optic,Electronic check,80.2,1217.25
1156-ZFYDO,0.5531125,Medium Risk,1,0.0,0.0,22.761041323343914,Month-to-month,No,Electronic check,19.75,19.75
3295-YVUSR,0.8296262,High Risk,2,0.0,80.99453605766122,9.352023204167685,Month-to-month,Fiber optic,Mailed check,72.6,154.3
8016-NCFVO,0.4790198,Medium Risk,55,1.0,0.0,68.96567861239116,Month-to-month,Fiber optic,Electronic check,116.5,6382.55
4119-ZYPZY,0.423546,Medium Risk,71,0.6666666666666666,17.366868832927693,71.739368836085,Two year,Fiber optic,Electronic check,106.8,7623.2
5549-ZGHFB,0.05857605,Low Risk,50,0.0,0.0,67.90453096230824,Two year,No,Mailed check,24.95,1261.45
7577-SWIFR,0.90268475,High Risk,1,0.3333333333333333,34.60391825838295,11.949095924695333,Month-to-month,Fiber optic,Electronic check,89.25,89.25
0303-WMMRN,0.264117,Low Risk,5,0.0,0.0,38.8774832089742,Month-to-month,No,Mailed check,19.25,86.05
6408-OTUBZ,0.2126784,Low Risk,66,0.8333333333333334,23.041566545575932,83.53274504343669,One year,Fiber optic,Bank transfer (automatic),104.55,6779.05
5204-HMGYF,0.1979169,Low Risk,49,1.0,0.0,80.52082339922586,One year,DSL,Mailed check,87.2,4345.0
1078-TDCRN,0.7888069,High Risk,3,0.16666666666666666,69.85094063549555,15.142987569173178,Month-to-month,DSL,Electronic check,30.75,82.85
3727-OVPRY,0.09673314,Low Risk,66,0.0,0.0,72.66334235668181,One year,No,Credit card (automatic),25.7,1714.55
3797-FKOGQ,0.75571114,High Risk,11,0.16666666666666666,57.95296951208529,20.131109754244488,Month-to-month,Fiber optic,Electronic check,86.2,893.2
7622-NXQZR,0.39131045,Medium Risk,28,0.16666666666666666,74.90108205437164,45.43447732925415,Month-to-month,DSL,Credit card (automatic),30.1,810.85
6196-HBOBZ,0.16287264,Low Risk,65,0.6666666666666666,29.135020548865512,82.27303306261697,Two year,Fiber optic,Electronic check,99.35,6347.55
3970-XGJDU,0.086611696,Low Risk,62,0.0,0.0,71.5027489264806,Two year,No,Credit card (automatic),19.2,1123.65
7017-VFULY,0.35815918,Medium Risk,2,0.0,0.0,32.92537411053976,Month-to-month,No,Bank transfer (automatic),20.1,43.15
5562-YJQGT,0.35297346,Medium Risk,2,0.0,0.0,33.18466027577718,Month-to-month,No,Credit card (automatic),20.35,35.1
8807-OPMBM,0.05845345,Low Risk,55,0.0,0.0,69.99399463335672,Two year,No,Credit card (automatic),25.65,1388.0
5439-WIKXB,0.6707841,High Risk,41,0.5,23.460322836217273,43.54412754376729,Month-to-month,Fiber optic,Electronic check,94.55,3851.45
9874-QLCLH,0.80010116,High Risk,17,0.6666666666666666,17.237049425455254,30.411608616511028,Month-to-month,Fiber optic,Electronic check,104.2,1743.5
8294-UIMBA,0.40424767,Medium Risk,30,0.5,28.510464255093368,52.287617921829224,One year,Fiber optic,Bank transfer (automatic),94.4,2638.1
8109-YUOHE,0.16974618,Low Risk,17,0.3333333333333333,66.70527605705252,55.262691974639885,One year,DSL,Mailed check,56.1,946.95
5840-NVDCG,0.06835355,Low Risk,16,0.6666666666666666,37.570255508187,66.5823233127594,Two year,DSL,Bank transfer (automatic),68.25,1114.85
8092-NLTGF,0.045897823,Low Risk,72,0.0,0.0,77.70510792732239,Two year,No,Bank transfer (automatic),24.75,1777.6
5928-QLDHB,0.81144714,High Risk,9,0.0,80.99453605766122,13.177642822265625,Month-to-month,Fiber optic,Electronic check,76.25,684.85
9840-EFJQB,0.8381454,High Risk,1,0.16666666666666666,69.85094063549555,11.842731237411499,Month-to-month,Fiber optic,Electronic check,74.35,74.35
0696-UKTOX,0.30270064,Medium Risk,23,0.3333333333333333,63.75748663220597,51.114968061447144,Month-to-month,DSL,Electronic check,54.15,1312.45
4801-KFYKL,0.24041891,Low Risk,8,0.0,0.0,41.312387784322105,Month-to-month,No,Bank transfer (automatic),19.45,159.2
3472-OAOOR,0.41234693,Medium Risk,19,0.3333333333333333,66.70527605705252,43.96598537762959,Month-to-month,DSL,Mailed check,34.95,610.2
6135-OZQVA,0.6023173,High Risk,7,0.16666666666666666,77.84887147921819,26.13413631916046,Month-to-month,DSL,Electronic check,53.65,404.35
8062-YBDOE,0.8975379,High Risk,1,0.0,80.99453605766122,5.5397723118464155,Month-to-month,Fiber optic,Electronic check,69.65,69.65
2252-JHJGE,0.4183497,Medium Risk,61,0.6666666666666666,17.237049425455254,67.83251285552979,One year,Fiber optic,Electronic check,104.0,6363.45
4188-PCPIG,0.057056673,Low Risk,57,0.6666666666666666,37.26277080006059,84.23050006230672,Two year,DSL,Credit card (automatic),70.35,4124.65
6000-APYLU,0.81049496,High Risk,9,0.16666666666666666,57.95296951208529,16.5585853656133,Month-to-month,Fiber optic,Electronic check,80.8,713.1
7105-BENQF,0.27209896,Low Risk,15,0.5,40.586100679157596,52.64505207538605,One year,DSL,Mailed check,64.85,950.75
7721-DVEKZ,0.5526616,Medium Risk,1,0.0,0.0,22.783586780230205,Month-to-month,No,Mailed check,19.65,19.65
3566-VVORZ,0.4018733,Medium Risk,12,0.0,80.99453605766122,34.90633547306061,Month-to-month,DSL,Bank transfer (automatic),45.9,505.95
9507-HSMMZ,0.060293816,Low Risk,54,0.0,0.0,69.48531031608582,Two year,No,Mailed check,20.0,1149.65
2480-SQIOB,0.6503223,High Risk,4,0.0,80.99453605766122,19.150550762812298,Month-to-month,DSL,Electronic check,44.8,169.65
0947-IDHRQ,0.7962563,High Risk,7,0.16666666666666666,57.64548480395888,16.437184810638428,Month-to-month,Fiber optic,Mailed check,80.3,526.7
7813-TKCVO,0.09119372,Low Risk,20,0.0,0.0,53.773646553357445,One year,No,Mailed check,20.35,393.15
0128-MKWSG,0.31925276,Medium Risk,26,0.5,48.71385093035268,54.87069686253866,Month-to-month,DSL,Mailed check,45.8,1147.0
3672-YITQD,0.72882205,High Risk,36,0.16666666666666666,57.95296951208529,31.89223070939382,Month-to-month,Fiber optic,Electronic check,84.1,3021.6
4350-ZTLPI,0.47814366,Medium Risk,53,0.8333333333333334,3.145664578443032,64.84281539916992,One year,Fiber optic,Bank transfer (automatic),108.95,5718.2
9048-JVYVF,0.65536237,High Risk,3,0.5,28.510464255093368,28.48188161849976,Month-to-month,DSL,Electronic check,69.35,191.35
0361-HJRDX,0.0657415,Low Risk,68,1.0,0.0,95.04625936349234,Two year,DSL,Credit card (automatic),64.35,4539.6
5727-MYATE,0.039865132,Low Risk,72,1.0,0.0,98.00674319267273,Two year,DSL,Credit card (automatic),90.8,6397.6
3823-KYNQY,0.17336823,Low Risk,12,0.0,0.0,46.331589221954346,One year,No,Credit card (automatic),24.95,280.4
8988-ECPJR,0.59652996,Medium Risk,34,0.16666666666666666,69.85094063549555,37.67350196838379,Month-to-month,Fiber optic,Mailed check,79.6,2718.3
7570-WELNY,0.08938658,Low Risk,68,0.3333333333333333,66.70527605705252,80.53067088127136,Two year,Fiber optic,Bank transfer (automatic),84.7,5711.05
3021-VLNRJ,0.109071806,Low Risk,50,0.6666666666666666,34.18516196774161,78.71307710806528,One year,DSL,Credit card (automatic),70.8,3478.15
3776-EKTKM,0.8501397,High Risk,1,0.16666666666666666,57.64548480395888,11.243016123771667,Month-to-month,DSL,Electronic check,36.45,36.45
2080-CAZNM,0.7549404,High Risk,41,0.6666666666666666,9.239118581732612,42.669647137324006,Month-to-month,Fiber optic,Electronic check,104.4,4133.95
1028-FFNJK,0.75304127,High Risk,30,0.5,28.510464255093368,34.84793663024902,Month-to-month,Fiber optic,Electronic check,101.5,2917.65
6907-FLBER,0.7268624,High Risk,1,0.16666666666666666,69.85094063549555,17.40688145160675,Month-to-month,DSL,Electronic check,54.3,54.3
3001-UNBTL,0.7708037,High Risk,29,0.5,20.382714003898286,33.543148835500084,Month-to-month,Fiber optic,Electronic check,103.95,2964.8
5982-PSMKW,0.06128115,Low Risk,23,1.0,0.0,76.51927610238394,Two year,DSL,Credit card (automatic),91.1,2198.3
3507-GASNP,0.052711878,Low Risk,60,0.0,0.0,72.36440479755402,Two year,No,Mailed check,19.95,1189.9
7096-ZNBZI,0.044236794,Low Risk,72,0.0,0.0,77.78816103935242,Two year,No,Credit card (automatic),26.45,1914.5
1902-XBTFB,0.74657196,High Risk,22,0.5,32.280685127308544,31.838068763415016,Month-to-month,Fiber optic,Electronic check,89.4,2001.5
1676-MQAOA,0.048936337,Low Risk,72,0.8333333333333334,23.041566545575932,94.21984831492108,Two year,DSL,Bank transfer (automatic),75.1,5336.35
0786-IVLAW,0.3534249,Medium Risk,66,0.6666666666666666,9.239118581732612,73.16208799680072,One year,Fiber optic,Bank transfer (automatic),108.1,7238.6
7566-DSRLQ,0.08805344,Low Risk,72,0.8333333333333334,3.145664578443032,92.26399342219037,Two year,Fiber optic,Electronic check,110.15,7998.8
0643-OKLRP,0.57092243,Medium Risk,47,0.16666666666666666,77.84887147921819,44.370544950167336,Month-to-month,Fiber optic,Electronic check,80.35,3825.85
7245-JMTTQ,0.50372434,Medium Risk,51,0.8333333333333334,3.145664578443032,62.73044983545939,One year,Fiber optic,Electronic check,111.5,5703.25
6050-IJRHS,0.37697402,Medium Risk,70,0.6666666666666666,9.239118581732612,73.65130066871643,One year,Fiber optic,Electronic check,106.5,7397.0
6202-JVYEU,0.1782386,Low Risk,9,0.0,0.0,44.83806848526001,One year,No,Electronic check,19.9,164.6
8591-TKMZH,0.23926926,Low Risk,59,0.8333333333333334,14.221204254484661,79.28653717041017,Two year,Fiber optic,Mailed check,111.1,6555.2
0734-OXWBT,0.5539083,Medium Risk,3,0.5,28.510464255093368,33.55458557605744,Month-to-month,DSL,Mailed check,70.7,225.65
4282-ACRXS,0.4513328,Medium Risk,38,0.0,80.99453605766122,43.26669295628866,Month-to-month,DSL,Electronic check,24.85,955.75
0365-TRTPY,0.40391567,Medium Risk,37,0.5,52.484071802567854,55.220884482065834,Month-to-month,Fiber optic,Bank transfer (automatic),91.2,3382.3
7349-ALMUX,0.06144688,Low Risk,37,0.6666666666666666,46.390617799278274,75.67765474319458,Two year,DSL,Bank transfer (automatic),65.6,2313.8
9381-NDKME,0.5448862,Medium Risk,24,0.3333333333333333,43.73176525760063,39.42235807577769,Month-to-month,DSL,Credit card (automatic),40.65,933.3
6502-KUGLL,0.30932948,Medium Risk,14,0.5,60.611822053762936,50.366857846577965,Month-to-month,DSL,Bank transfer (automatic),59.45,780.85
1841-YSJGV,0.069371425,Low Risk,72,0.8333333333333334,14.221204254484661,93.19809655348462,Two year,Fiber optic,Credit card (automatic),109.95,7852.4
2794-XIMMO,0.35209727,Medium Risk,53,0.8333333333333334,3.145664578443032,71.14513635635376,One year,DSL,Electronic check,60.45,3184.25
8382-SHQEH,0.86187756,High Risk,8,0.16666666666666666,57.95296951208529,13.572788635889687,Month-to-month,Fiber optic,Electronic check,84.9,764.95
3511-BFTJW,0.05870645,Low Risk,72,0.5,52.484071802567854,87.06467688083649,Two year,DSL,Credit card (automatic),38.5,2763.0
7668-XCFYV,0.79202396,High Risk,17,0.3333333333333333,34.60391825838295,24.148802161216736,Month-to-month,Fiber optic,Electronic check,92.55,1614.7
2983-ZANRP,0.7956871,High Risk,2,0.16666666666666666,69.85094063549555,14.382312695185343,Month-to-month,Fiber optic,Bank transfer (automatic),73.55,145.4
7845-URHJN,0.29379943,Low Risk,8,0.0,0.0,38.64336331685384,Month-to-month,No,Bank transfer (automatic),20.15,156.25
3034-ZBEQN,0.21398392,Low Risk,48,0.3333333333333333,55.629736381010886,65.96747199694315,One year,DSL,Mailed check,34.7,1604.5
5018-HEKFO,0.26606467,Low Risk,10,0.0,0.0,40.86343447367351,Month-to-month,No,Mailed check,24.5,270.15
2923-ARZLG,0.26504794,Low Risk,0,0.0,0.0,36.74760460853577,One year,No,Mailed check,19.7,0.0
3976-NLDEZ,0.60432667,High Risk,1,0.0,0.0,20.20033339659373,Month-to-month,No,Mailed check,20.6,20.6
2282-YGNOR,0.12004387,Low Risk,29,0.5,57.53421322144395,66.08113964398702,One year,DSL,Credit card (automatic),58.0,1734.5
5336-UFNZP,0.39303887,Medium Risk,65,0.6666666666666666,9.239118581732612,70.76472322146097,One year,Fiber optic,Electronic check,107.45,7047.5
6854-EXGSF,0.42465562,Medium Risk,8,0.5,52.484071802567854,42.10055251916249,Month-to-month,DSL,Bank transfer (automatic),65.5,573.15
1241-EZFMJ,0.0484663,Low Risk,61,0.0,0.0,72.993350426356,Two year,No,Bank transfer (automatic),25.45,1538.6
9233-PSYHO,0.4881441,Medium Risk,45,0.5,20.382714003898286,54.34279501438141,One year,Fiber optic,Bank transfer (automatic),100.15,4459.8
5376-PCKNB,0.28782237,Low Risk,72,0.6666666666666666,9.239118581732612,78.94221504529317,One year,Fiber optic,Credit card (automatic),104.45,7459.0
8044-BGWPI,0.2932655,Low Risk,12,0.0,0.0,40.336726903915405,Month-to-month,No,Electronic check,21.15,306.05
4060-LDNLU,0.838173,High Risk,7,0.3333333333333333,34.60391825838295,17.67468472321828,Month-to-month,Fiber optic,Electronic check,96.2,639.7
3589-PPVKW,0.49170595,Medium Risk,9,0.0,80.99453605766122,29.164702296257015,Month-to-month,DSL,Mailed check,44.4,348.15
8327-LZKAS,0.6025427,High Risk,43,0.6666666666666666,14.289260000608706,51.122865080833435,One year,Fiber optic,Electronic check,107.55,4533.9
5887-IKKYO,0.15280852,Low Risk,58,0.5,37.63831125431105,76.52623931566875,Two year,Fiber optic,Bank transfer (automatic),94.35,5563.65
1075-BGWOH,0.8274744,High Risk,16,0.5,20.382714003898286,25.292945901552834,Month-to-month,Fiber optic,Electronic check,98.75,1587.55
1755-RMCXH,0.33106434,Medium Risk,2,0.0,0.0,34.280116160710655,Month-to-month,No,Mailed check,20.3,40.25
0302-JOIVN,0.8003982,High Risk,8,0.6666666666666666,9.239118581732612,26.646758119265236,Month-to-month,Fiber optic,Electronic check,101.15,842.9
3858-XHYJO,0.42510813,Medium Risk,40,0.6666666666666666,17.237049425455254,58.74459326267242,One year,Fiber optic,Bank transfer (automatic),105.75,4228.55
4299-SIMNS,0.7807965,High Risk,9,0.16666666666666666,77.84887147921819,18.04350694020589,Month-to-month,Fiber optic,Electronic check,81.15,784.45
7025-IWFHT,0.39786568,Medium Risk,41,0.5,40.408435378503626,57.19005068143208,One year,Fiber optic,Electronic check,89.55,3729.75
6261-LHRTG,0.31096244,Medium Risk,26,0.3333333333333333,55.629736381010886,51.951878070831306,Month-to-month,DSL,Credit card (automatic),54.75,1406.9
7841-FCRQD,0.16030888,Low Risk,33,0.3333333333333333,63.75748663220597,62.40122179190317,One year,DSL,Credit card (automatic),53.75,1857.3
2056-EVGZL,0.35220486,Medium Risk,68,0.8333333333333334,3.145664578443032,77.38975703716278,One year,Fiber optic,Credit card (automatic),105.75,7322.5
8777-MBMTS,0.1599997,Low Risk,65,0.8333333333333334,3.145664578443032,85.75001358985901,Two year,Fiber optic,Credit card (automatic),105.85,6725.5
7753-USQYQ,0.24617237,Low Risk,55,0.5,40.715920086630035,70.60804824034372,One year,DSL,Electronic check,64.2,3627.3
5366-IJEQJ,0.7845747,High Risk,20,0.3333333333333333,43.42428054947422,25.77126562595367,Month-to-month,Fiber optic,Electronic check,88.7,1761.45
7661-CPURM,0.4215058,Medium Risk,19,0.3333333333333333,51.85951550879571,43.50804289182027,One year,Fiber optic,Credit card (automatic),87.7,1725.95
6233-HXJMX,0.5832289,Medium Risk,45,0.3333333333333333,43.73176525760063,46.25522236029307,Month-to-month,Fiber optic,Credit card (automatic),89.3,4192.15
5902-WBLSE,0.043114714,Low Risk,70,0.0,0.0,77.01093057791391,Two year,No,Credit card (automatic),20.15,1411.2
1981-INRFU,0.850846,High Risk,2,0.16666666666666666,57.64548480395888,11.624367038408915,Month-to-month,Fiber optic,Electronic check,79.75,164.5
4971-PUYQO,0.68181306,High Risk,27,0.3333333333333333,34.60391825838295,33.826013604799904,Month-to-month,Fiber optic,Mailed check,94.55,2724.6
3239-TPHPZ,0.08543958,Low Risk,12,0.0,0.0,50.72802186012269,Two year,No,Electronic check,20.05,264.55
5115-GZDEL,0.04733706,Low Risk,72,1.0,0.0,97.63314723968506,Two year,DSL,Credit card (automatic),67.2,4671.7
3338-CVVEH,0.7950083,High Risk,12,0.3333333333333333,34.60391825838295,21.91625157992045,Month-to-month,Fiber optic,Electronic check,94.55,1173.55
8485-GJCDN,0.76377773,High Risk,5,0.0,80.99453605766122,13.89444669087728,Month-to-month,Fiber optic,Mailed check,69.05,318.5
2615-YVMYX,0.39251524,Medium Risk,71,0.8333333333333334,6.09345400328958,76.62423789501192,Month-to-month,Fiber optic,Electronic check,107.5,7713.55
2851-STERV,0.39308837,Medium Risk,35,0.6666666666666666,14.289260000608706,58.2622496287028,One year,DSL,Electronic check,73.0,2471.25
4393-GEADV,0.09563152,Low Risk,70,1.0,0.0,94.38508967558543,Two year,Fiber optic,Credit card (automatic),114.75,7842.3
8486-AYEQH,0.6979867,High Risk,31,0.0,80.99453605766122,28.01733056704203,Month-to-month,Fiber optic,Electronic check,76.05,2227.8
1527-SXDPN,0.2904166,Low Risk,52,0.5,37.63831125431105,67.1458367506663,Two year,Fiber optic,Bank transfer (automatic),96.25,4990.25
6029-WTIPC,0.7780838,High Risk,37,0.5,20.382714003898286,36.5124766031901,Month-to-month,Fiber optic,Electronic check,101.1,3744.05
8634-CILSZ,0.46757218,Medium Risk,69,0.6666666666666666,17.366868832927693,68.70472272237141,One year,Fiber optic,Bank transfer (automatic),104.7,7220.35
5419-JKZNQ,0.5429272,Medium Risk,30,0.0,80.99453605766122,35.35363972187042,Month-to-month,Fiber optic,Mailed check,77.9,2351.45
2495-KZNFB,0.6003916,High Risk,33,0.3333333333333333,54.80730493364226,40.397085348765046,Month-to-month,Fiber optic,Electronic check,90.65,2989.6
1409-PHXTF,0.27201626,Low Risk,54,0.8333333333333334,3.145664578443032,75.56585232416788,Two year,Fiber optic,Electronic check,110.45,6077.75
4560-WQAQW,0.13782562,Low Risk,59,0.5,48.71385093035268,77.69205292065938,One year,DSL,Bank transfer (automatic),68.7,4070.95
9591-YVTEB,0.46716514,Medium Risk,55,0.5,43.35622480335017,59.55841104189554,Month-to-month,DSL,Electronic check,44.85,2479.05
9309-BZGNT,0.17133968,Low Risk,69,0.16666666666666666,66.77333180317656,73.51634879906972,One year,DSL,Credit card (automatic),29.8,2134.3
4274-DRSQT,0.2093086,Low Risk,66,0.3333333333333333,46.501889381793205,73.70123545328775,One year,Fiber optic,Bank transfer (automatic),88.9,6000.1
2027-DNKIV,0.12927003,Low Risk,37,0.5,57.53421322144395,68.95316580931346,One year,DSL,Mailed check,58.75,2203.1
8075-GXIUB,0.18213303,Low Risk,9,0.0,0.0,44.643349051475525,One year,No,Credit card (automatic),19.85,183.15
2885-HIJDH,0.060557857,Low Risk,69,0.8333333333333334,11.143595422165674,92.38877455393472,Two year,DSL,Bank transfer (automatic),86.9,6194.1
5424-RLQLC,0.41657722,Medium Risk,10,0.3333333333333333,46.501889381793205,40.00447233517965,Month-to-month,DSL,Mailed check,59.65,638.95
6682-QJDGB,0.24870421,Low Risk,40,0.3333333333333333,66.70527605705252,60.89812358220418,Month-to-month,DSL,Mailed check,55.25,2139.2
6507-DTJZV,0.38439637,Medium Risk,13,0.3333333333333333,34.60391825838295,42.863514622052506,Month-to-month,DSL,Credit card (automatic),66.4,831.75
8780-IXSTS,0.87291116,High Risk,6,0.3333333333333333,46.501889381793205,15.521108905474346,Month-to-month,Fiber optic,Electronic check,90.1,521.3
7673-BQGKU,0.04162726,Low Risk,69,0.0,0.0,76.66863560676575,Two year,No,Bank transfer (automatic),20.15,1337.5
6723-WSNTY,0.38746932,Medium Risk,66,0.8333333333333334,3.145664578443032,74.79320208231609,One year,Fiber optic,Credit card (automatic),108.1,7181.95
9530-EHPOH,0.53503746,Medium Risk,11,0.16666666666666666,66.77333180317656,31.164793769518536,Month-to-month,DSL,Electronic check,53.75,608.0
2725-IWWBA,0.11618725,Low Risk,46,0.5,57.53421322144395,73.35730294386545,One year,DSL,Mailed check,56.9,2560.1
0345-HKJVM,0.80566573,High Risk,6,0.3333333333333333,34.60391825838295,18.883380095163982,Month-to-month,Fiber optic,Electronic check,89.3,577.6
1061-PNTHC,0.40260226,Medium Risk,56,0.8333333333333334,11.143595422165674,69.86988723278047,Month-to-month,Fiber optic,Mailed check,109.6,5953.0
0394-YONDK,0.044777505,Low Risk,70,0.0,0.0,76.92779103914896,Two year,No,Credit card (automatic),25.15,1790.15
6574-MCOEH,0.33189982,Medium Risk,33,0.6666666666666666,14.289260000608706,60.488342245419815,One year,DSL,Electronic check,79.15,2531.4
7399-QHBJS,0.07248449,Low Risk,72,0.5,60.611822053762936,86.37577533721924,Two year,DSL,Credit card (automatic),66.75,4760.3
3049-SOLAY,0.8893367,High Risk,3,0.3333333333333333,34.60391825838295,13.44983140627543,Month-to-month,Fiber optic,Electronic check,95.2,292.85
0997-YTLNY,0.3193393,Medium Risk,19,0.16666666666666666,74.90108205437164,45.28303623199463,Month-to-month,DSL,Mailed check,48.8,953.65
3317-HRTNN,0.7518779,High Risk,5,0.3333333333333333,34.60391825838295,21.15610480308533,Month-to-month,DSL,Electronic check,45.7,198.0
9479-HYNYL,0.04911776,Low Risk,71,0.8333333333333334,3.145664578443032,93.79411280155183,Two year,DSL,Credit card (automatic),80.7,5705.05
3235-ETOOB,0.7673383,High Risk,8,0.16666666666666666,77.84887147921819,18.299752871195473,Month-to-month,Fiber optic,Electronic check,74.5,609.9
9708-KFDBY,0.56003076,Medium Risk,1,0.0,0.0,22.415128747622173,Month-to-month,No,Credit card (automatic),20.55,20.55
8058-INTPH,0.9054757,High Risk,1,0.16666666666666666,57.64548480395888,8.476216197013855,Month-to-month,Fiber optic,Electronic check,79.65,79.65
3642-GKTCT,0.2889314,Low Risk,61,1.0,0.0,80.97009817759195,One year,Fiber optic,Mailed check,115.1,6993.65
0774-RMNUW,0.043075483,Low Risk,71,0.8333333333333334,14.221204254484661,94.09622490406038,Two year,DSL,Bank transfer (automatic),59.7,4122.65
1334-PDUKM,0.17988282,Low Risk,68,0.3333333333333333,55.629736381010886,76.00585877895355,One year,Fiber optic,Credit card (automatic),86.45,5762.95
0756-MPZRL,0.15376224,Low Risk,46,0.3333333333333333,60.67987779988698,68.14522226651509,One year,DSL,Credit card (automatic),33.7,1537.85
2242-MFOTG,0.17113543,Low Risk,33,0.16666666666666666,77.84887147921819,58.52656205495198,One year,Fiber optic,Bank transfer (automatic),80.1,2603.3
2927-CVULT,0.20281349,Low Risk,53,0.8333333333333334,23.349051253702342,78.60932469367981,Two year,Fiber optic,Bank transfer (automatic),104.05,5566.4
2144-BFDSO,0.4964043,Medium Risk,50,0.8333333333333334,6.09345400328958,62.67978549003601,Month-to-month,Fiber optic,Bank transfer (automatic),108.75,5431.9
8745-PVESG,0.10738993,Low Risk,57,0.5,57.53421322144395,78.38050365447998,One year,DSL,Credit card (automatic),41.1,2258.25
7647-GYYKX,0.06300655,Low Risk,54,0.0,0.0,69.34967398643494,Two year,No,Bank transfer (automatic),20.35,1092.35
5647-FXOTP,0.6393548,High Risk,60,0.6666666666666666,9.239118581732612,56.36559208234151,Month-to-month,Fiber optic,Electronic check,105.9,6401.25
5569-OUICF,0.68140274,High Risk,28,0.5,28.510464255093368,37.59652952353159,Month-to-month,Fiber optic,Credit card (automatic),101.3,2812.2
8821-XNHVZ,0.88514745,High Risk,1,0.16666666666666666,57.64548480395888,9.492627382278442,Month-to-month,Fiber optic,Mailed check,80.05,80.05
2082-OJVTK,0.7237003,High Risk,29,0.3333333333333333,43.73176525760063,32.56498575210571,Month-to-month,Fiber optic,Electronic check,89.2,2698.35
9700-ISPUP,0.4874734,Medium Risk,10,0.5,40.715920086630035,39.792998234430954,Month-to-month,DSL,Electronic check,65.5,616.9
9839-ETQOE,0.37992713,Medium Risk,43,0.5,52.484071802567854,58.92030874888102,Month-to-month,DSL,Electronic check,40.45,1912.85
6078-VESFR,0.6328817,High Risk,13,0.0,80.99453605766122,23.772581617037456,Month-to-month,Fiber optic,Bank transfer (automatic),70.45,849.1
9027-TMATR,0.08929287,Low Risk,43,0.8333333333333334,11.143595422165674,80.11868913968405,Two year,DSL,Electronic check,78.8,3460.3
5940-NFXKV,0.7841103,High Risk,19,0.16666666666666666,57.95296951208529,22.044484615325928,Month-to-month,Fiber optic,Electronic check,83.65,1465.75
1941-HOSAM,0.8992441,High Risk,1,0.3333333333333333,34.60391825838295,12.121126850446066,Month-to-month,Fiber optic,Electronic check,90.1,90.1
9110-HSGTV,0.06261468,Low Risk,69,0.8333333333333334,11.143595422165674,92.28593269983926,Two year,DSL,Credit card (automatic),82.45,5555.3
0704-VCUMB,0.049816687,Low Risk,61,0.0,0.0,72.92583326498668,Two year,No,Credit card (automatic),20.25,1278.8
6171-ZTVYB,0.21398084,Low Risk,43,0.5,60.611822053762936,67.21762398878734,Month-to-month,DSL,Bank transfer (automatic),66.25,2907.35
8053-WWDRO,0.2683193,Low Risk,6,0.0,0.0,39.0840345621109,Month-to-month,No,Bank transfer (automatic),19.5,146.3
9564-KCLHR,0.64694154,High Risk,1,0.16666666666666666,74.90108205437164,21.402922868728638,Month-to-month,DSL,Mailed check,51.25,51.25
1935-IMVBB,0.4333608,Medium Risk,56,0.3333333333333333,34.60391825838295,58.33195924758912,Month-to-month,Fiber optic,Mailed check,89.7,4952.95
2535-PBCGC,0.061527938,Low Risk,70,1.0,0.0,96.09026829401652,Two year,DSL,Bank transfer (automatic),64.55,4504.9
2082-CEFLT,0.80662096,High Risk,1,0.0,80.99453605766122,10.08561889330546,Month-to-month,DSL,Electronic check,45.6,45.6
1470-PSXNM,0.45844197,Medium Risk,49,0.5,32.280685127308544,57.494568030039474,One year,Fiber optic,Electronic check,93.65,4520.15
1213-NGCUN,0.5243392,Medium Risk,6,0.16666666666666666,74.90108205437164,29.61637338002523,Month-to-month,DSL,Bank transfer (automatic),49.65,267.35
2498-XLDZR,0.05852168,Low Risk,32,0.8333333333333334,23.349051253702342,77.07391560077667,Two year,DSL,Mailed check,73.6,2316.85
9866-OCCKE,0.07807374,Low Risk,72,0.8333333333333334,11.143595422165674,92.76297966639203,Two year,Fiber optic,Mailed check,109.75,8075.35
5338-YHWYT,0.063090056,Low Risk,37,0.5,60.611822053762936,72.26216236750285,Two year,DSL,Credit card (automatic),61.45,2302.35
7718-UPSKJ,0.34560987,Medium Risk,69,0.8333333333333334,14.221204254484661,78.13617149988809,One year,Fiber optic,Credit card (automatic),106.4,7251.9
8731-WBBMB,0.28892353,Low Risk,26,0.8333333333333334,3.145664578443032,63.05382490158081,Month-to-month,DSL,Bank transfer (automatic),81.9,2078.55
1448-CYWKC,0.45214334,Medium Risk,58,0.6666666666666666,9.239118581732612,64.89283442497253,One year,Fiber optic,Credit card (automatic),105.2,6225.4
7901-IIDQV,0.17191906,Low Risk,24,0.16666666666666666,74.90108205437164,54.73738094170888,One year,DSL,Bank transfer (automatic),54.6,1242.25
2690-DVRVK,0.1355922,Low Risk,5,0.0,0.0,45.30372222264607,One year,No,Electronic check,20.55,99.45
5688-KZTSN,0.36548182,Medium Risk,15,0.0,0.0,37.97590732574463,Month-to-month,No,Electronic check,20.0,288.05
1270-XKUCC,0.054943286,Low Risk,30,0.0,0.0,59.75283682346344,Two year,No,Mailed check,19.7,599.25
0334-ZFJSR,0.101652026,Low Risk,55,0.5,60.611822053762936,77.83406535784403,One year,DSL,Credit card (automatic),66.05,3462.1
2894-QOJRX,0.4843008,Medium Risk,25,0.16666666666666666,57.64548480395888,39.53496038913726,Month-to-month,DSL,Bank transfer (automatic),34.0,853.0
5747-PMBSQ,0.7779361,High Risk,10,0.6666666666666666,26.187231124018965,28.60319495201111,Month-to-month,Fiber optic,Mailed check,92.5,934.1
5583-EJXRD,0.06042214,Low Risk,44,0.8333333333333334,23.349051253702342,81.97889387607576,Two year,DSL,Credit card (automatic),54.05,2375.2
4565-EVZMJ,0.121231906,Low Risk,47,0.5,60.611822053762936,73.52173765500386,One year,DSL,Mailed check,58.9,2813.05
3143-JQEGI,0.74221367,High Risk,13,0.3333333333333333,34.60391825838295,24.972650011380516,Month-to-month,Fiber optic,Electronic check,88.35,1222.8
6386-SZZKH,0.446315,Medium Risk,49,0.8333333333333334,3.145664578443032,64.76758380730946,Two year,Fiber optic,Bank transfer (automatic),107.95,5293.2
3327-YBAKM,0.28983572,Low Risk,64,0.6666666666666666,25.364799676650335,75.50821542739867,One year,Fiber optic,Mailed check,96.9,6314.35
9441-QHEVC,0.4012519,Medium Risk,1,0.0,0.0,30.354071060816445,Month-to-month,No,Mailed check,19.1,19.1
6705-LNMDD,0.31787533,Medium Risk,20,0.16666666666666666,74.90108205437164,45.77290038267771,Month-to-month,DSL,Mailed check,50.0,1003.05
2580-ASVVY,0.16259213,Low Risk,37,0.5,48.40636622222627,67.28706101576488,Two year,DSL,Electronic check,45.4,1593.1
3370-GQEAL,0.6642768,High Risk,30,0.16666666666666666,57.64548480395888,32.61949439843496,Month-to-month,Fiber optic,Electronic check,85.45,2509.95
5032-USPKF,0.30578196,Medium Risk,38,0.8333333333333334,6.09345400328958,67.21090197563171,One year,DSL,Bank transfer (automatic),84.1,3187.65
2982-IHMFT,0.8930019,High Risk,1,0.0,80.99453605766122,5.766570965449016,Month-to-month,Fiber optic,Mailed check,74.45,74.45
3521-SYVOR,0.4298503,Medium Risk,37,0.3333333333333333,34.60391825838295,50.59081633885702,Month-to-month,DSL,Electronic check,64.75,2345.2
4254-QPEDE,0.057951726,Low Risk,52,1.0,0.0,88.76907924811046,Two year,DSL,Credit card (automatic),66.25,3330.1
6283-GITPX,0.056994658,Low Risk,71,0.8333333333333334,23.041566545575932,93.40026617050172,Two year,DSL,Credit card (automatic),76.9,5522.7
9526-JAWYF,0.63787127,High Risk,26,0.5,32.280685127308544,38.93977006276449,Month-to-month,Fiber optic,Electronic check,89.8,2335.3
0771-CHWSK,0.14713371,Low Risk,66,0.6666666666666666,29.44250525699192,83.47664793332416,Two year,DSL,Credit card (automatic),74.6,4798.4
9788-HNGUT,0.07380091,Low Risk,72,1.0,0.0,96.30995392799377,Two year,Fiber optic,Credit card (automatic),116.95,8594.4
9495-REDIY,0.19704305,Low Risk,25,0.3333333333333333,54.49982022551585,57.231180270512894,One year,DSL,Credit card (automatic),40.65,970.55
5375-XLDOF,0.22674519,Low Risk,69,1.0,0.0,87.41274058818817,Two year,Fiber optic,Bank transfer (automatic),114.35,7665.8
1172-VIYBP,0.059547927,Low Risk,53,0.5,43.66370951147658,79.1059382756551,Two year,DSL,Bank transfer (automatic),69.7,3686.05
5649-VUKMC,0.55544543,Medium Risk,12,0.5,20.382714003898286,37.22772836685181,One year,Fiber optic,Mailed check,95.5,1115.15
6559-PDZLR,0.7384764,High Risk,26,0.6666666666666666,14.289260000608706,37.24284688631694,Month-to-month,Fiber optic,Electronic check,98.65,2537.0
8992-OBVDG,0.31975564,Medium Risk,21,0.3333333333333333,43.73176525760063,49.42888299624125,Month-to-month,DSL,Mailed check,61.65,1393.6
4273-MBHYA,0.8994854,High Risk,1,0.3333333333333333,34.60391825838295,12.109062870343527,Month-to-month,Fiber optic,Electronic check,89.35,89.35
4724-WXVWF,0.5473101,Medium Risk,48,0.5,48.71385093035268,52.634494304656975,Month-to-month,Fiber optic,Electronic check,95.4,4445.3
5701-GUXDC,0.16956687,Low Risk,26,0.3333333333333333,63.62766722473353,59.021656513214104,One year,DSL,Credit card (automatic),35.4,978.6
1460-UZPRJ,0.047631025,Low Risk,60,0.0,0.0,72.61844873428345,Two year,No,Mailed check,19.95,1258.15
6082-GLJIX,0.1748949,Low Risk,18,0.0,0.0,48.7552535533905,Month-to-month,No,Mailed check,19.25,331.35
5143-EGQFK,0.6459719,High Risk,10,0.16666666666666666,74.90108205437164,25.20140528678894,Month-to-month,DSL,Electronic check,29.65,291.4
4919-IKATY,0.79979795,High Risk,5,0.3333333333333333,63.62766722473353,18.76010239124298,Month-to-month,Fiber optic,Electronic check,84.5,453.75
2495-TTHBQ,0.13956358,Low Risk,4,0.0,0.0,44.68848864237467,One year,No,Mailed check,20.4,84.75
0485-ZBSLN,0.04870684,Low Risk,65,0.0,0.0,74.64799185593922,Two year,No,Credit card (automatic),24.75,1715.1
3810-PJUHR,0.044065516,Low Risk,70,0.0,0.0,76.96338991324106,Two year,No,Mailed check,25.35,1715.15
9050-QLROH,0.66573346,High Risk,18,0.3333333333333333,43.73176525760063,30.879993836085003,Month-to-month,Fiber optic,Credit card (automatic),90.7,1597.25
0847-HGRML,0.04826636,Low Risk,62,0.0,0.0,73.42001577218373,Two year,No,Bank transfer (automatic),20.0,1250.1
8232-CTLKO,0.10703151,Low Risk,66,0.3333333333333333,54.49982022551585,78.81509045759836,Two year,DSL,Electronic check,59.75,3996.8
9227-YBAXE,0.08357173,Low Risk,65,0.8333333333333334,14.221204254484661,89.571413397789,Two year,DSL,Bank transfer (automatic),82.5,5215.1
6168-WFVVF,0.81634295,High Risk,3,0.0,80.99453605766122,10.432852506637573,Month-to-month,Fiber optic,Electronic check,70.3,235.5
9860-LISIZ,0.16178057,Low Risk,34,0.0,0.0,56.07763687769571,Month-to-month,No,Mailed check,20.35,673.2
0112-QAWRZ,0.71345276,High Risk,16,0.3333333333333333,43.42428054947422,27.660695513089493,Month-to-month,Fiber optic,Bank transfer (automatic),90.8,1442.2
0877-SDMBN,0.5197682,Medium Risk,54,0.6666666666666666,17.237049425455254,59.84492441018422,One year,Fiber optic,Bank transfer (automatic),103.95,5639.05
2786-GCDPI,0.7041678,High Risk,50,0.6666666666666666,14.289260000608706,48.95827750364939,Month-to-month,Fiber optic,Electronic check,104.95,5222.35
4043-MKDTV,0.21267888,Low Risk,71,0.8333333333333334,3.145664578443032,85.61605453491212,Two year,Fiber optic,Electronic check,105.25,7291.75
8065-YKXKD,0.82125974,High Risk,10,0.0,80.99453605766122,13.10367981592814,Month-to-month,Fiber optic,Electronic check,74.75,799.65
9637-EIHEQ,0.7581436,High Risk,1,0.16666666666666666,74.90108205437164,15.842819809913635,Month-to-month,DSL,Electronic check,50.8,50.8
9229-RQABD,0.1136247,Low Risk,18,0.0,0.0,51.8187654018402,One year,No,Mailed check,23.75,424.5
8313-KTIHG,0.5940753,Medium Risk,4,0.3333333333333333,51.5520308006693,28.629567225774128,Month-to-month,DSL,Electronic check,61.3,249.4
5320-BRKGK,0.053407695,Low Risk,58,0.6666666666666666,34.18516196774161,84.82961654663086,Two year,DSL,Mailed check,75.8,4415.75
6284-KMNUF,0.4085631,Medium Risk,56,0.5,31.458253679939915,62.90517648061117,One year,Fiber optic,Electronic check,98.0,5270.6
9689-PTNPG,0.8467999,High Risk,2,0.16666666666666666,57.64548480395888,11.826671163241068,Month-to-month,Fiber optic,Electronic check,80.25,144.55
9465-RWMXL,0.720732,High Risk,32,0.16666666666666666,66.77333180317656,30.6300679842631,Month-to-month,Fiber optic,Electronic check,78.9,2447.95
6229-UOLQL,0.10833311,Low Risk,56,0.6666666666666666,37.26277080006059,81.25001112620036,One year,DSL,Mailed check,52.0,2884.9
2362-IBOOY,0.7219359,High Risk,36,0.16666666666666666,57.95296951208529,32.236536939938865,Month-to-month,Fiber optic,Electronic check,84.75,3050.15
3137-LUPIX,0.5498986,Medium Risk,4,0.3333333333333333,51.5520308006693,30.83840211232503,Month-to-month,DSL,Mailed check,64.4,253.0
0843-WTBXE,0.50593525,Medium Risk,53,0.16666666666666666,57.64548480395888,50.11990408102671,Month-to-month,Fiber optic,Bank transfer (automatic),85.45,4517.25
6143-JQKEA,0.46261647,Medium Risk,10,0.0,80.99453605766122,31.035844484965008,Month-to-month,DSL,Credit card (automatic),45.8,436.2
8676-OOQEJ,0.6046241,High Risk,4,0.16666666666666666,74.90108205437164,24.768795371055603,Month-to-month,DSL,Electronic check,30.5,118.4
5515-IDEJJ,0.5832365,Medium Risk,1,0.0,0.0,21.25484089056651,Month-to-month,No,Mailed check,19.9,19.9
9701-CDXHR,0.43502355,Medium Risk,51,0.0,80.99453605766122,49.4988226890564,Month-to-month,Fiber optic,Mailed check,69.15,3649.6
7450-NWRTR,0.8707598,High Risk,12,0.5,20.382714003898286,21.462010741233826,Month-to-month,Fiber optic,Electronic check,99.45,1200.15
8124-NZVGJ,0.46773446,Medium Risk,6,0.5,28.510464255093368,39.113277196884155,One year,DSL,Mailed check,49.25,255.6
2162-FRZAA,0.051066976,Low Risk,63,0.5,49.53628237772131,83.69665026664734,Two year,DSL,Bank transfer (automatic),39.35,2395.05
5376-DEQCP,0.89234966,High Risk,1,0.0,80.99453605766122,5.799183646837871,Month-to-month,Fiber optic,Electronic check,70.6,70.6
5118-MUEYH,0.591319,Medium Risk,48,0.6666666666666666,17.366868832927693,53.767382105191544,Month-to-month,Fiber optic,Credit card (automatic),105.1,5083.55
9095-HFAFX,0.81801957,High Risk,5,0.16666666666666666,57.64548480395888,14.515688220659891,Month-to-month,Fiber optic,Credit card (automatic),81.0,389.6
5627-TVBPP,0.07854713,Low Risk,35,0.0,0.0,60.65597732861836,One year,No,Credit card (automatic),20.1,644.5
2379-ENZGV,0.83711046,High Risk,6,0.3333333333333333,46.501889381793205,17.311143676439922,Month-to-month,Fiber optic,Electronic check,84.85,523.5
3936-QQFLL,0.34497255,Medium Risk,2,0.0,0.0,33.584705789883934,Month-to-month,No,Mailed check,19.75,39.3
2589-AYCRP,0.09098758,Low Risk,50,0.0,0.0,66.28395517667134,One year,No,Bank transfer (automatic),19.75,989.05
4067-HLYQI,0.55175275,Medium Risk,33,0.0,80.99453605766122,36.16236269474029,Month-to-month,Fiber optic,Bank transfer (automatic),70.4,2406.1
5124-EOGYE,0.05445884,Low Risk,31,0.0,0.0,60.193723837534584,Two year,No,Mailed check,20.45,638.55
5057-RKGLH,0.06670006,Low Risk,9,0.0,0.0,50.414997935295105,Two year,No,Mailed check,20.35,191.1
0292-WEGCH,0.28553715,Low Risk,54,0.8333333333333334,3.145664578443032,74.88981048266092,Month-to-month,DSL,Electronic check,86.2,4524.05
8910-ICHIU,0.21014777,Low Risk,46,0.6666666666666666,29.135020548865512,71.9926130771637,One year,Fiber optic,Credit card (automatic),95.65,4664.2
4097-YODCF,0.5195572,Medium Risk,34,0.6666666666666666,20.31465825777424,51.522141098976135,One year,Fiber optic,Electronic check,103.8,3470.8
9715-WZCLW,0.14953806,Low Risk,71,0.5,31.458253679939915,82.1064313252767,Two year,Fiber optic,Electronic check,97.2,6910.3
9786-YWNHU,0.04577821,Low Risk,63,0.6666666666666666,46.390617799278274,87.29442258675893,Two year,DSL,Mailed check,63.55,4014.2
6407-GSJNL,0.068755694,Low Risk,51,0.0,0.0,67.81221568584442,Two year,No,Bank transfer (automatic),24.95,1288.0
6005-OBZPH,0.76816124,High Risk,26,0.3333333333333333,46.501889381793205,29.091938138008118,Month-to-month,Fiber optic,Electronic check,89.15,2277.65
4049-ZPALD,0.13158709,Low Risk,64,0.6666666666666666,17.237049425455254,83.42064559459685,Two year,Fiber optic,Bank transfer (automatic),99.0,6375.8
7932-WPTDS,0.83896637,High Risk,1,0.0,80.99453605766122,8.468348185221354,Month-to-month,DSL,Electronic check,24.8,24.8
3733-UOCWF,0.15571444,Low Risk,61,0.3333333333333333,63.75748663220597,74.29761071999867,One year,Fiber optic,Bank transfer (automatic),85.55,5251.75
6833-JMZYP,0.7446494,High Risk,15,0.5,20.382714003898286,29.01752948760986,Month-to-month,Fiber optic,Credit card (automatic),94.0,1505.45
2722-VOJQL,0.46308893,Medium Risk,64,0.6666666666666666,17.366868832927693,66.8455535173416,One year,Fiber optic,Credit card (automatic),105.65,6903.1
1310-QRITU,0.58962643,Medium Risk,18,0.0,80.99453605766122,28.018678426742554,Month-to-month,DSL,Electronic check,50.3,913.3
8961-QDZZJ,0.42616448,Medium Risk,57,0.5,23.460322836217273,62.44177460670471,One year,Fiber optic,Electronic check,95.0,5535.8
9715-SBVSU,0.07691225,Low Risk,14,0.5,43.66370951147658,61.98772211869558,Two year,DSL,Bank transfer (automatic),61.4,815.55
8490-BXHEO,0.66411966,High Risk,18,0.16666666666666666,69.85094063549555,27.627350290616352,Month-to-month,Fiber optic,Credit card (automatic),80.55,1411.65
7173-TETGO,0.07742576,Low Risk,72,0.16666666666666666,77.84887147921819,79.46204443772635,Two year,Fiber optic,Bank transfer (automatic),78.5,5602.25
7929-SKFGK,0.10289224,Low Risk,70,1.0,0.0,94.02205566565196,Two year,Fiber optic,Credit card (automatic),114.3,8244.3
2300-RQGOI,0.05648288,Low Risk,38,0.0,0.0,63.00918777783712,Two year,No,Mailed check,20.05,741.5
3563-SVYLG,0.05516099,Low Risk,68,0.6666666666666666,46.390617799278274,88.90861670176187,Two year,DSL,Credit card (automatic),62.65,4375.8
5228-EXCET,0.7925804,High Risk,13,0.16666666666666666,57.95296951208529,19.120978713035583,Month-to-month,Fiber optic,Electronic check,80.85,1008.7
6435-VWCCY,0.17596838,Low Risk,65,0.5,43.35622480335017,78.28491290410359,Two year,Fiber optic,Credit card (automatic),92.7,5968.4
4998-IKFSE,0.7024366,High Risk,30,0.5,20.382714003898286,37.37816870212555,Month-to-month,Fiber optic,Electronic check,100.45,3096.9
8630-QSGXK,0.06578221,Low Risk,51,0.5,28.510464255093368,77.96089053153992,Two year,DSL,Bank transfer (automatic),75.2,3901.25
2455-USLMV,0.520935,Medium Risk,31,0.3333333333333333,63.62766722473353,43.53658338387807,Month-to-month,Fiber optic,Credit card (automatic),84.75,2613.4
7394-FKDNK,0.7849749,High Risk,9,0.3333333333333333,34.60391825838295,21.167923013369244,Month-to-month,Fiber optic,Electronic check,89.45,853.1
9488-FVZCC,0.04504383,Low Risk,72,0.8333333333333334,23.349051253702342,94.41447536150616,Two year,DSL,Bank transfer (automatic),79.5,5661.7
6331-LWDTQ,0.51850146,Medium Risk,10,0.3333333333333333,34.60391825838295,34.90826030572256,Month-to-month,DSL,Credit card (automatic),72.15,794.25
5995-WWKKG,0.10365148,Low Risk,37,0.0,0.0,60.23409346739451,One year,No,Electronic check,19.8,695.05
1597-FZREH,0.6769357,High Risk,2,0.6666666666666666,14.289260000608706,30.31988302866618,Month-to-month,DSL,Electronic check,76.4,160.8
7879-CGSFV,0.4292856,Medium Risk,55,0.6666666666666666,20.31465825777424,64.78572070598602,One year,Fiber optic,Mailed check,100.9,5552.05
9921-EZKBY,0.53923583,Medium Risk,33,0.5,40.586100679157596,46.78820848464965,Month-to-month,Fiber optic,Bank transfer (automatic),95.3,3275.15
7432-FFVAR,0.24029973,Low Risk,46,0.5,37.63831125431105,67.15168158213297,One year,Fiber optic,Bank transfer (automatic),90.95,4236.6
7246-ZGQDF,0.6446348,High Risk,1,0.3333333333333333,71.75541747592861,24.851594169934593,Month-to-month,DSL,Electronic check,54.5,54.5
7000-WCEVQ,0.49056914,Medium Risk,20,0.16666666666666666,57.95296951208529,37.138210932413735,Month-to-month,DSL,Mailed check,61.6,1174.35
0727-IWKVK,0.8045154,High Risk,9,0.3333333333333333,55.629736381010886,20.190895597139995,Month-to-month,Fiber optic,Electronic check,79.9,741.7
5959-BELXA,0.69823647,High Risk,32,0.3333333333333333,34.60391825838295,35.088176727294915,Month-to-month,Fiber optic,Credit card (automatic),96.15,3019.25
4456-RHSNB,0.40674114,Medium Risk,19,0.16666666666666666,66.77333180317656,40.91294288635254,Month-to-month,DSL,Bank transfer (automatic),49.6,962.9
3512-IZIKN,0.14892314,Low Risk,70,0.5,57.53421322144395,81.72050873438516,Two year,DSL,Credit card (automatic),65.3,4759.75
2481-SBOYW,0.055621833,Low Risk,61,0.0,0.0,72.63557354609172,Two year,No,Credit card (automatic),25.0,1498.35
7109-MFBYV,0.34640518,Medium Risk,26,0.0,80.99453605766122,43.51307590802511,Month-to-month,DSL,Electronic check,45.45,1233.15
1833-TCXKK,0.653623,High Risk,45,0.6666666666666666,9.239118581732612,49.40218408902486,Month-to-month,Fiber optic,Bank transfer (automatic),107.75,4882.8
1832-PEUTS,0.11999381,Low Risk,62,0.3333333333333333,43.42428054947422,76.50030970573425,Two year,Fiber optic,Credit card (automatic),89.1,5411.65
6141-OOXUQ,0.5530031,Medium Risk,1,0.0,0.0,22.766513029734295,Month-to-month,No,Mailed check,19.65,19.65
8660-BUETV,0.6021372,High Risk,3,0.0,80.99453605766122,21.143139600753784,Month-to-month,DSL,Mailed check,44.75,148.05
0580-PIQHM,0.40293074,Medium Risk,41,0.6666666666666666,29.44250525699192,60.270129839579255,One year,Fiber optic,Bank transfer (automatic),101.6,3930.55
5696-CEIQJ,0.12222311,Low Risk,67,0.8333333333333334,3.145664578443032,88.47217639287312,Two year,Fiber optic,Bank transfer (automatic),103.15,6895.5
7503-ZGUZJ,0.9015743,High Risk,1,0.16666666666666666,57.64548480395888,8.671284317970276,Month-to-month,Fiber optic,Mailed check,84.65,84.65
1696-HXOWK,0.111288615,Low Risk,71,0.5,43.35622480335017,84.01890297730765,One year,Fiber optic,Mailed check,95.65,6856.95
3026-ATZYV,0.23022717,Low Risk,37,0.6666666666666666,20.31465825777424,67.23864138126373,One year,DSL,Bank transfer (automatic),75.1,2658.8
4012-YCFAI,0.046619065,Low Risk,60,0.5,60.611822053762936,82.66904711723328,Two year,DSL,Mailed check,61.35,3766.2
2506-TNFCO,0.89681244,High Risk,1,0.0,80.99453605766122,5.5760447184244795,Month-to-month,Fiber optic,Electronic check,69.55,69.55
9970-QBCDA,0.28047803,Low Risk,6,0.0,0.0,38.47609996795654,Month-to-month,No,Credit card (automatic),19.7,129.55
8718-PTMEZ,0.62290555,High Risk,13,0.16666666666666666,69.85094063549555,27.604722380638126,Month-to-month,DSL,Electronic check,31.05,347.25
9496-IVVRP,0.34807482,Medium Risk,11,0.16666666666666666,77.84887147921819,40.512926975886025,Month-to-month,DSL,Bank transfer (automatic),51.0,581.7
2207-OBZNX,0.4444933,Medium Risk,7,0.16666666666666666,77.84887147921819,34.02533531188965,Month-to-month,DSL,Mailed check,51.0,354.05
2657-VPXTA,0.82310563,High Risk,10,0.3333333333333333,34.60391825838295,19.678051670392353,Month-to-month,Fiber optic,Electronic check,88.85,929.45
6551-VLJMV,0.05705622,Low Risk,34,0.0,0.0,61.313857237497956,Two year,No,Credit card (automatic),20.05,679.0
1221-GHZEP,0.05179487,Low Risk,62,0.5,48.71385093035268,83.24358900388081,Two year,DSL,Mailed check,65.1,3846.75
9289-LBQVU,0.22530745,Low Risk,64,0.5,40.715920086630035,75.40129343668619,One year,DSL,Mailed check,70.15,4480.7
6142-VSJQO,0.75162053,High Risk,1,0.0,80.99453605766122,12.835640112559002,Month-to-month,DSL,Bank transfer (automatic),44.35,44.35
3458-IDMFK,0.057021383,Low Risk,25,0.0,0.0,57.565597693125405,Two year,No,Mailed check,20.75,499.4
6933-FHBZC,0.16673698,Low Risk,26,0.3333333333333333,55.629736381010886,59.163151979446404,One year,DSL,Mailed check,56.05,1553.2
0221-NAUXK,0.14730106,Low Risk,10,0.0,0.0,46.80161277453105,One year,No,Bank transfer (automatic),19.95,219.5
9770-KXGQU,0.19294783,Low Risk,53,0.6666666666666666,29.135020548865512,75.76927344004312,One year,Fiber optic,Mailed check,98.6,5311.85
6437-UKHMV,0.83033186,High Risk,7,0.16666666666666666,57.64548480395888,14.733406901359558,Month-to-month,Fiber optic,Electronic check,79.7,586.05
6538-POCHL,0.55992496,Medium Risk,33,0.3333333333333333,55.629736381010886,42.42041865984598,Month-to-month,Fiber optic,Credit card (automatic),79.0,2576.8
6726-NNFWD,0.098087125,Low Risk,71,0.5,32.588169835434954,84.67897673447928,Two year,Fiber optic,Credit card (automatic),89.45,6435.25
3002-WQZWT,0.6711575,High Risk,29,0.0,80.99453605766122,28.525459369023643,Month-to-month,Fiber optic,Electronic check,74.2,1993.25
4277-UDIEF,0.2562822,Low Risk,24,0.6666666666666666,25.364799676650335,60.5192228158315,Month-to-month,DSL,Bank transfer (automatic),81.0,1923.85
1208-NBVFH,0.54188836,Medium Risk,20,0.16666666666666666,66.77333180317656,34.5722488562266,Month-to-month,DSL,Electronic check,49.6,939.8
4912-PIGUY,0.91515887,High Risk,1,0.16666666666666666,57.64548480395888,7.992056608200074,Month-to-month,Fiber optic,Electronic check,84.6,84.6
1114-CENIM,0.3051658,Medium Risk,54,0.16666666666666666,69.85094063549555,60.57504494984944,Month-to-month,DSL,Credit card (automatic),55.0,3092.65
6060-DRTNL,0.8399303,High Risk,5,0.3333333333333333,43.42428054947422,16.753485202789307,Month-to-month,Fiber optic,Mailed check,84.85,415.55
2725-TTRIQ,0.043115698,Low Risk,72,0.8333333333333334,11.143595422165674,94.51088289419812,Two year,DSL,Bank transfer (automatic),84.2,5986.55
3374-TTZTK,0.3254143,Medium Risk,52,1.0,0.0,75.39595166842143,Two year,Fiber optic,Electronic check,106.3,5487.0
8990-ZXLSU,0.6939726,High Risk,9,0.0,80.99453605766122,19.05137062072754,Month-to-month,Fiber optic,Electronic check,69.05,651.5
2275-RBYQS,0.7473991,High Risk,1,0.0,80.99453605766122,13.046712080637615,Month-to-month,DSL,Mailed check,45.4,45.4
8473-VUVJN,0.90656704,High Risk,1,0.0,80.99453605766122,5.088314811388652,Month-to-month,Fiber optic,Electronic check,73.65,73.65
6289-CPNLD,0.34712398,Medium Risk,33,0.6666666666666666,14.289260000608706,59.72713430722554,One year,DSL,Mailed check,73.9,2405.05
5536-SLHPM,0.6292631,High Risk,55,0.16666666666666666,66.77333180317656,44.78684484958648,Month-to-month,Fiber optic,Electronic check,77.75,4458.15
4419-UJMUS,0.19150284,Low Risk,69,0.5,28.510464255093368,79.1748595237732,Two year,Fiber optic,Electronic check,99.35,6856.45
7794-JASDG,0.69039464,High Risk,1,0.16666666666666666,77.84887147921819,19.230268001556396,Month-to-month,DSL,Mailed check,50.75,50.75
7609-YBPXG,0.069408484,Low Risk,54,0.8333333333333334,11.143595422165674,85.69624284903207,Two year,DSL,Bank transfer (automatic),87.1,4735.2
5519-TEEUH,0.08147528,Low Risk,33,0.0,0.0,59.676237106323235,One year,No,Mailed check,20.15,682.15
7856-GANIL,0.25429317,Low Risk,45,0.6666666666666666,26.187231124018965,69.36867316563924,One year,Fiber optic,Bank transfer (automatic),98.7,4525.8
0804-XBFBV,0.5260753,Medium Risk,11,0.0,80.99453605766122,28.279568155606587,Month-to-month,DSL,Electronic check,25.2,321.05
2676-OXPPQ,0.47511706,Medium Risk,6,0.3333333333333333,66.70527605705252,35.410812298456825,Month-to-month,DSL,Bank transfer (automatic),55.7,335.65
3703-TTEPD,0.28614724,Low Risk,21,0.5,40.278615971031186,54.44263815879822,Month-to-month,DSL,Bank transfer (automatic),65.35,1424.4
2799-TSLAG,0.05033787,Low Risk,65,0.0,0.0,74.56644078095754,Two year,No,Bank transfer (automatic),25.3,1748.55
0196-VULGZ,0.8737626,High Risk,6,0.16666666666666666,57.95296951208529,12.145202954610188,Month-to-month,Fiber optic,Electronic check,84.35,474.9
8837-VVWLQ,0.7407514,High Risk,8,0.3333333333333333,54.49982022551585,22.96243071556091,Month-to-month,Fiber optic,Electronic check,84.95,668.4
2696-NARTR,0.75178295,High Risk,11,0.16666666666666666,74.90108205437164,20.327518979708355,Month-to-month,Fiber optic,Electronic check,73.85,926.25
2208-NKVVH,0.057049192,Low Risk,43,0.0,0.0,65.0642059246699,Two year,No,Mailed check,24.25,1077.95
7614-QVWQL,0.39597312,Medium Risk,49,0.5,23.460322836217273,60.61801234881082,One year,DSL,Bank transfer (automatic),51.8,2541.25
1976-CFOCS,0.78689694,High Risk,1,0.0,80.99453605766122,11.07181946436564,Month-to-month,DSL,Electronic check,46.0,46.0
4631-OACRM,0.7860382,High Risk,15,0.16666666666666666,57.95296951208529,20.28142233689626,Month-to-month,Fiber optic,Electronic check,79.4,1156.1
7139-JZFVG,0.049287416,Low Risk,60,0.5,52.484071802567854,82.53562808036804,Two year,DSL,Bank transfer (automatic),60.5,3694.45
4987-GQWPO,0.39122736,Medium Risk,17,0.0,80.99453605766122,37.521965106328324,Month-to-month,DSL,Credit card (automatic),25.1,382.8
3755-JBMNH,0.66697705,High Risk,16,0.0,80.99453605766122,23.31781427065531,Month-to-month,Fiber optic,Bank transfer (automatic),71.8,1167.8
1757-TCATG,0.073825814,Low Risk,35,0.0,0.0,60.8920415242513,One year,No,Bank transfer (automatic),20.05,746.75
6345-ULYRW,0.4014262,Medium Risk,44,0.3333333333333333,46.809374089919615,54.92869019508362,One year,Fiber optic,Mailed check,88.4,3912.9
4776-XSKYQ,0.24871065,Low Risk,12,0.16666666666666666,74.90108205437164,45.89780171712239,One year,DSL,Credit card (automatic),30.25,368.85
8048-DSDFQ,0.5938612,Medium Risk,1,0.0,0.0,20.723605553309124,Month-to-month,No,Mailed check,20.2,20.2
5753-QQWPW,0.17341025,Low Risk,28,0.5,60.611822053762936,62.99615482489268,One year,DSL,Electronic check,59.9,1654.7
6010-DDPPW,0.046246935,Low Risk,70,0.0,0.0,76.85431937376657,Two year,No,Bank transfer (automatic),25.15,1940.85
1809-DMJHQ,0.55932945,Medium Risk,5,0.0,80.99453605766122,24.116860826810203,Month-to-month,DSL,Mailed check,46.0,221.7
6693-FRIRW,0.6549727,High Risk,18,0.6666666666666666,9.239118581732612,38.08469971021017,Month-to-month,Fiber optic,Credit card (automatic),101.3,1794.65
6586-MYGKD,0.13440868,Low Risk,70,0.6666666666666666,25.364799676650335,85.77956438064575,Two year,DSL,Credit card (automatic),76.95,5289.8
3173-NVMPX,0.48647174,Medium Risk,9,0.16666666666666666,69.85094063549555,32.759744723637894,Month-to-month,DSL,Mailed check,55.3,501.2
0248-PGHBZ,0.1109192,Low Risk,67,0.6666666666666666,37.26277080006059,85.7040411233902,Two year,Fiber optic,Bank transfer (automatic),92.45,6140.85
0623-GDISB,0.698603,High Risk,1,0.16666666666666666,77.84887147921819,18.819851279258728,Month-to-month,DSL,Bank transfer (automatic),48.45,48.45
2892-GESUL,0.0718929,Low Risk,18,0.0,0.0,53.90535414218902,Two year,No,Mailed check,19.35,309.25
6923-EFPNL,0.6007386,High Risk,4,0.0,80.99453605766122,21.62973741690318,Month-to-month,DSL,Credit card (automatic),51.75,201.1
7472-EQOAV,0.12455183,Low Risk,71,0.5,52.484071802567854,83.35574169953665,One year,Fiber optic,Bank transfer (automatic),86.7,6179.35
9574-RKJIF,0.6656707,High Risk,30,0.5,43.35622480335017,39.21646535396576,Month-to-month,Fiber optic,Electronic check,94.4,2838.7
2043-WVTQJ,0.6250575,High Risk,1,0.3333333333333333,63.62766722473353,25.830457409222923,Month-to-month,DSL,Mailed check,55.7,55.7
8034-RYTVV,0.15320246,Low Risk,55,0.3333333333333333,63.62766722473353,71.92320962746938,One year,Fiber optic,Credit card (automatic),84.25,4589.85
3863-QSTYI,0.3037552,Medium Risk,59,0.5,37.33082654618464,69.39557512601216,Month-to-month,DSL,Electronic check,64.65,3735.45
2619-WFQWU,0.87155783,High Risk,1,0.0,80.99453605766122,6.838775078455607,Month-to-month,Fiber optic,Mailed check,70.15,70.15
5044-LRQAQ,0.73902696,High Risk,7,0.0,80.99453605766122,15.965318481127422,Month-to-month,Fiber optic,Bank transfer (automatic),69.2,477.55
1716-LSAMB,0.058791216,Low Risk,45,0.3333333333333333,71.75541747592861,72.47710565725963,Two year,DSL,Bank transfer (automatic),54.65,2553.7
1333-PBMXB,0.1175488,Low Risk,54,0.0,0.0,66.62255883216858,One year,No,Bank transfer (automatic),24.75,1342.15
6546-OPBBH,0.09016612,Low Risk,51,0.0,0.0,66.74169540405273,One year,No,Mailed check,23.95,1216.35
5985-BEHZK,0.26456967,Low Risk,72,0.6666666666666666,9.239118581732612,80.10485132535298,One year,Fiber optic,Credit card (automatic),105.0,7578.05
9127-QRZMH,0.13922383,Low Risk,44,0.5,60.611822053762936,71.37214263280232,One year,DSL,Bank transfer (automatic),59.85,2603.95
5919-VCZYM,0.3366723,Medium Risk,2,0.0,0.0,33.999718030293785,Month-to-month,No,Mailed check,20.05,42.7
9644-KVCNC,0.2188107,Low Risk,66,0.3333333333333333,43.42428054947422,73.22613279024759,One year,Fiber optic,Bank transfer (automatic),92.15,6056.9
2137-DQMEV,0.12551825,Low Risk,68,0.5,43.35622480335017,82.05742021401723,One year,DSL,Mailed check,44.8,2983.65
8174-LNWMW,0.0682761,Low Risk,31,0.0,0.0,59.502861301104225,Two year,No,Credit card (automatic),20.9,689.35
9279-CJEOJ,0.7318613,High Risk,21,0.3333333333333333,34.60391825838295,28.823602000872295,Month-to-month,Fiber optic,Bank transfer (automatic),95.4,2025.1
7964-VEXDG,0.62782294,High Risk,21,0.16666666666666666,77.84887147921819,30.692186554272972,Month-to-month,Fiber optic,Electronic check,80.35,1747.2
2404-JIBFC,0.062706426,Low Risk,55,0.8333333333333334,11.143595422165674,86.44801278909047,Two year,DSL,Bank transfer (automatic),85.1,4657.95
0778-NELLA,0.5652004,Medium Risk,9,0.16666666666666666,57.64548480395888,28.823313911755875,Month-to-month,DSL,Credit card (automatic),34.7,296.1
8029-XYPWT,0.07612971,Low Risk,71,1.0,0.0,95.77684660752614,Two year,Fiber optic,Bank transfer (automatic),115.05,8016.6
4614-NUVZD,0.9048524,High Risk,1,0.16666666666666666,57.95296951208529,8.507380485534668,Month-to-month,Fiber optic,Electronic check,81.1,81.1
4632-PAOYU,0.086006865,Low Risk,22,0.0,0.0,54.86632267634074,One year,No,Mailed check,19.95,433.5
3803-KMQFW,0.60243475,High Risk,1,0.0,0.0,20.294928948084515,Month-to-month,No,Mailed check,20.55,20.55
6804-GDMOI,0.580385,Medium Risk,61,0.6666666666666666,14.289260000608706,59.73074853420257,Two year,Fiber optic,Electronic check,106.6,6428.4
2990-OGYTD,0.06040907,Low Risk,67,0.8333333333333334,3.145664578443032,91.56287988026936,Two year,DSL,Bank transfer (automatic),86.15,5883.85
6646-JPPHA,0.6165569,High Risk,14,0.3333333333333333,66.70527605705252,31.67215585708618,Month-to-month,Fiber optic,Electronic check,78.85,1043.8
9572-MTILT,0.50364876,Medium Risk,59,0.8333333333333334,23.041566545575932,66.0675621032715,Month-to-month,Fiber optic,Electronic check,106.75,6252.9
7658-UYUQS,0.5718581,Medium Risk,21,0.3333333333333333,43.42428054947422,36.82376126448313,Month-to-month,Fiber optic,Bank transfer (automatic),86.55,1857.25
7880-XSOJX,0.46834657,Medium Risk,4,0.5,60.611822053762936,38.249336878458664,Month-to-month,DSL,Mailed check,42.4,146.4
9611-CTWIH,0.8606867,High Risk,3,0.3333333333333333,34.60391825838295,14.882330695788065,Month-to-month,Fiber optic,Electronic check,89.45,240.45
4589-IUAJB,0.04432581,Low Risk,70,0.0,0.0,76.95037523905435,Two year,No,Bank transfer (automatic),24.25,1724.15
0329-GTIAJ,0.85481936,High Risk,3,0.6666666666666666,17.366868832927693,21.842365463574726,Month-to-month,Fiber optic,Electronic check,97.9,315.3
8746-BFOAJ,0.09877883,Low Risk,21,0.0,0.0,53.811057806015015,One year,No,Bank transfer (automatic),20.5,429.55
8457-XIGKN,0.22498685,Low Risk,20,0.0,0.0,47.0839907725652,Month-to-month,No,Credit card (automatic),19.6,356.15
6072-NUQCB,0.092088304,Low Risk,22,0.0,0.0,54.56225256125132,One year,No,Bank transfer (automatic),20.25,488.25
6629-CZTTH,0.76941764,High Risk,1,0.16666666666666666,57.95296951208529,15.279117822647095,Month-to-month,DSL,Mailed check,55.7,55.7
8838-GPHZP,0.052863326,Low Risk,63,0.0,0.0,73.60683500766754,Two year,No,Mailed check,20.6,1298.7
8750-QWZAJ,0.042706043,Low Risk,70,0.0,0.0,77.03136603037515,Two year,No,Bank transfer (automatic),19.8,1378.75
5364-EVNIB,0.7869417,High Risk,13,0.3333333333333333,55.629736381010886,22.736247976620994,Month-to-month,Fiber optic,Electronic check,79.8,973.45
6918-UMQCG,0.78413707,High Risk,5,0.16666666666666666,57.64548480395888,16.209813157717388,Month-to-month,Fiber optic,Electronic check,80.2,384.25
0675-NCDYU,0.06147585,Low Risk,72,1.0,0.0,96.92620635032654,Two year,Fiber optic,Credit card (automatic),116.4,8543.25
6339-DKLMK,0.62019026,High Risk,13,0.16666666666666666,69.85094063549555,27.740486860275272,Month-to-month,DSL,Electronic check,31.65,389.95
1346-PJWTK,0.3119381,Medium Risk,61,0.6666666666666666,26.494715832145374,73.15309464931488,Month-to-month,Fiber optic,Credit card (automatic),94.15,5731.85
5088-QZLRL,0.52582115,Medium Risk,1,0.0,0.0,24.125609199206036,Month-to-month,No,Electronic check,20.65,20.65
8023-QHAIO,0.3782973,Medium Risk,56,0.16666666666666666,74.90108205437164,57.75180021921794,Month-to-month,Fiber optic,Bank transfer (automatic),76.85,4275.75
4397-FRLTA,0.30683824,Medium Risk,4,0.0,0.0,36.324752966562905,Month-to-month,No,Mailed check,20.15,84.5
3057-VJJQE,0.06148451,Low Risk,35,0.16666666666666666,77.84887147921819,64.84244088331857,Two year,DSL,Mailed check,55.25,1924.1
5087-SUURX,0.6757965,High Risk,18,0.3333333333333333,43.42428054947422,30.376841227213543,Month-to-month,DSL,Electronic check,39.05,669.85
2302-OUZXB,0.069776185,Low Risk,72,0.6666666666666666,9.239118581732612,89.84452446301778,Two year,DSL,Bank transfer (automatic),82.15,5784.3
8133-ANHHJ,0.40086046,Medium Risk,49,0.8333333333333334,23.349051253702342,67.04031189282735,One year,Fiber optic,Bank transfer (automatic),103.0,5166.2
2270-CHBFN,0.4035429,Medium Risk,44,0.6666666666666666,46.390617799278274,61.4895228544871,Month-to-month,Fiber optic,Credit card (automatic),95.1,4060.55
0013-EXCHZ,0.8255002,High Risk,3,0.3333333333333333,51.5520308006693,16.64165715376536,Month-to-month,Fiber optic,Mailed check,83.9,267.4
5982-FPVQN,0.64930475,High Risk,37,0.5,32.588169835434954,42.95142928759257,Month-to-month,Fiber optic,Electronic check,95.15,3532.85
9107-UKCKY,0.3253196,Medium Risk,61,0.6666666666666666,9.239118581732612,72.48402059078217,One year,DSL,Electronic check,79.8,4914.8
4654-ULTTN,0.10213944,Low Risk,70,0.6666666666666666,34.492646675868016,87.39302635192871,Two year,DSL,Credit card (automatic),74.8,5315.8
5550-VFRLC,0.8969939,High Risk,1,0.0,80.99453605766122,5.566972891489665,Month-to-month,Fiber optic,Electronic check,69.85,69.85
5546-BYZSM,0.17676291,Low Risk,41,0.0,0.0,58.245186408360794,Month-to-month,No,Electronic check,20.45,775.6
1492-KGETH,0.21966642,Low Risk,70,0.8333333333333334,23.349051253702342,84.85001226266225,One year,DSL,Bank transfer (automatic),78.35,5445.95
4929-BSTRX,0.763963,High Risk,1,0.16666666666666666,57.64548480395888,15.55185079574585,Month-to-month,DSL,Mailed check,53.55,53.55
4163-HFTUK,0.090237275,Low Risk,51,0.0,0.0,66.73813700675964,One year,No,Electronic check,19.1,1007.8
8215-NGSPE,0.04872693,Low Risk,42,0.0,0.0,65.06365418434143,Two year,No,Mailed check,20.0,833.55
2225-ZRGSG,0.23562743,Low Risk,70,0.6666666666666666,46.390617799278274,80.71862936019897,Two year,Fiber optic,Bank transfer (automatic),93.9,6579.05
8859-YSTWS,0.0741818,Low Risk,48,0.0,0.0,66.29091024398804,One year,No,Bank transfer (automatic),19.95,1004.5
5271-YNWVR,0.0839437,Low Risk,68,1.0,0.0,94.13614710172018,Two year,Fiber optic,Electronic check,113.15,7856.0
7601-DHFWZ,0.06788668,Low Risk,48,0.0,0.0,66.60566449165344,Two year,No,Credit card (automatic),24.0,1183.05
2657-ALMWY,0.6557716,High Risk,26,0.3333333333333333,46.809374089919615,34.711419343948364,Month-to-month,Fiber optic,Electronic check,84.95,2169.75
6330-JKLPC,0.7579176,High Risk,11,0.16666666666666666,69.85094063549555,20.020787517229717,Month-to-month,Fiber optic,Bank transfer (automatic),80.5,896.9
4667-OHGKG,0.56488144,Medium Risk,1,0.0,0.0,22.17259446779887,Month-to-month,No,Mailed check,19.3,19.3
1998-VHJHK,0.06648544,Low Risk,27,0.0,0.0,57.92572677135468,One year,No,Mailed check,19.15,501.35
1707-HABPF,0.22672987,Low Risk,46,0.5,32.280685127308544,67.83017317454019,One year,Fiber optic,Bank transfer (automatic),91.3,4126.35
1660-HSOOQ,0.7558438,High Risk,1,0.16666666666666666,66.77333180317656,15.957809090614319,Month-to-month,DSL,Mailed check,49.65,49.65
7253-UVNDW,0.111374244,Low Risk,46,0.3333333333333333,60.67987779988698,70.26462038358052,Two year,DSL,Credit card (automatic),54.35,2460.15
0487-VVUVK,0.15629938,Low Risk,25,0.0,0.0,52.60169903437296,Month-to-month,No,Mailed check,19.15,477.6
7228-OMTPN,0.85482377,High Risk,4,0.3333333333333333,34.60391825838295,15.592144926389057,Month-to-month,Fiber optic,Electronic check,88.45,370.65
5063-IUOKK,0.07752912,Low Risk,13,0.0,0.0,51.54021004835765,Two year,No,Mailed check,19.75,265.75
4508-OEBEY,0.27324423,Low Risk,31,0.8333333333333334,23.349051253702342,65.92112024625143,One year,DSL,Credit card (automatic),75.5,2424.45
0027-KWYKW,0.7504822,High Risk,23,0.16666666666666666,57.64548480395888,25.39255658785502,Month-to-month,Fiber optic,Electronic check,83.75,1849.95
2308-STERM,0.31327438,Medium Risk,2,0.0,0.0,35.16961415608724,Month-to-month,No,Mailed check,19.4,61.05
5982-XMDEX,0.052664716,Low Risk,65,0.0,0.0,74.45009847482045,Two year,No,Bank transfer (automatic),26.5,1698.55
6284-AHOOQ,0.6213145,High Risk,22,0.3333333333333333,51.5520308006693,34.76760705312093,Month-to-month,Fiber optic,Bank transfer (automatic),90.5,1910.6
6051-PTVNS,0.09483861,Low Risk,55,0.0,0.0,68.17473570505777,One year,No,Credit card (automatic),19.15,998.1
2344-JMOGN,0.7786062,High Risk,9,0.6666666666666666,26.187231124018965,28.153024514516193,Month-to-month,Fiber optic,Mailed check,94.85,890.6
3799-ISUZQ,0.74667466,High Risk,7,0.0,80.99453605766122,15.58293382326762,Month-to-month,Fiber optic,Bank transfer (automatic),69.95,529.5
2877-VDUER,0.14434475,Low Risk,35,0.3333333333333333,51.5520308006693,64.0327626466751,One year,DSL,Mailed check,40.9,1383.6
9152-AMKAK,0.08350673,Low Risk,6,0.8333333333333334,11.143595422165674,64.99133149782817,Two year,DSL,Mailed check,80.25,493.4
1794-HBQTJ,0.70191056,High Risk,1,0.16666666666666666,77.84887147921819,18.65447223186493,Month-to-month,DSL,Credit card (automatic),48.6,48.6
9432-VOFYX,0.7313697,High Risk,17,0.0,80.99453605766122,20.51484962304433,Month-to-month,Fiber optic,Electronic check,70.8,1207.0
8049-WJCLQ,0.37823474,Medium Risk,10,0.3333333333333333,43.42428054947422,41.92159612973531,Month-to-month,DSL,Mailed check,60.2,563.5
6586-PSJOX,0.21057181,Low Risk,15,0.3333333333333333,60.67987779988698,52.388075391451515,One year,DSL,Credit card (automatic),55.2,864.55
2460-FPSYH,0.5273664,Medium Risk,40,0.6666666666666666,20.31465825777424,53.63168001174926,Month-to-month,DSL,Electronic check,55.8,2109.35
9705-ZJBCG,0.17846015,Low Risk,13,0.3333333333333333,71.75541747592861,53.16032727559408,One year,DSL,Bank transfer (automatic),54.15,701.05
4818-DRBQT,0.59416467,Medium Risk,29,0.16666666666666666,69.85094063549555,35.708433190981545,Month-to-month,Fiber optic,Bank transfer (automatic),80.15,2265.25
1320-HTRDR,0.8507123,High Risk,3,0.0,80.99453605766122,8.714385032653809,Month-to-month,Fiber optic,Electronic check,75.5,220.6
6847-KJLTS,0.5354677,Medium Risk,58,0.5,28.510464255093368,57.39328245321909,Month-to-month,Fiber optic,Bank transfer (automatic),100.4,5749.8
9670-BPNXF,0.13167101,Low Risk,45,0.5,60.611822053762936,72.16644942760468,One year,DSL,Credit card (automatic),62.55,2796.45
3913-FCUUW,0.06826484,Low Risk,72,0.6666666666666666,46.390617799278274,89.92009123166402,Two year,DSL,Bank transfer (automatic),70.45,5165.7
3301-VKTGC,0.1694741,Low Risk,68,0.3333333333333333,66.70527605705252,76.52629375457764,One year,Fiber optic,Bank transfer (automatic),85.5,5696.6
1493-AMTIE,0.64839935,High Risk,1,0.0,0.0,17.99669901529948,Month-to-month,No,Bank transfer (automatic),20.2,20.2
9555-SAHUZ,0.27096915,Low Risk,38,0.3333333333333333,66.70527605705252,58.951542377471924,Month-to-month,DSL,Electronic check,54.5,2076.05
0816-TSPHQ,0.36156502,Medium Risk,2,0.0,0.0,32.755083640416466,Month-to-month,No,Mailed check,20.75,44.2
9932-WBWIK,0.24177305,Low Risk,11,0.0,0.0,42.4946798880895,Month-to-month,No,Mailed check,20.35,215.25
4619-EVPHY,0.47943193,Medium Risk,20,0.3333333333333333,34.60391825838295,41.028403639793396,One year,Fiber optic,Bank transfer (automatic),91.0,1859.5
5286-YHCVC,0.24311313,Low Risk,72,0.6666666666666666,9.239118581732612,81.17767532666524,Two year,Fiber optic,Bank transfer (automatic),104.8,7470.1
6424-ELEYH,0.8209664,High Risk,3,0.0,80.99453605766122,10.20167887210846,Month-to-month,Fiber optic,Credit card (automatic),74.75,229.5
4391-RESHN,0.70241255,High Risk,23,0.6666666666666666,14.289260000608706,37.79603938261668,Month-to-month,Fiber optic,Mailed check,104.05,2470.1
9115-YQHGA,0.33611357,Medium Risk,40,0.16666666666666666,74.90108205437164,53.19432139396667,Month-to-month,DSL,Electronic check,51.1,2092.9
4462-CYWMH,0.43822142,Medium Risk,62,0.3333333333333333,46.809374089919615,60.58892726898193,Month-to-month,Fiber optic,Bank transfer (automatic),89.8,5629.55
8963-MQVYN,0.26504824,Low Risk,22,0.0,0.0,45.914253393809,Month-to-month,No,Electronic check,20.55,469.85
2458-EOMRE,0.36306763,Medium Risk,11,0.5,40.586100679157596,46.429951985677086,Month-to-month,DSL,Bank transfer (automatic),64.05,733.95
9334-GWGOW,0.84444904,High Risk,7,0.0,80.99453605766122,10.694214502970379,Month-to-month,Fiber optic,Electronic check,74.85,485.25
6821-BUXUX,0.82869375,High Risk,13,0.5,43.35622480335017,23.98197929064433,Month-to-month,Fiber optic,Electronic check,96.65,1244.5
5028-HTLJB,0.66405505,High Risk,1,0.0,0.0,17.213914195696514,Month-to-month,No,Mailed check,20.05,20.05
9801-GDWGV,0.7532387,High Risk,39,0.6666666666666666,9.239118581732612,41.92139943440755,Month-to-month,Fiber optic,Electronic check,103.45,3994.45
6542-LWGXJ,0.6319816,High Risk,3,0.0,80.99453605766122,19.650919437408447,Month-to-month,DSL,Mailed check,25.0,78.25
5567-GZKQY,0.060964435,Low Risk,58,0.0,0.0,71.11844340960185,Two year,No,Credit card (automatic),20.3,1131.5
1222-LRYKO,0.30672166,Medium Risk,6,0.0,0.0,37.16391563415527,Month-to-month,No,Mailed check,26.35,184.05
2320-JRSDE,0.69707894,High Risk,1,0.0,0.0,15.562719504038494,Month-to-month,No,Electronic check,19.9,19.9
2087-QAREY,0.41777304,Medium Risk,22,0.3333333333333333,55.629736381010886,44.944682916005455,Month-to-month,DSL,Mailed check,54.7,1178.75
0601-WZHJF,0.6188564,High Risk,14,0.3333333333333333,34.60391825838295,31.557181477546692,Month-to-month,DSL,Electronic check,46.35,667.7
4423-JWZJN,0.26962778,Low Risk,64,0.3333333333333333,43.73176525760063,69.85194285710652,One year,Fiber optic,Credit card (automatic),90.25,5629.15
5143-WMWOG,0.5903399,Medium Risk,1,0.0,0.0,20.89967171351115,Month-to-month,No,Electronic check,19.95,19.95
6490-FGZAT,0.26150438,Low Risk,6,0.0,0.0,39.424779415130615,Month-to-month,No,Mailed check,20.65,109.3
5393-RXQSZ,0.8776412,High Risk,1,0.16666666666666666,57.95296951208529,9.867939949035645,Month-to-month,Fiber optic,Electronic check,79.6,79.6
7452-FOLON,0.107173786,Low Risk,39,0.0,0.0,60.89130997657776,One year,No,Bank transfer (automatic),25.45,958.45
2320-TZRRH,0.08694347,Low Risk,20,0.0,0.0,53.98616095383962,One year,No,Mailed check,19.5,403.15
0231-LXVAP,0.8389876,High Risk,1,0.16666666666666666,74.90108205437164,11.800620555877686,Month-to-month,Fiber optic,Electronic check,75.9,75.9
9444-JTXHZ,0.8683822,High Risk,1,0.16666666666666666,66.77333180317656,10.330889225006104,Month-to-month,Fiber optic,Electronic check,76.2,76.2
4942-VZZOM,0.11034718,Low Risk,64,0.3333333333333333,54.49982022551585,77.815975745519,One year,DSL,Credit card (automatic),66.15,4392.5
5510-BOIUJ,0.4444308,Medium Risk,1,0.0,0.0,28.195125261942543,Month-to-month,No,Mailed check,19.25,19.25
7502-BNYGS,0.33703965,Medium Risk,46,0.5,23.460322836217273,62.31468419233958,Month-to-month,DSL,Credit card (automatic),69.1,3168.0
4291-HYEBC,0.37796146,Medium Risk,28,0.3333333333333333,46.809374089919615,49.43526049455007,One year,DSL,Electronic check,39.1,1096.6
6147-CBCRA,0.17345004,Low Risk,33,0.0,0.0,55.07749736309051,Month-to-month,No,Mailed check,20.05,669.45
6047-SUHPR,0.1910028,Low Risk,39,0.5,52.484071802567854,66.69986069202423,One year,DSL,Electronic check,59.8,2343.85
4471-KXAUH,0.6558109,High Risk,42,0.3333333333333333,60.67987779988698,41.37612203756969,Month-to-month,Fiber optic,Electronic check,84.3,3588.4
9752-ZNQUT,0.79475725,High Risk,1,0.16666666666666666,69.85094063549555,14.012137651443481,Month-to-month,DSL,Electronic check,48.6,48.6
7638-QVMVY,0.8312488,High Risk,7,0.16666666666666666,57.64548480395888,14.687559008598328,Month-to-month,Fiber optic,Electronic check,79.0,522.95
1576-PFZIW,0.19752921,Low Risk,70,0.8333333333333334,6.09345400328958,85.95687349637349,Two year,Fiber optic,Credit card (automatic),105.35,7511.9
5666-MBJPT,0.053547706,Low Risk,65,0.0,0.0,74.40594931443532,Two year,No,Bank transfer (automatic),25.1,1725.0
7312-XSBAT,0.689462,High Risk,1,0.16666666666666666,77.84887147921819,19.276899695396423,Month-to-month,DSL,Electronic check,49.75,49.75
3096-GKWEB,0.7967479,High Risk,18,0.3333333333333333,34.60391825838295,24.329270521799724,Month-to-month,Fiber optic,Electronic check,94.75,1691.9
2371-JQHZZ,0.7834221,High Risk,24,0.3333333333333333,34.60391825838295,27.495561043421425,Month-to-month,Fiber optic,Electronic check,93.0,2248.05
0674-GCDXG,0.06014455,Low Risk,63,0.6666666666666666,34.492646675868016,86.57610615094502,Two year,DSL,Bank transfer (automatic),71.9,4479.2
1121-QSIVB,0.27422804,Low Risk,44,0.5,23.460322836217273,64.62193151315053,One year,DSL,Mailed check,77.55,3471.1
4396-KLSEH,0.40422973,Medium Risk,4,0.0,0.0,31.455178658167522,Month-to-month,No,Electronic check,19.85,63.0
3244-DCJWY,0.89121884,High Risk,1,0.0,80.99453605766122,5.855724612871806,Month-to-month,Fiber optic,Electronic check,70.25,70.25
2824-MYYBN,0.72643346,High Risk,37,0.3333333333333333,34.60391825838295,35.76166053613027,Month-to-month,Fiber optic,Electronic check,95.25,3314.15
0875-CABNR,0.79589313,High Risk,10,0.3333333333333333,43.73176525760063,21.038676699002583,Month-to-month,Fiber optic,Credit card (automatic),84.6,865.55
6345-HOVES,0.37293568,Medium Risk,34,0.0,80.99453605766122,45.51988403002421,Month-to-month,DSL,Bank transfer (automatic),25.05,852.7
8318-LCNBW,0.22921748,Low Risk,35,0.6666666666666666,17.237049425455254,66.45579318205515,One year,DSL,Credit card (automatic),53.15,1930.9
6469-QJKZW,0.3277526,Medium Risk,4,0.0,0.0,35.279037157694496,Month-to-month,No,Electronic check,20.15,91.4
0147-ESWWR,0.7444986,High Risk,39,0.5,28.510464255093368,39.02506947517394,Month-to-month,Fiber optic,Electronic check,101.25,3949.15
1217-VASWC,0.52529883,Medium Risk,43,0.6666666666666666,9.239118581732612,54.985058307647705,One year,Fiber optic,Bank transfer (automatic),100.55,4304.0
7812-FZHPE,0.2322532,Low Risk,17,0.0,0.0,45.470673640569046,Month-to-month,No,Mailed check,24.1,409.9
6370-ZVHDV,0.049417663,Low Risk,61,0.0,0.0,72.945782939593,Two year,No,Bank transfer (automatic),25.3,1554.9
5915-DGNVC,0.1967655,Low Risk,49,0.6666666666666666,29.44250525699192,73.9117258787155,One year,DSL,Electronic check,71.8,3472.05
6260-XLACS,0.12642297,Low Risk,4,0.0,0.0,45.34551660219828,One year,No,Mailed check,19.7,117.8
3566-CAAYU,0.18978125,Low Risk,64,0.6666666666666666,26.494715832145374,80.51093757152556,Two year,DSL,Electronic check,49.85,3210.35
4983-CCWMC,0.7798316,High Risk,3,0.0,80.99453605766122,12.258420586585999,Month-to-month,Fiber optic,Mailed check,69.6,207.4
9103-CXVOK,0.53710324,Medium Risk,1,0.0,0.0,23.56150488058726,Month-to-month,No,Electronic check,19.75,19.75
2896-TBNBE,0.3039636,Medium Risk,40,0.3333333333333333,55.629736381010886,58.135153253873185,One year,Fiber optic,Electronic check,80.8,3132.75
4797-AXPXK,0.69566673,High Risk,1,0.5,60.611822053762936,25.63333014647166,Month-to-month,DSL,Electronic check,60.0,60.0
5229-PRWKT,0.8650965,High Risk,8,0.16666666666666666,57.95296951208529,13.411841193834938,Month-to-month,Fiber optic,Electronic check,86.55,649.65
6982-UQZLY,0.708563,High Risk,1,0.0,0.0,14.98851517836253,Month-to-month,No,Mailed check,20.85,20.85
2522-WLNSF,0.15830491,Low Risk,34,0.5,37.33082654618464,66.25142018000284,One year,DSL,Bank transfer (automatic),64.2,2106.3
3841-CONLJ,0.76538974,High Risk,1,0.16666666666666666,57.95296951208529,15.480512976646423,Month-to-month,DSL,Electronic check,35.0,35.0
5057-LCOUI,0.5207722,Medium Risk,39,0.5,20.382714003898286,50.21138906478881,Month-to-month,DSL,Electronic check,50.75,2011.4
0193-ESZXP,0.47101438,Medium Risk,58,0.8333333333333334,14.221204254484661,67.28261431058249,One year,Fiber optic,Credit card (automatic),105.5,6205.5
4475-NVTLU,0.05790188,Low Risk,45,0.0,0.0,65.85490703582764,Two year,No,Electronic check,19.2,903.7
4369-HTUIF,0.78781646,High Risk,6,0.3333333333333333,54.49982022551585,19.775843421618145,Month-to-month,Fiber optic,Bank transfer (automatic),85.15,503.6
9386-LDCZR,0.16742145,Low Risk,43,0.6666666666666666,46.390617799278274,72.87892699241638,One year,Fiber optic,Credit card (automatic),90.65,3882.3
9585-KKMFD,0.04997121,Low Risk,41,0.0,0.0,64.5847721894582,Two year,No,Mailed check,20.0,879.8
5399-ZIMKF,0.809091,High Risk,5,0.16666666666666666,69.85094063549555,14.96211806933085,Month-to-month,Fiber optic,Electronic check,74.65,383.65
0336-KXKFK,0.047919977,Low Risk,72,0.8333333333333334,11.143595422165674,94.27066723505658,Two year,DSL,Credit card (automatic),61.2,4390.25
5619-XZZKR,0.12424322,Low Risk,4,0.0,0.0,45.45450667540232,One year,No,Mailed check,19.95,68.2
3948-FVVRP,0.4070179,Medium Risk,9,0.3333333333333333,63.75748663220597,40.065772334734596,Month-to-month,DSL,Mailed check,54.8,452.8
5327-XOKKY,0.11901509,Low Risk,72,0.5,20.382714003898286,84.04924511909485,Two year,DSL,Credit card (automatic),73.45,5329.0
0983-TATYJ,0.14954819,Low Risk,33,0.16666666666666666,74.90108205437164,59.6059246857961,One year,DSL,Mailed check,51.45,1758.9
1813-JYWTO,0.06446086,Low Risk,72,0.16666666666666666,77.84887147921819,80.1102896531423,Two year,Fiber optic,Bank transfer (automatic),80.45,5737.6
0156-FVPTA,0.50974965,Medium Risk,22,0.3333333333333333,71.75541747592861,40.345850785573326,Month-to-month,DSL,Electronic check,54.2,1152.7
1984-FCOWB,0.51241726,Medium Risk,70,0.8333333333333334,3.145664578443032,70.21247049172719,One year,Fiber optic,Electronic check,109.5,7674.55
0654-HMSHN,0.7413525,High Risk,21,0.6666666666666666,9.239118581732612,35.01570840676626,Month-to-month,Fiber optic,Electronic check,104.4,2157.95
6719-OXYBR,0.7052693,High Risk,15,0.3333333333333333,43.42428054947422,27.65320281187693,Month-to-month,Fiber optic,Electronic check,85.3,1219.85
3312-ZWLGF,0.70445406,High Risk,29,0.16666666666666666,74.90108205437164,30.193963448206585,Month-to-month,Fiber optic,Electronic check,79.3,2414.55
6476-YHMGA,0.37442866,Medium Risk,15,0.8333333333333334,3.145664578443032,54.195235172907516,Month-to-month,DSL,Bank transfer (automatic),76.5,1155.6
5287-QWLKY,0.4390168,Medium Risk,71,0.6666666666666666,20.31465825777424,70.96582571665446,Month-to-month,Fiber optic,Credit card (automatic),105.1,7548.1
0795-XCCTE,0.04531867,Low Risk,72,0.0,0.0,77.73406684398651,Two year,No,Bank transfer (automatic),25.4,1809.35
0168-XZKBB,0.77466273,High Risk,19,0.16666666666666666,57.64548480395888,22.516863346099854,Month-to-month,Fiber optic,Electronic check,86.85,1564.4
3785-NRHYR,0.5530031,Medium Risk,1,0.0,0.0,22.766513029734295,Month-to-month,No,Mailed check,19.65,19.65
5196-SGOAK,0.8958125,High Risk,1,0.16666666666666666,69.85094063549555,8.95937442779541,Month-to-month,Fiber optic,Electronic check,75.7,75.7
4537-DKTAL,0.7147566,High Risk,2,0.0,80.99453605766122,15.095502932866415,Month-to-month,DSL,Electronic check,45.55,84.4
7072-MBHEV,0.74060714,High Risk,11,0.16666666666666666,66.77333180317656,20.886309544245403,Month-to-month,Fiber optic,Credit card (automatic),78.1,864.85
5602-BVFMK,0.114641845,Low Risk,12,0.0,0.0,49.26790773868561,One year,No,Mailed check,19.3,228.75
6297-NOOPG,0.2942374,Low Risk,70,0.8333333333333334,3.145664578443032,81.12146457036336,Two year,Fiber optic,Electronic check,110.5,7752.05
1891-UAWWU,0.72473806,High Risk,20,0.3333333333333333,43.42428054947422,28.763096928596493,Month-to-month,Fiber optic,Electronic check,90.8,1951.0
8204-TIFGJ,0.1831599,Low Risk,23,0.0,0.0,50.42533894379934,Month-to-month,No,Bank transfer (automatic),20.3,470.6
8050-DVOJX,0.08868439,Low Risk,49,0.8333333333333334,23.349051253702342,82.64911433060963,Two year,DSL,Credit card (automatic),81.35,4060.9
6108-OQZDQ,0.88898325,High Risk,4,0.5,23.460322836217273,17.217504183451336,Month-to-month,Fiber optic,Electronic check,97.95,384.5
0363-QJVFX,0.51691943,Medium Risk,32,0.8333333333333334,14.221204254484661,54.15402829647065,Month-to-month,Fiber optic,Credit card (automatic),108.15,3432.9
8903-XEBGX,0.77730215,High Risk,2,0.16666666666666666,57.95296951208529,15.301559368769327,Month-to-month,DSL,Electronic check,55.3,108.65
8169-SAEJD,0.09504756,Low Risk,69,0.6666666666666666,20.31465825777424,87.33095367749532,Two year,DSL,Credit card (automatic),56.55,3952.65
9840-DVNDC,0.80325407,High Risk,6,0.16666666666666666,57.64548480395888,15.6706299384435,Month-to-month,Fiber optic,Credit card (automatic),80.5,463.05
1089-XZWHH,0.057861358,Low Risk,24,0.0,0.0,57.10693359375,Two year,No,Mailed check,19.7,494.05
2325-WINES,0.52782077,Medium Risk,32,0.6666666666666666,9.239118581732612,50.275628368059785,One year,Fiber optic,Credit card (automatic),104.05,3416.85
6064-ZATLR,0.06905445,Low Risk,27,0.3333333333333333,66.70527605705252,64.46394542853038,Two year,DSL,Bank transfer (automatic),52.85,1498.65
3096-JRDSO,0.6734617,High Risk,27,0.6666666666666666,25.364799676650335,40.91024955113729,Month-to-month,Fiber optic,Bank transfer (automatic),104.3,2867.75
7824-PANSQ,0.3295554,Medium Risk,58,0.16666666666666666,74.90108205437164,61.02223038673401,Month-to-month,Fiber optic,Bank transfer (automatic),80.65,4807.35
8042-JVNFH,0.8705495,High Risk,1,0.0,80.99453605766122,6.8891916672388716,Month-to-month,Fiber optic,Mailed check,71.35,71.35
9648-BCHKM,0.087977625,Low Risk,18,0.0,0.0,53.10111761093139,Two year,No,Credit card (automatic),24.65,471.35
2888-ADFAO,0.05435826,Low Risk,47,0.0,0.0,66.86542113622029,Two year,No,Bank transfer (automatic),21.3,1041.8
8707-HOEDG,0.19399312,Low Risk,70,0.8333333333333334,3.145664578443032,86.13367875417073,Two year,Fiber optic,Electronic check,110.2,7689.8
3374-LXDEV,0.7062116,High Risk,13,0.5,49.53628237772131,30.106085340181988,Month-to-month,Fiber optic,Electronic check,89.4,1132.35
4072-IPYLT,0.23380898,Low Risk,36,0.16666666666666666,77.84887147921819,56.64288361867269,Month-to-month,DSL,Credit card (automatic),51.05,1815.0
7167-PCEYD,0.05292659,Low Risk,67,0.0,0.0,75.27033666769664,Two year,No,Mailed check,19.8,1311.3
4936-YPJNK,0.24588503,Low Risk,10,0.0,0.0,41.87241593996684,Month-to-month,No,Mailed check,19.9,199.45
1580-BMCMR,0.68201876,High Risk,19,0.3333333333333333,54.80730493364226,30.48239549001058,Month-to-month,Fiber optic,Electronic check,87.3,1637.3
4817-KEQSP,0.045301225,Low Risk,71,0.0,0.0,77.31827338536581,Two year,No,Bank transfer (automatic),19.85,1326.35
6408-WHTEF,0.037749004,Low Risk,72,1.0,0.0,98.11255037784576,Two year,DSL,Mailed check,89.4,6376.55
9251-AWQGT,0.05053872,Low Risk,48,0.0,0.0,67.47306406497955,Two year,No,Mailed check,20.0,935.9
8749-CLJXC,0.60359496,High Risk,1,0.0,0.0,20.236918727556866,Month-to-month,No,Mailed check,20.05,20.05
7989-VCQOH,0.38862348,Medium Risk,18,0.8333333333333334,11.143595422165674,54.73549286524455,Month-to-month,DSL,Electronic check,83.25,1611.15
5049-GLYVG,0.60432667,High Risk,1,0.0,0.0,20.20033339659373,Month-to-month,No,Mailed check,20.6,20.6
4199-QHJNM,0.15783478,Low Risk,67,0.6666666666666666,17.366868832927693,83.3582615852356,Two year,Fiber optic,Bank transfer (automatic),102.9,6989.7
8882-TLVRW,0.04939255,Low Risk,69,0.5,57.53421322144395,86.28037095069885,Two year,DSL,Mailed check,39.1,2779.5
5883-GTGVD,0.8178899,High Risk,19,0.5,23.460322836217273,27.02217022577922,Month-to-month,Fiber optic,Electronic check,99.95,1931.75
5135-GRQJV,0.056884486,Low Risk,72,1.0,0.0,97.1557766199112,Two year,Fiber optic,Mailed check,114.5,8331.95
2384-OVPSA,0.074277475,Low Risk,38,0.0,0.0,62.11946030457815,Two year,No,Mailed check,20.2,735.9
1371-WEPDS,0.2915352,Low Risk,40,0.16666666666666666,57.95296951208529,55.42324006557464,One year,DSL,Electronic check,55.8,2283.3
3580-GICBM,0.04998569,Low Risk,61,0.0,0.0,72.91738132635753,Two year,No,Mailed check,24.2,1445.2
4817-QRJSX,0.7814341,High Risk,10,0.16666666666666666,69.85094063549555,18.42829406261444,Month-to-month,Fiber optic,Credit card (automatic),81.0,818.05
9730-DRTMJ,0.16519575,Low Risk,32,0.5,48.40636622222627,65.0735451777776,One year,DSL,Credit card (automatic),72.8,2333.05
4686-UXDML,0.74860543,High Risk,21,0.5,23.460322836217273,31.31972849369049,Month-to-month,Fiber optic,Credit card (automatic),99.85,1992.55
3349-ANQNH,0.52088296,Medium Risk,59,0.5,20.382714003898286,58.53918512662252,One year,Fiber optic,Electronic check,99.5,5890.0
2398-YPMUR,0.77188355,High Risk,13,0.0,80.99453605766122,16.82248930136363,Month-to-month,Fiber optic,Electronic check,70.15,916.75
0932-YIXYU,0.063058816,Low Risk,47,0.0,0.0,66.43039365609486,Two year,No,Credit card (automatic),20.25,1029.8
7480-SPLEF,0.04597395,Low Risk,69,0.0,0.0,76.45130217075348,Two year,No,Bank transfer (automatic),26.0,1796.55
7636-XUHWW,0.3874214,Medium Risk,2,0.0,0.0,31.46226485570272,Month-to-month,No,Credit card (automatic),19.9,33.7
1431-CYWMH,0.15286414,Low Risk,22,0.0,0.0,51.52345875898997,Month-to-month,No,Bank transfer (automatic),19.05,454.05
5937-EORGB,0.811557,High Risk,15,0.5,40.278615971031186,25.67215025424957,Month-to-month,Fiber optic,Electronic check,96.5,1392.25
6349-JDHQP,0.07676621,Low Risk,53,0.0,0.0,68.24502368768056,Two year,No,Credit card (automatic),19.85,1049.6
5539-HIVAK,0.25264344,Low Risk,28,0.0,0.0,49.03449336687724,Month-to-month,No,Mailed check,25.7,734.6
5847-MXBEO,0.082349904,Low Risk,22,0.0,0.0,55.0491718451182,One year,No,Mailed check,20.3,475.1
9985-MWVIX,0.87155783,High Risk,1,0.0,80.99453605766122,6.838775078455607,Month-to-month,Fiber optic,Mailed check,70.15,70.15
4583-PARNH,0.71748096,High Risk,16,0.5,37.63831125431105,30.792618791262306,Month-to-month,Fiber optic,Electronic check,91.55,1540.05
1116-FRYVH,0.057699315,Low Risk,48,0.5,60.611822053762936,77.11503386497498,Two year,DSL,Mailed check,39.4,1978.65
1421-HCERK,0.5167706,Medium Risk,30,0.8333333333333334,23.041566545575932,53.32813660303752,Month-to-month,Fiber optic,Bank transfer (automatic),105.7,3181.8
9633-XQABV,0.8115467,High Risk,3,0.0,80.99453605766122,10.67266583442688,Month-to-month,Fiber optic,Electronic check,70.25,229.7
0716-BQNDX,0.22012989,Low Risk,57,0.5,48.71385093035268,72.74350464344025,Two year,Fiber optic,Electronic check,93.75,5625.55
1265-XTECC,0.37449768,Medium Risk,68,0.5,43.66370951147658,69.60845073064168,One year,Fiber optic,Credit card (automatic),96.55,6581.9
1183-CANVH,0.16512446,Low Risk,23,0.3333333333333333,51.5520308006693,57.99377620220184,One year,DSL,Bank transfer (automatic),60.0,1347.15
1972-XMUWV,0.06548429,Low Risk,65,0.3333333333333333,51.5520308006693,80.47578573226927,Two year,DSL,Credit card (automatic),59.8,3808.2
8679-LZBMD,0.42809954,Medium Risk,44,0.3333333333333333,34.60391825838295,53.5950243473053,One year,Fiber optic,Bank transfer (automatic),90.65,3974.15
3407-JMJQQ,0.22837105,Low Risk,71,0.8333333333333334,6.09345400328958,84.83144879341127,Two year,Fiber optic,Bank transfer (automatic),109.0,7661.8
6252-DFGTK,0.13229477,Low Risk,37,0.5,57.53421322144395,68.80192796389262,One year,DSL,Credit card (automatic),68.1,2479.25
1539-LNKHM,0.23219754,Low Risk,12,0.0,0.0,43.39012384414673,Month-to-month,No,Mailed check,20.4,266.6
8645-KOMJQ,0.058935218,Low Risk,69,0.8333333333333334,3.145664578443032,92.46990541617075,Two year,DSL,Bank transfer (automatic),81.95,5601.4
0289-IVARM,0.25840378,Low Risk,35,0.5,52.484071802567854,61.66314442952473,Month-to-month,DSL,Electronic check,60.55,1982.6
9761-XUJWD,0.49681252,Medium Risk,5,0.5,40.715920086630035,37.242707212766014,Month-to-month,DSL,Bank transfer (automatic),65.6,339.9
4057-FKCZK,0.14167781,Low Risk,58,0.16666666666666666,57.64548480395888,70.41611015796661,Two year,Fiber optic,Bank transfer (automatic),82.5,4828.05
4291-TPNFG,0.04055352,Low Risk,72,0.8333333333333334,23.349051253702342,94.63899115721387,Two year,DSL,Bank transfer (automatic),82.3,5980.55
6087-YPWHO,0.07191661,Low Risk,72,0.6666666666666666,46.390617799278274,89.73750432332356,Two year,DSL,Mailed check,68.15,4808.7
3090-QFUVD,0.5153817,Medium Risk,1,0.0,0.0,24.647581974665325,Month-to-month,No,Credit card (automatic),20.3,20.3
2237-ZFSMY,0.4164054,Medium Risk,39,0.6666666666666666,34.18516196774161,58.763061364491776,One year,Fiber optic,Electronic check,95.55,3692.85
1722-LDZJS,0.09760623,Low Risk,53,0.0,0.0,67.20302124818166,One year,No,Credit card (automatic),20.2,1068.15
1818-ESQMW,0.64353746,High Risk,27,0.5,37.63831125431105,39.073126912117004,Month-to-month,Fiber optic,Electronic check,89.2,2383.6
4871-JTKJF,0.8975748,High Risk,1,0.0,80.99453605766122,5.537927548090617,Month-to-month,Fiber optic,Electronic check,69.65,69.65
1415-YFWLT,0.90605766,High Risk,1,0.3333333333333333,34.60391825838295,11.780450542767843,Month-to-month,Fiber optic,Electronic check,89.3,89.3
7401-RUBNK,0.60442466,High Risk,18,0.16666666666666666,77.84887147921819,30.612100561459858,Month-to-month,Fiber optic,Electronic check,74.8,1438.05
0506-YLVKJ,0.05073861,Low Risk,46,0.0,0.0,66.62973503271739,Two year,No,Mailed check,20.2,917.45
8661-BOYNW,0.0468095,Low Risk,72,0.8333333333333334,11.143595422165674,94.3261919418971,Two year,DSL,Credit card (automatic),84.4,6096.45
6711-VTNRE,0.59492224,Medium Risk,36,0.5,37.63831125431105,45.25388777256012,Month-to-month,Fiber optic,Electronic check,87.55,3078.1
4815-GBTCD,0.7283114,High Risk,4,0.0,80.99453605766122,15.25109569231669,Month-to-month,DSL,Electronic check,25.15,99.95
2805-AUFQN,0.061784156,Low Risk,25,0.0,0.0,57.327459255854286,Two year,No,Credit card (automatic),19.8,475.2
0980-PVMRC,0.4994765,Medium Risk,40,0.5,23.460322836217273,51.69284204641977,Month-to-month,DSL,Electronic check,50.85,2036.55
7233-DRTRF,0.65929705,High Risk,63,0.6666666666666666,9.239118581732612,56.6184808810552,Month-to-month,Fiber optic,Electronic check,102.4,6444.05
3500-RMZLT,0.7192092,High Risk,15,0.6666666666666666,34.492646675868016,33.62287362416585,Month-to-month,Fiber optic,Mailed check,96.3,1426.75
3873-NFTGI,0.4642977,Medium Risk,14,0.16666666666666666,69.85094063549555,35.95178107420603,Month-to-month,DSL,Credit card (automatic),55.5,767.55
1162-ECVII,0.10247314,Low Risk,72,0.8333333333333334,3.145664578443032,91.54300967852276,Two year,Fiber optic,Bank transfer (automatic),109.75,7932.5
7048-GXDAY,0.6771334,High Risk,39,0.6666666666666666,20.31465825777424,45.72666426499684,Month-to-month,Fiber optic,Electronic check,106.4,4040.65
8571-ZCMCX,0.071635514,Low Risk,47,0.8333333333333334,6.09345400328958,82.66822576522827,Two year,DSL,Credit card (automatic),60.0,2768.65
1169-WCVAK,0.5064797,Medium Risk,19,0.5,60.611822053762936,42.5926826397578,Month-to-month,Fiber optic,Credit card (automatic),88.8,1672.35
4548-SDBKE,0.8732961,High Risk,5,0.16666666666666666,57.64548480395888,11.75186256567637,Month-to-month,Fiber optic,Electronic check,85.2,474.8
8066-POXGX,0.6564605,High Risk,13,0.16666666666666666,57.95296951208529,25.92697381973267,Month-to-month,DSL,Electronic check,35.1,446.1
7129-CAKJW,0.55296344,Medium Risk,17,0.16666666666666666,66.77333180317656,32.76849488417307,Month-to-month,Fiber optic,Bank transfer (automatic),80.05,1345.65
8695-ARGXZ,0.71154433,High Risk,34,0.0,80.99453605766122,28.589449922243755,Month-to-month,Fiber optic,Electronic check,75.55,2425.4
3570-YUEKJ,0.37363115,Medium Risk,42,0.16666666666666666,69.85094063549555,52.15177734692892,Month-to-month,DSL,Electronic check,49.55,2077.95
4143-OOBWZ,0.863975,High Risk,5,0.16666666666666666,69.85094063549555,12.217917243639628,Month-to-month,Fiber optic,Electronic check,81.3,416.3
1555-HAPSU,0.04043197,Low Risk,71,0.0,0.0,77.56173451741537,Two year,No,Credit card (automatic),23.9,1663.5
1697-NVVGY,0.30008158,Medium Risk,19,0.5,40.278615971031186,52.91258613268535,Month-to-month,DSL,Bank transfer (automatic),66.4,1286.05
7854-EKTJL,0.4300741,Medium Risk,2,0.0,0.0,29.329628547032677,Month-to-month,No,Electronic check,19.6,35.85
8464-EETCQ,0.09980066,Low Risk,57,0.0,0.0,68.75996768474579,Two year,No,Credit card (automatic),18.8,1094.35
2419-FSORS,0.37612948,Medium Risk,72,0.8333333333333334,3.145664578443032,77.860191265742,Two year,Fiber optic,Electronic check,108.4,7719.5
8132-YPVBX,0.8356841,High Risk,6,0.3333333333333333,46.809374089919615,17.382460633913677,Month-to-month,Fiber optic,Mailed check,85.95,514.6
9102-IAYHT,0.7884361,High Risk,17,0.16666666666666666,57.95296951208529,20.994860927263893,Month-to-month,Fiber optic,Electronic check,85.45,1451.6
6754-LZUKA,0.1009476,Low Risk,61,0.6666666666666666,9.239118581732612,83.70261907577515,Two year,DSL,Bank transfer (automatic),80.9,4932.5
3422-LYEPQ,0.8895764,High Risk,1,0.0,80.99453605766122,5.937847892443339,Month-to-month,Fiber optic,Electronic check,71.0,71.0
8099-MZPUJ,0.21200755,Low Risk,48,1.0,0.0,79.3996238708496,Two year,Fiber optic,Credit card (automatic),111.8,5443.65
0787-LHDYT,0.2567691,Low Risk,16,0.0,0.0,43.828213612238564,Month-to-month,No,Credit card (automatic),20.6,330.25
2642-DTVCO,0.8543878,High Risk,9,0.16666666666666666,57.95296951208529,14.36394234498342,Month-to-month,Fiber optic,Electronic check,85.05,746.5
0374-IOEGQ,0.6612525,High Risk,3,0.0,80.99453605766122,18.18737506866455,Month-to-month,DSL,Electronic check,44.6,122.7
4361-JEIVL,0.79744464,High Risk,1,0.0,80.99453605766122,10.544434587160746,Month-to-month,DSL,Electronic check,44.4,44.4
3197-NNYNB,0.21939372,Low Risk,65,0.6666666666666666,9.239118581732612,79.44698015848795,Two year,Fiber optic,Credit card (automatic),105.1,6631.85
3396-DKDEL,0.08915274,Low Risk,70,1.0,0.0,94.70902899901073,Two year,Fiber optic,Credit card (automatic),115.15,8250.0
1752-OZXFY,0.101054184,Low Risk,60,0.3333333333333333,54.49982022551585,76.6139570871989,One year,DSL,Mailed check,59.8,3561.15
9066-QRSDU,0.12751855,Low Risk,69,0.0,0.0,72.37407326698303,One year,No,Electronic check,26.3,1763.55
9112-WSNPU,0.61568296,High Risk,35,0.0,80.99453605766122,33.79918535550435,Month-to-month,Fiber optic,Electronic check,70.55,2419.0
9867-NNXLC,0.2008497,Low Risk,22,0.0,0.0,49.124181071917214,Month-to-month,No,Mailed check,20.05,470.2
5321-NTRKC,0.1354871,Low Risk,66,0.6666666666666666,9.239118581732612,84.05897935231525,Two year,DSL,Bank transfer (automatic),79.85,5234.95
1363-TXLSL,0.8934442,High Risk,1,0.0,80.99453605766122,5.744457642237346,Month-to-month,Fiber optic,Electronic check,70.3,70.3
9507-EXLTT,0.88846785,High Risk,1,0.16666666666666666,57.64548480395888,9.326607584953308,Month-to-month,Fiber optic,Bank transfer (automatic),79.35,79.35
3161-GETRM,0.58551246,Medium Risk,34,0.3333333333333333,43.73176525760063,41.557710369427994,Month-to-month,Fiber optic,Credit card (automatic),90.05,3097.0
0402-OAMEN,0.039642688,Low Risk,72,0.0,0.0,78.01786541938782,Two year,No,Bank transfer (automatic),24.45,1709.1
6933-VLYFX,0.21688227,Low Risk,31,0.8333333333333334,11.143595422165674,68.73921891053519,One year,DSL,Electronic check,59.95,1848.8
6754-WKSHP,0.12273632,Low Risk,30,0.0,0.0,56.36318325996399,One year,No,Bank transfer (automatic),25.35,723.3
9846-GKXAS,0.8275449,High Risk,9,0.3333333333333333,34.60391825838295,19.039420286814373,Month-to-month,Fiber optic,Bank transfer (automatic),90.8,809.75
6017-PPLPX,0.72285837,High Risk,20,0.0,80.99453605766122,22.190414865811665,Month-to-month,Fiber optic,Electronic check,70.45,1470.95
4976-LNFVV,0.4949457,Medium Risk,19,0.3333333333333333,55.629736381010886,39.83604808648427,Month-to-month,DSL,Credit card (automatic),34.3,577.15
5055-MGMGF,0.5083445,Medium Risk,65,0.6666666666666666,17.237049425455254,64.99944309393564,Month-to-month,Fiber optic,Electronic check,105.05,6914.95
4641-FROLU,0.06077474,Low Risk,30,0.0,0.0,59.461262822151184,Two year,No,Mailed check,19.3,602.9
2862-JVEOY,0.09145633,Low Risk,6,0.0,0.0,47.92718231678009,One year,No,Mailed check,19.15,124.4
2969-QWUBZ,0.7231909,High Risk,2,0.5,23.460322836217273,24.67378815015157,Month-to-month,DSL,Electronic check,51.4,96.8
9822-BIIGN,0.2585455,Low Risk,53,0.5,48.71385093035268,69.15605743726094,Month-to-month,DSL,Electronic check,71.85,3827.9
2077-MPJQO,0.8368293,High Risk,7,0.0,80.99453605766122,11.075201431910198,Month-to-month,Fiber optic,Electronic check,75.4,533.05
1534-OULXE,0.103199475,Low Risk,61,0.16666666666666666,77.84887147921819,73.59002590179443,One year,DSL,Bank transfer (automatic),49.7,2961.4
7136-RVDTZ,0.45623654,Medium Risk,70,0.3333333333333333,34.60391825838295,63.02150626977284,One year,DSL,Electronic check,45.25,3264.45
2971-SGAFL,0.5527739,Medium Risk,13,0.6666666666666666,17.237049425455254,41.111305356025696,Month-to-month,DSL,Electronic check,78.75,995.35
1480-IVEVR,0.26279157,Low Risk,35,0.16666666666666666,66.77333180317656,54.777087966601044,One year,Fiber optic,Bank transfer (automatic),81.6,2815.25
2905-KFQUV,0.7870122,High Risk,2,0.0,80.99453605766122,11.482722361882528,Month-to-month,Fiber optic,Credit card (automatic),70.4,154.8
4581-SSPWD,0.85701734,High Risk,3,0.0,80.99453605766122,8.399133086204529,Month-to-month,Fiber optic,Electronic check,75.8,246.3
3370-HXOPH,0.79722553,High Risk,3,0.0,80.99453605766122,11.388723254203796,Month-to-month,Fiber optic,Electronic check,76.1,257.6
9391-YZEJW,0.3969301,Medium Risk,62,0.3333333333333333,34.60391825838295,62.653495073318474,One year,Fiber optic,Bank transfer (automatic),94.0,5757.2
9958-MEKUC,0.10372234,Low Risk,72,0.8333333333333334,23.349051253702342,91.48054997126263,Two year,Fiber optic,Credit card (automatic),103.95,7517.7
0281-CNTZX,0.050600287,Low Risk,63,0.0,0.0,73.7199854850769,Two year,No,Bank transfer (automatic),19.95,1234.8
6927-WTFIV,0.5610632,Medium Risk,20,0.0,80.99453605766122,30.28017481168111,Month-to-month,Fiber optic,Credit card (automatic),71.3,1389.2
4118-CEVPF,0.4353519,Medium Risk,35,1.0,0.0,62.81573792298635,One year,Fiber optic,Bank transfer (automatic),110.8,3836.3
3398-ZOUAA,0.7252127,High Risk,21,0.0,80.99453605766122,22.48936533927918,Month-to-month,Fiber optic,Electronic check,69.1,1474.75
9114-VEPUF,0.302619,Medium Risk,62,0.5,43.66370951147658,70.70238431294759,One year,Fiber optic,Electronic check,96.1,6001.45
7876-BEUTG,0.47157586,Medium Risk,15,0.0,80.99453605766122,32.67120718955994,Month-to-month,DSL,Mailed check,48.8,720.1
2338-BQEZT,0.23101838,Low Risk,55,0.16666666666666666,77.84887147921819,64.6990817785263,Month-to-month,DSL,Credit card (automatic),50.55,2832.75
9873-MNDKV,0.4321692,Medium Risk,11,0.0,80.99453605766122,32.97487338383993,Month-to-month,DSL,Mailed check,44.65,472.25
0378-NHQXU,0.72854275,High Risk,17,0.3333333333333333,43.42428054947422,27.32286274433136,Month-to-month,Fiber optic,Electronic check,88.25,1460.65
8241-JUIQO,0.088903084,Low Risk,61,0.0,0.0,70.97151319185893,One year,No,Bank transfer (automatic),19.45,1336.35
2194-IIQOF,0.046226453,Low Risk,71,1.0,0.0,97.27201124032338,Two year,DSL,Credit card (automatic),89.3,6388.65
4512-ZUIYL,0.7494807,High Risk,2,0.0,80.99453605766122,13.359297116597494,Month-to-month,Fiber optic,Bank transfer (automatic),70.0,153.05
9631-RXVJM,0.07236022,Low Risk,35,0.0,0.0,60.9653224547704,Two year,No,Mailed check,19.25,677.9
9584-EXCDZ,0.5426862,Medium Risk,17,0.0,80.99453605766122,29.949022134145096,Month-to-month,Fiber optic,Bank transfer (automatic),70.5,1165.6
7969-AULMZ,0.82017845,High Risk,21,0.3333333333333333,34.60391825838295,24.40774420897166,Month-to-month,Fiber optic,Electronic check,97.35,2119.5
5093-FEGLU,0.05976452,Low Risk,47,0.0,0.0,66.59510811169942,Two year,No,Bank transfer (automatic),19.65,921.55
2621-UDNLU,0.36948687,Medium Risk,3,0.0,0.0,32.77565658092499,Month-to-month,No,Mailed check,20.85,72.0
7526-IVLYU,0.34570575,Medium Risk,3,0.0,0.0,33.964712619781494,Month-to-month,No,Mailed check,19.65,68.35
2428-HYUNX,0.08073176,Low Risk,44,0.0,0.0,64.29674585660298,Two year,No,Credit card (automatic),19.35,847.25
9214-EKVXR,0.74859816,High Risk,1,0.0,80.99453605766122,12.986758748690288,Month-to-month,DSL,Mailed check,44.0,44.0
3410-MHHUM,0.34443244,Medium Risk,44,0.5,32.588169835434954,61.111709674199425,One year,Fiber optic,Electronic check,94.4,4295.35
0568-ONFPC,0.40487468,Medium Risk,5,0.0,0.0,31.8395992120107,Month-to-month,No,Bank transfer (automatic),25.9,135.0
0733-VUNUW,0.306017,Medium Risk,24,0.16666666666666666,77.84887147921819,48.032481273015335,Month-to-month,DSL,Bank transfer (automatic),55.65,1400.55
4550-EVXNY,0.893215,High Risk,1,0.0,80.99453605766122,5.7559166351954145,Month-to-month,Fiber optic,Electronic check,69.65,69.65
2122-YWVYA,0.6985421,High Risk,18,0.16666666666666666,77.84887147921819,25.906227429707844,Month-to-month,Fiber optic,Electronic check,75.4,1380.4
2968-SSGAA,0.880293,High Risk,10,0.5,20.382714003898286,20.152016083399456,Month-to-month,Fiber optic,Electronic check,100.6,1060.2
2296-DKZFP,0.061734613,Low Risk,65,0.6666666666666666,29.44250525699192,87.3299358288447,Two year,DSL,Bank transfer (automatic),71.0,4386.2
4844-JJWUY,0.9063411,High Risk,1,0.3333333333333333,46.809374089919615,11.766279538472494,Month-to-month,Fiber optic,Electronic check,86.0,86.0
6777-TGHTM,0.47714576,Medium Risk,53,0.6666666666666666,17.237049425455254,61.559377113978066,One year,Fiber optic,Credit card (automatic),106.95,5785.5
8909-BOLNL,0.15199627,Low Risk,3,0.0,0.0,43.650187253952026,One year,No,Mailed check,21.2,52.05
6603-YRDCJ,0.05771862,Low Risk,33,0.5,60.611822053762936,70.86406826972961,Two year,DSL,Mailed check,61.05,2018.4
3538-WZPHD,0.7718661,High Risk,3,0.16666666666666666,69.85094063549555,15.990029176076254,Month-to-month,DSL,Electronic check,29.6,79.45
3229-USWAR,0.25974452,Low Risk,34,0.8333333333333334,11.143595422165674,67.84610708554585,One year,DSL,Bank transfer (automatic),79.95,2727.3
2138-VFAPZ,0.06717653,Low Risk,14,0.0,0.0,52.47450729211172,Two year,No,Mailed check,19.7,263.65
6131-JLWZM,0.23280995,Low Risk,13,0.0,0.0,43.776168624560036,Month-to-month,No,Mailed check,20.3,275.4
4785-QRJHC,0.35757574,Medium Risk,46,0.8333333333333334,3.145664578443032,67.95454462369284,One year,DSL,Bank transfer (automatic),59.9,2816.65
0269-XFESX,0.09823867,Low Risk,23,0.0,0.0,54.67140098412832,One year,No,Mailed check,24.35,538.5
1709-EJDOX,0.059459127,Low Risk,47,0.0,0.0,66.61037584145863,Two year,No,Mailed check,19.75,948.9
4316-XCSLJ,0.36063382,Medium Risk,17,0.16666666666666666,77.84887147921819,42.38497416178385,Month-to-month,DSL,Mailed check,50.3,846.8
8610-WFCJF,0.7018803,High Risk,49,0.3333333333333333,34.60391825838295,41.98931952317555,Month-to-month,Fiber optic,Electronic check,95.6,4783.5
9693-XMUOB,0.5661154,Medium Risk,59,0.5,23.460322836217273,56.27756436665853,Month-to-month,DSL,Electronic check,50.25,2997.45
0383-CLDDA,0.068215005,Low Risk,69,0.8333333333333334,11.143595422165674,92.00591603914896,Two year,DSL,Credit card (automatic),85.35,5897.4
4905-JEFDW,0.42067543,Medium Risk,11,0.3333333333333333,43.42428054947422,40.216230154037476,One year,DSL,Electronic check,41.6,470.6
2709-UQGNP,0.38408253,Medium Risk,10,0.16666666666666666,77.84887147921819,38.2958722114563,Month-to-month,DSL,Mailed check,51.65,524.5
3549-ZTMNH,0.07781813,Low Risk,12,0.0,0.0,51.10909223556519,Two year,No,Bank transfer (automatic),24.0,269.65
7881-INRLC,0.66972345,High Risk,45,0.5,23.460322836217273,45.263827443122864,Month-to-month,Fiber optic,Credit card (automatic),100.85,4740.0
8033-ATFAS,0.31220174,Medium Risk,39,0.3333333333333333,43.42428054947422,57.30657974878947,Month-to-month,DSL,Mailed check,59.85,2341.5
1635-NZATJ,0.04726118,Low Risk,71,0.0,0.0,77.22027440865836,Two year,No,Credit card (automatic),25.45,1789.65
0562-HKHML,0.039852057,Low Risk,71,0.0,0.0,77.59072919686636,Two year,No,Credit card (automatic),23.9,1626.4
8277-RVRSV,0.09308858,Low Risk,33,0.0,0.0,59.09557163715362,One year,No,Credit card (automatic),24.15,800.3
9943-VSZUV,0.40672442,Medium Risk,67,0.0,80.99453605766122,57.58044401804606,Month-to-month,Fiber optic,Mailed check,75.7,5060.85
0117-LFRMW,0.3405976,Medium Risk,37,0.5,52.484071802567854,58.38678518931071,Month-to-month,DSL,Bank transfer (automatic),40.2,1448.8
6172-FECYY,0.6492556,High Risk,49,0.16666666666666666,57.64548480395888,41.28722131252289,Month-to-month,Fiber optic,Electronic check,84.5,4254.85
7054-ENNGU,0.43087867,Medium Risk,9,0.16666666666666666,69.85094063549555,35.53940137227376,Month-to-month,DSL,Mailed check,50.85,466.6
1455-HFBXA,0.108357176,Low Risk,52,0.5,57.53421322144395,76.2488071123759,Two year,Fiber optic,Credit card (automatic),91.6,4627.8
9402-CXWPL,0.34401405,Medium Risk,70,0.5,23.460322836217273,71.96596423784891,One year,Fiber optic,Electronic check,98.9,6838.6
1628-BIZYP,0.9032221,High Risk,1,0.3333333333333333,46.809374089919615,11.922229131062826,Month-to-month,Fiber optic,Electronic check,85.0,85.0
1965-AKTSX,0.8208361,High Risk,14,0.16666666666666666,69.85094063549555,18.124860326449078,Month-to-month,Fiber optic,Electronic check,78.95,1101.85
0082-LDZUE,0.74998343,High Risk,1,0.0,80.99453605766122,12.917495171229046,Month-to-month,DSL,Mailed check,44.3,44.3
4786-UKSNZ,0.5938612,Medium Risk,1,0.0,0.0,20.723605553309124,Month-to-month,No,Mailed check,20.2,20.2
5343-SGUBI,0.1962678,Low Risk,52,0.16666666666666666,69.85094063549555,65.18661081790924,One year,Fiber optic,Mailed check,80.2,4297.6
0856-NAOES,0.43575746,Medium Risk,6,0.3333333333333333,43.42428054947422,37.37879375616709,Month-to-month,DSL,Mailed check,60.9,414.1
1976-AZZPJ,0.42601597,Medium Risk,7,0.3333333333333333,66.70527605705252,38.28253467877706,Month-to-month,DSL,Mailed check,34.2,256.6
7248-VZQLC,0.55631113,Medium Risk,47,0.3333333333333333,55.629736381010886,48.43444347381591,Month-to-month,Fiber optic,Bank transfer (automatic),85.2,3969.35
6156-UZDLF,0.17286493,Low Risk,26,0.5,57.53421322144395,62.190087636311844,One year,Fiber optic,Credit card (automatic),87.15,2274.1
3099-OONVS,0.2689471,Low Risk,25,0.3333333333333333,71.75541747592861,53.63597710927327,Month-to-month,DSL,Electronic check,54.3,1296.8
9500-WBGRP,0.07546605,Low Risk,69,0.0,0.0,74.97669816017151,Two year,No,Mailed check,19.1,1268.85
5183-KLYEM,0.05357497,Low Risk,72,1.0,0.0,97.32125103473663,Two year,Fiber optic,Credit card (automatic),112.75,8192.6
5144-PQCDZ,0.32266694,Medium Risk,4,0.0,0.0,35.53331951300303,Month-to-month,No,Mailed check,19.95,59.25
8514-VZHEB,0.06448384,Low Risk,59,0.0,0.0,71.35914226373036,Two year,No,Mailed check,19.5,1147.85
6625-IUTTT,0.05770047,Low Risk,67,0.5,40.586100679157596,85.03164390722911,Two year,DSL,Bank transfer (automatic),65.55,4361.55
9355-NPPFS,0.68499804,High Risk,26,0.16666666666666666,57.95296951208529,29.916764895121258,Month-to-month,Fiber optic,Electronic check,78.8,2006.1
0068-FIGTF,0.26170823,Low Risk,27,0.8333333333333334,3.145664578443032,64.8312536875407,One year,DSL,Mailed check,78.2,2078.95
5965-GGPRW,0.15044554,Low Risk,72,0.6666666666666666,17.237049425455254,85.81105728944142,Two year,Fiber optic,Bank transfer (automatic),105.25,7609.75
8035-PWSEV,0.8226734,High Risk,6,0.5,37.63831125431105,21.366330981254578,Month-to-month,Fiber optic,Electronic check,89.25,487.05
2236-HILPA,0.047169764,Low Risk,62,0.0,0.0,73.47484608491261,Two year,No,Credit card (automatic),20.65,1218.45
1840-BIUOG,0.29933032,Low Risk,20,0.5,40.408435378503626,53.366815646489464,One year,DSL,Electronic check,68.7,1416.2
1356-MKYSK,0.38874945,Medium Risk,6,0.8333333333333334,11.143595422165674,49.72919265429179,Month-to-month,DSL,Credit card (automatic),78.65,483.3
6080-LNESI,0.06896484,Low Risk,51,0.0,0.0,67.80175805091858,Two year,No,Mailed check,24.75,1234.6
1830-IPXVJ,0.061125327,Low Risk,61,0.0,0.0,72.36039976278941,Two year,No,Credit card (automatic),19.75,1311.6
5828-DWPIL,0.3653996,Medium Risk,62,0.5,52.484071802567854,67.56335337956746,Month-to-month,Fiber optic,Electronic check,89.1,5618.3
8398-TBIYD,0.06770833,Low Risk,72,0.3333333333333333,71.75541747592861,83.28125099341075,Two year,Fiber optic,Bank transfer (automatic),84.7,6185.15
0011-IGKFF,0.840606,High Risk,13,0.6666666666666666,9.239118581732612,26.719701290130615,Month-to-month,Fiber optic,Electronic check,98.0,1237.85
4192-GORJT,0.86104184,High Risk,5,0.5,20.382714003898286,19.031241138776146,Month-to-month,Fiber optic,Electronic check,94.45,498.1
6496-SLWHQ,0.882827,High Risk,3,0.6666666666666666,9.239118581732612,20.44198413689931,Month-to-month,Fiber optic,Electronic check,105.0,294.45
9912-GVSEQ,0.7577376,High Risk,26,0.5,32.588169835434954,32.94645448525747,Month-to-month,Fiber optic,Electronic check,93.85,2381.55
2931-FSOHN,0.5421918,Medium Risk,13,0.3333333333333333,46.501889381793205,34.97374316056569,Month-to-month,DSL,Electronic check,59.9,788.35
9418-RUKPH,0.05154018,Low Risk,38,0.0,0.0,63.25632353623708,Two year,No,Mailed check,19.95,756.4
5383-MMTWC,0.86680305,High Risk,8,0.16666666666666666,57.95296951208529,13.326514164606728,Month-to-month,Fiber optic,Electronic check,84.0,613.4
9971-ZWPBF,0.6256288,High Risk,34,0.8333333333333334,3.145664578443032,49.55189188321432,Month-to-month,Fiber optic,Electronic check,108.9,3625.2
4712-AUQZO,0.37162158,Medium Risk,18,0.3333333333333333,63.62766722473353,45.58558622996012,Month-to-month,DSL,Mailed check,33.6,550.35
9711-FJTBX,0.14526404,Low Risk,56,0.5,49.53628237772131,76.07013185818991,One year,Fiber optic,Mailed check,85.85,4793.8
2908-ZTPNF,0.31197754,Medium Risk,36,0.3333333333333333,63.75748663220597,56.06779138247172,Month-to-month,DSL,Bank transfer (automatic),34.85,1267.2
7240-ETPTR,0.7104324,High Risk,9,0.5,20.382714003898286,28.228379487991333,Month-to-month,DSL,Electronic check,48.75,442.2
2202-CUYXZ,0.90365404,High Risk,1,0.3333333333333333,43.42428054947422,11.900631388028463,Month-to-month,Fiber optic,Electronic check,84.85,84.85
5995-OIGLP,0.34471247,Medium Risk,12,0.3333333333333333,71.75541747592861,44.431041876475014,Month-to-month,DSL,Mailed check,56.65,654.85
8421-WZOOW,0.3512548,Medium Risk,57,0.6666666666666666,26.187231124018965,69.52059229214986,Month-to-month,Fiber optic,Credit card (automatic),95.3,5567.45
6261-RCVNS,0.29094574,Low Risk,42,0.8333333333333334,23.349051253702342,69.61937824885052,One year,DSL,Credit card (automatic),73.9,3160.55
7951-QKZPL,0.088372424,Low Risk,33,0.0,0.0,59.33137953281402,Two year,No,Mailed check,24.5,740.3
1414-YADCW,0.07103714,Low Risk,70,0.5,60.611822053762936,85.6148080031077,Two year,Fiber optic,Bank transfer (automatic),84.6,5706.2
8756-RDDLT,0.31891644,Medium Risk,68,0.5,40.715920086630035,72.38751133282979,Month-to-month,DSL,Electronic check,44.95,3085.35
2862-PFNIK,0.80048096,High Risk,1,0.0,80.99453605766122,10.392618576685587,Month-to-month,DSL,Electronic check,24.7,24.7
5816-QVHRX,0.58467025,Medium Risk,37,0.5,28.510464255093368,46.18315438429514,Month-to-month,Fiber optic,Credit card (automatic),100.3,3541.4
4430-YHXGG,0.37371597,Medium Risk,4,0.0,0.0,32.98086682955424,Month-to-month,No,Mailed check,25.45,84.2
6888-SBYAI,0.69039464,High Risk,1,0.16666666666666666,77.84887147921819,19.230268001556396,Month-to-month,DSL,Mailed check,50.7,50.7
7395-XWZOY,0.40345442,Medium Risk,20,0.8333333333333334,23.041566545575932,54.82727885246277,Month-to-month,DSL,Credit card (automatic),55.0,1165.55
7169-YWAMK,0.062922314,Low Risk,72,0.6666666666666666,37.26277080006059,90.18721838792165,Two year,DSL,Bank transfer (automatic),68.4,4855.35
3640-PHQXK,0.72396237,High Risk,31,0.3333333333333333,43.73176525760063,33.38521500428517,Month-to-month,Fiber optic,Electronic check,89.9,2806.9
6877-LGWXO,0.6833168,High Risk,18,0.16666666666666666,57.95296951208529,26.667491992314655,Month-to-month,Fiber optic,Electronic check,78.55,1422.65
6859-RKMZJ,0.4582063,Medium Risk,11,0.16666666666666666,57.64548480395888,35.00635186831156,Month-to-month,DSL,Bank transfer (automatic),55.05,608.15
2729-VNVAP,0.052742593,Low Risk,33,0.0,0.0,61.11286997795104,Two year,No,Credit card (automatic),19.8,641.35
2957-JIRMN,0.3502593,Medium Risk,62,0.16666666666666666,57.64548480395888,61.65370146433512,One year,Fiber optic,Electronic check,84.45,4959.15
2049-BAFNW,0.646296,High Risk,1,0.3333333333333333,60.67987779988698,24.768532117207847,Month-to-month,DSL,Mailed check,35.9,35.9
3842-QTGDL,0.49154145,Medium Risk,16,0.3333333333333333,66.70527605705252,38.75626107056935,Month-to-month,Fiber optic,Bank transfer (automatic),80.75,1321.3
7163-OCEQI,0.3435214,Medium Risk,22,0.6666666666666666,14.289260000608706,55.32393217086792,One year,DSL,Mailed check,78.65,1663.75
9782-LGXMC,0.2218293,Low Risk,49,0.5,57.53421322144395,69.32520190874735,Month-to-month,DSL,Bank transfer (automatic),61.75,3024.15
5975-BAICR,0.24232973,Low Risk,36,0.5,40.586100679157596,62.883514165878296,One year,DSL,Credit card (automatic),63.7,2188.5
8019-ENHXU,0.6936855,High Risk,42,0.6666666666666666,26.494715832145374,46.14905973275503,Month-to-month,Fiber optic,Electronic check,99.45,4138.05
5167-GBFRE,0.679128,High Risk,4,0.0,80.99453605766122,17.710267106691997,Month-to-month,DSL,Bank transfer (automatic),25.2,102.5
9033-EOXWV,0.35087603,Medium Risk,12,0.5,28.510464255093368,47.45619833469391,One year,DSL,Mailed check,74.05,872.65
4673-KKSLS,0.47971976,Medium Risk,31,0.5,57.53421322144395,48.93067876497904,Month-to-month,Fiber optic,Electronic check,87.6,2724.25
4853-OITSN,0.80357015,High Risk,5,0.3333333333333333,54.80730493364226,18.571492433547974,Month-to-month,Fiber optic,Electronic check,89.15,413.25
9800-OUIGR,0.04229074,Low Risk,66,0.0,0.0,75.38546264171599,Two year,No,Credit card (automatic),20.0,1374.2
1324-NLTJE,0.45548,Medium Risk,15,0.16666666666666666,74.90108205437164,36.80933435757955,Month-to-month,DSL,Credit card (automatic),55.0,757.1
2324-EFHVG,0.2731479,Low Risk,64,0.6666666666666666,9.239118581732612,76.34260296821593,Two year,Fiber optic,Bank transfer (automatic),104.4,6692.65
7094-MSZAO,0.24993153,Low Risk,10,0.0,0.0,41.67009095350902,Month-to-month,No,Credit card (automatic),20.05,218.5
1522-VVDMG,0.8066621,High Risk,7,0.5,40.408435378503626,22.58356253306071,Month-to-month,Fiber optic,Electronic check,89.75,608.8
6907-CQGPN,0.37111652,Medium Risk,29,0.3333333333333333,63.75748663220597,50.19417405128479,Month-to-month,DSL,Electronic check,34.3,1004.75
0780-XNZFN,0.058362126,Low Risk,57,0.0,0.0,70.83189368247986,Two year,No,Bank transfer (automatic),20.65,1125.6
0239-OXEXL,0.40434954,Medium Risk,46,0.3333333333333333,66.70527605705252,55.615855058034256,Month-to-month,Fiber optic,Mailed check,84.25,3847.6
2675-IJRGJ,0.08291996,Low Risk,53,0.0,0.0,67.93733557065327,Two year,No,Bank transfer (automatic),19.65,978.0
7049-GKVZY,0.2963206,Low Risk,17,0.8333333333333334,14.221204254484661,58.93397212028504,One year,DSL,Credit card (automatic),79.85,1387.35
8577-QSOCG,0.05154018,Low Risk,38,0.0,0.0,63.25632353623708,Two year,No,Mailed check,20.2,746.05
3721-CNZHX,0.111695245,Low Risk,15,0.0,0.0,50.66523849964142,One year,No,Mailed check,19.8,304.6
0212-ISBBF,0.6485461,High Risk,22,0.5,23.460322836217273,36.739361683527626,Month-to-month,DSL,Electronic check,50.35,1098.85
9185-TQCVP,0.8300802,High Risk,14,0.16666666666666666,57.95296951208529,17.66265610853831,Month-to-month,Fiber optic,Electronic check,85.15,1139.2
3585-YNADK,0.11394811,Low Risk,57,0.6666666666666666,26.187231124018965,81.38592799504598,One year,DSL,Bank transfer (automatic),74.6,4368.95
5271-DBYSJ,0.7532058,High Risk,11,0.16666666666666666,57.95296951208529,20.256377855936687,Month-to-month,Fiber optic,Credit card (automatic),79.15,827.7
1099-GODLO,0.09370337,Low Risk,1,0.0,0.0,45.73149720827738,Two year,No,Mailed check,20.35,20.35
6828-HMKWP,0.065636605,Low Risk,12,0.0,0.0,51.718168258667,Two year,No,Bank transfer (automatic),21.05,262.05
5567-WSELE,0.8915285,High Risk,3,0.3333333333333333,34.60391825838295,13.340242306391398,Month-to-month,Fiber optic,Electronic check,94.6,279.55
1472-TNCWL,0.6507403,High Risk,36,0.5,23.460322836217273,42.46298372745514,Month-to-month,Fiber optic,Electronic check,94.7,3512.5
8063-RJYNF,0.7869073,High Risk,16,0.5,31.458253679939915,27.321300903956093,Month-to-month,Fiber optic,Electronic check,94.25,1483.25
0687-ZVTHB,0.22653209,Low Risk,65,0.6666666666666666,29.44250525699192,79.09006158510843,One year,DSL,Credit card (automatic),72.45,4653.85
2080-GKCWQ,0.737727,High Risk,2,0.16666666666666666,69.85094063549555,17.280317346254982,Month-to-month,Fiber optic,Electronic check,74.95,151.75
9661-ACXBS,0.70350575,High Risk,42,0.6666666666666666,17.237049425455254,45.658045609792076,Month-to-month,Fiber optic,Electronic check,105.2,4400.75
2193-SFWQW,0.051836256,Low Risk,72,1.0,0.0,97.40818738937378,Two year,Fiber optic,Bank transfer (automatic),111.95,8033.1
5656-JAMLX,0.049248554,Low Risk,62,0.0,0.0,73.37090452512105,Two year,No,Bank transfer (automatic),19.85,1253.65
3462-BJQQA,0.87293756,High Risk,6,0.3333333333333333,46.501889381793205,15.519788662592571,Month-to-month,Fiber optic,Electronic check,89.75,552.65
0442-TDYUO,0.055071376,Low Risk,48,0.0,0.0,67.24643230438232,Two year,No,Mailed check,20.05,1036.0
6733-LRIZX,0.4550959,Medium Risk,35,0.8333333333333334,11.143595422165674,58.49520564079285,Two year,Fiber optic,Electronic check,108.95,4025.5
9503-XJUME,0.07756114,Low Risk,52,0.0,0.0,67.78860966364543,One year,No,Credit card (automatic),19.65,928.4
4367-NHWMM,0.7555657,High Risk,1,0.0,80.99453605766122,12.638381520907085,Month-to-month,DSL,Mailed check,24.9,24.9
3727-RJMEO,0.8667982,High Risk,6,0.16666666666666666,57.64548480395888,12.493422230084736,Month-to-month,Fiber optic,Electronic check,82.85,460.25
3779-OSWCF,0.04694272,Low Risk,71,1.0,0.0,97.23619778951009,Two year,DSL,Credit card (automatic),93.2,6506.15
6736-DHUQI,0.1496161,Low Risk,67,0.5,52.484071802567854,80.43586055437724,One year,Fiber optic,Bank transfer (automatic),84.8,5598.3
3915-ODIYG,0.25031796,Low Risk,60,0.5,43.66370951147658,72.4841034412384,One year,DSL,Electronic check,71.75,4374.55
1360-RCYRT,0.39346904,Medium Risk,23,0.16666666666666666,74.90108205437164,43.243214885393776,Month-to-month,DSL,Bank transfer (automatic),30.35,678.75
2724-FJDYW,0.2218049,Low Risk,39,0.6666666666666666,14.289260000608706,68.49308749039967,One year,DSL,Bank transfer (automatic),54.85,2191.7
4451-RWASJ,0.115983106,Low Risk,15,0.0,0.0,50.45084357261658,One year,No,Mailed check,19.5,239.75
6646-VRFOL,0.7407675,High Risk,53,0.6666666666666666,9.239118581732612,48.37829271952311,Month-to-month,Fiber optic,Electronic check,103.85,5485.5
3460-TJBWI,0.0570612,Low Risk,24,0.0,0.0,57.14694023132324,Two year,No,Mailed check,24.2,609.05
5917-HBSDW,0.19247957,Low Risk,37,0.0,0.0,55.79268912474314,Month-to-month,No,Electronic check,19.35,683.75
5685-IIXLY,0.8365155,High Risk,5,0.3333333333333333,46.809374089919615,16.924225687980652,Month-to-month,Fiber optic,Electronic check,83.6,404.2
5671-UUNXD,0.51051265,Medium Risk,50,0.5,28.510464255093368,55.30770083268484,One year,Fiber optic,Electronic check,100.65,5189.75
0956-ACVZC,0.38512766,Medium Risk,54,0.5,20.382714003898286,63.24361681938171,One year,Fiber optic,Credit card (automatic),94.1,5060.9
2325-NBPZG,0.771484,High Risk,3,0.16666666666666666,77.84887147921819,16.009132464726765,Month-to-month,Fiber optic,Electronic check,74.55,233.65
4250-ZBWLV,0.5417007,Medium Risk,68,0.8333333333333334,3.145664578443032,67.91496396064758,One year,Fiber optic,Electronic check,108.45,7176.55
4482-FTFFX,0.6008935,High Risk,5,0.3333333333333333,60.67987779988698,28.705325126647953,Month-to-month,DSL,Electronic check,56.15,291.45
8859-DZTGQ,0.05898924,Low Risk,33,0.0,0.0,60.80053865909576,Two year,No,Mailed check,20.35,689.75
0440-MOGPM,0.34684825,Medium Risk,41,0.6666666666666666,9.239118581732612,63.07425419489542,One year,DSL,Electronic check,80.55,3263.9
0020-JDNXP,0.20072931,Low Risk,34,0.8333333333333334,11.143595422165674,70.79686780770619,One year,DSL,Mailed check,61.25,1993.2
3752-CQSJI,0.22158298,Low Risk,13,0.0,0.0,44.33751622835795,Month-to-month,No,Mailed check,20.45,254.5
5025-GOOKI,0.20812616,Low Risk,20,0.0,0.0,47.92702396710713,Month-to-month,No,Credit card (automatic),18.9,347.65
4698-KVLLG,0.08460857,Low Risk,51,0.0,0.0,67.0195722579956,Two year,No,Credit card (automatic),19.6,967.9
5095-AESKG,0.8757125,High Risk,3,0.3333333333333333,46.809374089919615,14.131040970484415,Month-to-month,Fiber optic,Credit card (automatic),91.5,242.95
2887-JPYLU,0.25853038,Low Risk,41,0.0,80.99453605766122,54.15681441624959,Month-to-month,DSL,Bank transfer (automatic),45.2,1841.9
4770-QAZXN,0.23145631,Low Risk,13,0.0,0.0,43.84385267893473,Month-to-month,No,Credit card (automatic),19.45,232.1
4896-CPRPF,0.05847004,Low Risk,35,0.0,0.0,61.659832795461014,Two year,No,Bank transfer (automatic),25.45,809.25
1871-MOWRM,0.60640645,High Risk,12,0.3333333333333333,71.75541747592861,31.346344153086342,Month-to-month,Fiber optic,Bank transfer (automatic),80.85,866.45
9714-EDSUC,0.7698555,High Risk,4,0.6666666666666666,37.570255508187,26.507225036621097,Month-to-month,Fiber optic,Mailed check,94.9,360.55
2027-OAQQC,0.45057678,Medium Risk,43,0.5,20.382714003898286,55.38782755533854,Month-to-month,DSL,Bank transfer (automatic),49.05,2076.2
0282-NVSJS,0.45792624,Medium Risk,12,0.16666666666666666,74.90108205437164,35.437019666035965,Month-to-month,DSL,Mailed check,29.3,355.9
9090-SGQXL,0.67810255,High Risk,68,0.6666666666666666,9.239118581732612,57.761539022127785,Month-to-month,Fiber optic,Electronic check,105.3,7299.65
6595-YGXIT,0.77213204,High Risk,25,0.3333333333333333,46.501889381793205,28.476731379826862,Month-to-month,Fiber optic,Electronic check,88.95,2291.2
7353-YOWFP,0.14026378,Low Risk,7,0.0,0.0,45.90347687403361,One year,No,Mailed check,20.25,129.15
9835-ZIITK,0.55486923,Medium Risk,66,0.8333333333333334,3.145664578443032,66.42320493857066,One year,Fiber optic,Electronic check,110.85,7491.75
8008-ESFLK,0.45123285,Medium Risk,53,1.0,0.0,69.52169080575308,One year,Fiber optic,Electronic check,110.5,5835.5
7537-CBQUZ,0.3757842,Medium Risk,63,0.8333333333333334,6.09345400328958,74.12745873133342,Month-to-month,Fiber optic,Bank transfer (automatic),109.4,7031.45
1555-DJEQW,0.30381387,Medium Risk,70,1.0,0.0,83.97597293059032,Two year,Fiber optic,Bank transfer (automatic),114.2,7723.9
5649-TJHOV,0.55042744,Medium Risk,27,0.16666666666666666,57.95296951208529,37.061961491902665,Month-to-month,DSL,Bank transfer (automatic),36.5,1032.0
0519-XUZJU,0.8511637,High Risk,1,0.0,80.99453605766122,7.858482400576274,Month-to-month,Fiber optic,Mailed check,70.75,70.75
3363-EWLGO,0.31116194,Medium Risk,5,0.0,0.0,36.525236566861466,Month-to-month,No,Mailed check,19.95,109.6
4750-UKWJK,0.08867761,Low Risk,37,0.0,0.0,60.98278741041819,One year,No,Mailed check,19.6,727.8
6338-AVWCY,0.697809,High Risk,3,0.3333333333333333,43.42428054947422,23.026217619578045,Month-to-month,DSL,Mailed check,40.15,130.75
1689-YQBYY,0.79746467,High Risk,12,0.0,80.99453605766122,15.126766562461851,Month-to-month,Fiber optic,Electronic check,76.6,893.0
4487-ZYJZK,0.08037034,Low Risk,38,0.0,0.0,61.81481798489889,One year,No,Credit card (automatic),19.6,763.1
2959-FENLU,0.79536957,High Risk,9,0.3333333333333333,43.73176525760063,20.64818839232127,Month-to-month,Fiber optic,Credit card (automatic),85.3,781.4
0708-LGSMF,0.53362286,Medium Risk,13,0.3333333333333333,54.80730493364226,35.402190287907914,Month-to-month,DSL,Electronic check,65.85,902.25
9253-QXKBE,0.7750343,High Risk,29,0.3333333333333333,34.60391825838295,29.998284578323364,Month-to-month,Fiber optic,Electronic check,94.45,2653.65
7634-HLQJR,0.05252401,Low Risk,47,0.0,0.0,66.95713182290395,Two year,No,Credit card (automatic),20.05,1016.7
0487-RPVUM,0.35926464,Medium Risk,61,0.6666666666666666,34.18516196774161,70.7867693901062,Month-to-month,Fiber optic,Bank transfer (automatic),99.4,5943.65
4079-ULGFR,0.2352342,Low Risk,16,0.0,0.0,44.9049566189448,Month-to-month,No,Mailed check,20.0,275.7
2516-XSJKX,0.077314645,Low Risk,41,0.8333333333333334,14.221204254484661,79.8842692375183,Two year,DSL,Electronic check,78.45,3126.45
0057-QBUQH,0.085971035,Low Risk,43,0.0,0.0,63.618113795916244,Two year,No,Electronic check,25.1,1070.15
9445-SZLCH,0.6083856,High Risk,36,0.5,32.280685127308544,44.580718874931335,Month-to-month,Fiber optic,Bank transfer (automatic),97.35,3457.9
6599-SFQVE,0.6583654,High Risk,6,0.16666666666666666,57.95296951208529,22.915061910947163,Month-to-month,DSL,Electronic check,55.0,340.4
8331-ZXFOE,0.103504844,Low Risk,58,0.6666666666666666,46.390617799278274,82.32475817203522,One year,DSL,Credit card (automatic),71.1,4299.2
4003-FUSHP,0.37628767,Medium Risk,19,0.3333333333333333,51.5520308006693,45.76894839604695,Month-to-month,DSL,Credit card (automatic),61.55,1093.2
0356-ERHVT,0.43998703,Medium Risk,11,0.0,80.99453605766122,32.58398016293844,Month-to-month,DSL,Bank transfer (automatic),45.9,521.9
7325-ENZFI,0.1348916,Low Risk,39,0.5,60.611822053762936,69.50541853904724,One year,DSL,Bank transfer (automatic),40.3,1630.4
4884-ZTHVF,0.828795,High Risk,8,0.3333333333333333,46.501889381793205,18.560249209403988,Month-to-month,Fiber optic,Electronic check,87.1,713.6
3920-HIHMQ,0.29691374,Low Risk,26,0.0,80.99453605766122,45.987646182378136,Month-to-month,DSL,Mailed check,49.5,1265.65
3055-OYMSE,0.48556426,Medium Risk,53,0.16666666666666666,69.85094063549555,51.138455073038735,Month-to-month,Fiber optic,Credit card (automatic),73.8,4003.85
0613-WUXUM,0.059948836,Low Risk,70,0.0,0.0,76.16922358671823,Two year,No,Mailed check,19.2,1401.4
7568-PODML,0.78648317,High Risk,1,0.3333333333333333,34.60391825838295,17.759174903233845,Month-to-month,DSL,Mailed check,45.3,45.3
4458-KVRBJ,0.058870394,Low Risk,59,0.0,0.0,71.6398145755132,Two year,No,Mailed check,25.0,1510.5
5349-IECLD,0.82545555,High Risk,2,0.5,20.382714003898286,19.560556014378864,Month-to-month,Fiber optic,Electronic check,94.95,178.1
1397-XKKWR,0.22779368,Low Risk,7,0.3333333333333333,63.62766722473353,48.19364865620931,One year,DSL,Mailed check,35.3,264.8
3945-GFWQL,0.5609702,Medium Risk,12,0.0,80.99453605766122,26.95149064064026,Month-to-month,DSL,Electronic check,44.55,480.6
8097-OMULG,0.219155,Low Risk,59,0.8333333333333334,3.145664578443032,80.29224932193758,One year,DSL,Credit card (automatic),76.75,4541.9
6013-BHCAW,0.108161144,Low Risk,61,0.6666666666666666,14.289260000608706,83.34194242954254,Two year,DSL,Bank transfer (automatic),81.0,4976.15
0401-WDBXM,0.18093254,Low Risk,72,0.6666666666666666,17.237049425455254,84.28670724232991,Two year,Fiber optic,Bank transfer (automatic),105.55,7542.25
3387-PLKUI,0.17703587,Low Risk,13,0.0,0.0,46.564873258272804,Month-to-month,No,Mailed check,18.8,251.25
6096-EGVTU,0.09151946,Low Risk,64,0.0,0.0,72.09069291750589,One year,No,Mailed check,24.9,1595.5
3797-VTIDR,0.8058368,High Risk,1,0.0,80.99453605766122,10.124826828638712,Month-to-month,DSL,Electronic check,23.45,23.45
5081-NWSUP,0.29063812,Low Risk,10,0.5,40.715920086630035,49.63476220766704,One year,DSL,Mailed check,64.9,685.55
2580-ATZSQ,0.10055906,Low Risk,65,0.5,52.484071802567854,82.05538054307301,One year,DSL,Bank transfer (automatic),61.35,3874.1
8085-MSNLK,0.15471995,Low Risk,62,1.0,0.0,88.09733589490254,Two year,Fiber optic,Mailed check,113.95,6891.4
9691-HKOVS,0.22374356,Low Risk,55,1.0,0.0,81.72948877016704,One year,DSL,Electronic check,90.15,4916.95
9881-VCZEP,0.35580534,Medium Risk,25,0.16666666666666666,69.85094063549555,45.95973312854766,Month-to-month,DSL,Electronic check,54.1,1373.0
9526-BIHHD,0.63921416,High Risk,1,0.16666666666666666,77.84887147921819,21.789292097091675,Month-to-month,DSL,Mailed check,29.7,29.7
8757-TFHHJ,0.6985148,High Risk,1,0.16666666666666666,77.84887147921819,18.824259042739868,Month-to-month,DSL,Credit card (automatic),49.8,49.8
4523-WXCEF,0.61164004,High Risk,59,0.5,23.460322836217273,54.001331528027855,Month-to-month,Fiber optic,Electronic check,101.1,6039.9
1468-DEFNC,0.06545649,Low Risk,64,0.0,0.0,73.39384118715921,Two year,No,Bank transfer (automatic),24.4,1548.65
5119-KEPFY,0.6422794,High Risk,36,0.3333333333333333,34.60391825838295,39.55269734064738,Month-to-month,Fiber optic,Bank transfer (automatic),95.0,3440.25
8364-TRMMK,0.6907486,High Risk,3,0.0,80.99453605766122,16.712571382522583,Month-to-month,DSL,Mailed check,50.65,151.3
0916-KNFAJ,0.054642722,Low Risk,61,0.5,40.586100679157596,82.68452982107797,Two year,DSL,Mailed check,69.9,4226.7
8319-QBEHW,0.23117127,Low Risk,26,0.3333333333333333,46.501889381793205,55.94143748283387,One year,DSL,Bank transfer (automatic),39.95,1023.75
3063-QFSZL,0.8156634,High Risk,1,0.16666666666666666,57.95296951208529,12.966830134391785,Month-to-month,DSL,Electronic check,55.4,55.4
8775-LHDJH,0.91775054,High Risk,1,0.3333333333333333,46.501889381793205,11.19580646355947,Month-to-month,Fiber optic,Electronic check,90.6,90.6
9625-QNLUX,0.1111512,Low Risk,68,0.8333333333333334,6.09345400328958,89.44243907928467,Two year,Fiber optic,Credit card (automatic),103.25,7074.4
3097-NQYSN,0.8773194,High Risk,2,0.16666666666666666,57.64548480395888,10.300696889559427,Month-to-month,Fiber optic,Mailed check,86.85,156.35
4024-CSNBY,0.07977396,Low Risk,72,0.6666666666666666,46.390617799278274,89.34463520844777,Two year,Fiber optic,Bank transfer (automatic),94.25,6849.75
7110-BDTWG,0.24209605,Low Risk,71,0.5,37.63831125431105,77.47853000958762,Two year,DSL,Electronic check,47.05,3263.6
7493-GVFIO,0.058583148,Low Risk,57,0.0,0.0,70.8208429813385,Two year,No,Credit card (automatic),20.55,1252.85
0690-SRQID,0.30445698,Medium Risk,4,0.0,0.0,36.443819204966225,Month-to-month,No,Mailed check,19.65,67.55
9605-WGJVW,0.8941205,High Risk,1,0.0,80.99453605766122,5.710640947024028,Month-to-month,Fiber optic,Electronic check,70.2,70.2
9114-DPSIA,0.040588554,Low Risk,72,0.8333333333333334,23.349051253702342,94.63723878065747,Two year,DSL,Credit card (automatic),81.0,5750.0
4700-UBQMV,0.3371258,Medium Risk,21,0.5,31.458253679939915,51.89371109008789,One year,DSL,Bank transfer (automatic),75.9,1549.75
7711-GQBZC,0.04272203,Low Risk,71,0.0,0.0,77.44723101456961,Two year,No,Bank transfer (automatic),24.7,1810.55
3565-UNOCC,0.7206267,High Risk,29,0.5,20.382714003898286,36.05199774106344,Month-to-month,Fiber optic,Bank transfer (automatic),99.05,2952.85
4627-MIHJH,0.24220043,Low Risk,69,0.8333333333333334,11.143595422165674,83.30664495627084,Two year,Fiber optic,Credit card (automatic),110.25,7467.55
9795-NREXC,0.074218065,Low Risk,64,0.8333333333333334,11.143595422165674,89.6224315961202,Two year,DSL,Credit card (automatic),85.0,5484.4
8573-CGOCC,0.2633388,Low Risk,16,0.0,0.0,43.49972645441691,Month-to-month,No,Credit card (automatic),19.75,294.9
7356-AYNJP,0.1575716,Low Risk,4,0.0,0.0,43.78808597723643,One year,No,Electronic check,23.9,97.5
9249-FXSCK,0.46447006,Medium Risk,52,0.8333333333333334,14.221204254484661,65.10983188947041,One year,Fiber optic,Credit card (automatic),111.25,5916.45
5493-SDRDQ,0.6426934,High Risk,2,0.3333333333333333,63.62766722473353,25.36532998085022,Month-to-month,DSL,Mailed check,55.1,113.35
6286-SUUWT,0.5978435,Medium Risk,1,0.0,0.0,20.524490276972454,Month-to-month,No,Mailed check,19.95,19.95
4819-HJPIW,0.37252152,Medium Risk,18,0.0,80.99453605766122,38.873924016952515,Month-to-month,DSL,Mailed check,25.15,476.8
8654-DHAOW,0.65451044,High Risk,2,0.16666666666666666,69.85094063549555,21.441144744555153,Month-to-month,DSL,Mailed check,54.15,101.65
5438-QMDDL,0.43314964,Medium Risk,19,0.3333333333333333,46.809374089919615,42.9258515437444,Month-to-month,DSL,Mailed check,59.8,1130.85
9812-GHVRI,0.54895526,Medium Risk,40,0.16666666666666666,57.95296951208529,42.5522369146347,Month-to-month,Fiber optic,Bank transfer (automatic),83.85,3532.25
5553-AOINX,0.43014938,Medium Risk,66,0.6666666666666666,9.239118581732612,69.32586451371509,One year,Fiber optic,Electronic check,104.9,6891.45
1228-ZLNBX,0.52040505,Medium Risk,21,0.0,80.99453605766122,32.72974729537964,Month-to-month,Fiber optic,Mailed check,75.3,1570.7
4226-KKDON,0.5061628,Medium Risk,8,0.5,40.408435378503626,38.02519222100575,Month-to-month,DSL,Electronic check,66.65,520.95
3831-YCPUO,0.05342188,Low Risk,72,1.0,0.0,97.32890725135803,Two year,Fiber optic,Credit card (automatic),109.5,7854.9
7445-WMRBW,0.1514848,Low Risk,48,0.6666666666666666,26.187231124018965,75.75909396012624,One year,DSL,Bank transfer (automatic),73.85,3581.4
3308-DGHKL,0.07322497,Low Risk,69,0.0,0.0,75.088751912117,Two year,No,Bank transfer (automatic),19.3,1447.9
9924-JPRMC,0.092170425,Low Risk,72,1.0,0.0,95.39147913455963,Two year,Fiber optic,Electronic check,118.2,8547.15
0080-EMYVY,0.20662755,Low Risk,14,0.16666666666666666,69.85094063549555,48.83528927961985,One year,DSL,Credit card (automatic),51.45,727.85
6218-KNUBD,0.5159244,Medium Risk,6,0.3333333333333333,46.501889381793205,33.370446960131325,Month-to-month,DSL,Electronic check,59.45,357.6
7337-CINUD,0.06549347,Low Risk,8,0.0,0.0,50.05866010983785,Two year,No,Bank transfer (automatic),19.5,159.35
7609-NRNCA,0.0966828,Low Risk,17,0.0,0.0,52.24919398625691,One year,No,Mailed check,19.55,280.85
0623-EJQEG,0.27358192,Low Risk,65,0.5,48.71385093035268,73.40423723061879,One year,Fiber optic,Electronic check,93.55,6069.25
7153-CHRBV,0.09900233,Low Risk,57,0.5,57.53421322144395,78.79988193511963,One year,DSL,Mailed check,59.3,3274.35
0871-URUWO,0.81777877,High Risk,13,0.5,20.382714003898286,24.527728358904522,Month-to-month,Fiber optic,Credit card (automatic),102.25,1359.0
9190-MFJLN,0.7176842,High Risk,19,0.5,20.382714003898286,32.03245619932811,Month-to-month,Fiber optic,Credit card (automatic),95.9,1777.9
6198-PNNSZ,0.43285728,Medium Risk,56,0.8333333333333334,6.09345400328958,68.35713624954225,One year,Fiber optic,Bank transfer (automatic),109.8,6109.65
3317-VLGQT,0.78008294,High Risk,14,0.16666666666666666,57.95296951208529,20.162519613901775,Month-to-month,Fiber optic,Electronic check,78.1,1122.4
4132-POCZS,0.40262708,Medium Risk,52,0.3333333333333333,54.80730493364226,58.201977809270225,Month-to-month,DSL,Electronic check,39.9,2020.9
5614-DNZCE,0.058538157,Low Risk,58,0.6666666666666666,46.390617799278274,84.57309305667877,Two year,DSL,Credit card (automatic),64.9,3795.45
1095-JUDTC,0.65298367,High Risk,47,0.5,40.408435378503626,46.9341500600179,Month-to-month,Fiber optic,Electronic check,95.05,4504.55
3896-RCYYE,0.2786873,Low Risk,67,0.6666666666666666,14.289260000608706,77.3156350851059,Month-to-month,DSL,Credit card (automatic),53.4,3579.15
9638-JIQYA,0.7163515,High Risk,2,0.0,80.99453605766122,15.01575787862142,Month-to-month,DSL,Credit card (automatic),24.9,49.7
3258-SANFR,0.5068083,Medium Risk,6,0.0,80.99453605766122,27.159585952758793,Month-to-month,DSL,Credit card (automatic),44.7,276.5
3726-TBHQT,0.07152822,Low Risk,71,1.0,0.0,96.00692351659139,Two year,Fiber optic,Bank transfer (automatic),114.0,8175.9
3190-ITQXP,0.052155823,Low Risk,46,0.0,0.0,66.55887405077617,Two year,No,Bank transfer (automatic),20.25,890.35
0870-VEMYL,0.48033956,Medium Risk,5,0.3333333333333333,71.75541747592861,34.73302364349365,Month-to-month,DSL,Credit card (automatic),53.85,259.8
4833-QTJNO,0.3151624,Medium Risk,67,0.3333333333333333,66.70527605705252,68.82521231969197,Month-to-month,Fiber optic,Bank transfer (automatic),83.85,5588.8
3039-MJSLN,0.32121024,Medium Risk,3,0.0,0.0,35.18948674201965,Month-to-month,No,Bank transfer (automatic),20.2,50.6
0178-CIIKR,0.3310772,Medium Risk,3,0.0,0.0,34.696139097213745,Month-to-month,No,Mailed check,19.95,58.0
5385-SUIRI,0.6793202,High Risk,52,0.6666666666666666,17.237049425455254,51.0339891910553,Month-to-month,Fiber optic,Electronic check,104.2,5568.35
3982-XWFZQ,0.40267858,Medium Risk,42,0.0,80.99453605766122,47.3660695552826,Month-to-month,DSL,Electronic check,50.25,2203.65
5774-QPLTF,0.07683641,Low Risk,50,0.0,0.0,66.99151297410329,One year,No,Mailed check,20.35,938.95
2322-VCZHZ,0.6552309,High Risk,23,0.5,43.66370951147658,36.82178934415181,Month-to-month,Fiber optic,Electronic check,90.0,2024.1
5010-IPEAQ,0.06505513,Low Risk,67,0.8333333333333334,23.041566545575932,91.33057673772176,Two year,DSL,Credit card (automatic),54.2,3623.95
4009-ALQFH,0.77785033,High Risk,25,0.6666666666666666,9.239118581732612,34.8574835062027,Month-to-month,Fiber optic,Electronic check,99.5,2369.05
6383-ZTSIW,0.39023286,Medium Risk,39,0.6666666666666666,20.31465825777424,60.07169028123219,One year,Fiber optic,Mailed check,99.1,3877.95
8990-YOZLV,0.0748339,Low Risk,69,0.5,60.611822053762936,85.0083065032959,Two year,DSL,Mailed check,66.9,4577.9
3069-SSVSN,0.3586937,Medium Risk,1,0.0,80.99453605766122,32.4819807211558,One year,DSL,Mailed check,25.85,25.85
5222-IMUKT,0.63824624,High Risk,32,0.3333333333333333,34.60391825838295,38.087688088417046,Month-to-month,Fiber optic,Electronic check,91.05,2871.5
3627-FCRDW,0.71927565,High Risk,9,0.0,80.99453605766122,17.78621733188629,Month-to-month,Fiber optic,Electronic check,71.0,672.55
7562-GSUHK,0.66711754,High Risk,16,0.5,32.588169835434954,33.31078986326853,Month-to-month,Fiber optic,Credit card (automatic),93.2,1573.7
6685-XSHHU,0.047961313,Low Risk,60,0.0,0.0,72.60193526744843,Two year,No,Bank transfer (automatic),20.95,1270.55
8901-UPRHR,0.19147573,Low Risk,72,0.8333333333333334,3.145664578443032,87.09287921587628,Two year,Fiber optic,Bank transfer (automatic),109.2,7711.45
4903-UYAVB,0.2803584,Low Risk,5,0.0,0.0,38.06541164716084,Month-to-month,No,Mailed check,19.35,126.05
0118-JPNOY,0.57066625,Medium Risk,26,0.3333333333333333,54.49982022551585,38.9666873216629,Month-to-month,Fiber optic,Credit card (automatic),85.8,2193.65
6776-TLWOI,0.3440833,Medium Risk,3,0.0,0.0,34.0458345413208,Month-to-month,No,Mailed check,19.85,64.55
3845-FXCYS,0.48897403,Medium Risk,2,0.0,0.0,26.384631594022117,Month-to-month,No,Electronic check,19.65,31.2
5857-XRECV,0.14855787,Low Risk,2,0.0,0.0,43.40543826421102,One year,No,Bank transfer (automatic),20.5,38.25
0725-CXOTM,0.24621847,Low Risk,36,0.8333333333333334,11.143595422165674,69.35574452082317,One year,DSL,Credit card (automatic),89.65,3348.1
4343-EJVQB,0.6219963,High Risk,7,0.16666666666666666,77.84887147921819,25.15018582344055,Month-to-month,Fiber optic,Mailed check,74.35,533.6
9000-PLFUZ,0.12882888,Low Risk,60,0.5,23.460322836217273,78.55855584144592,Two year,DSL,Credit card (automatic),49.45,2907.55
3427-GGZZI,0.76072884,High Risk,19,0.3333333333333333,46.809374089919615,26.546891530354817,Month-to-month,Fiber optic,Electronic check,89.1,1620.8
7779-ORAEL,0.0903068,Low Risk,45,0.6666666666666666,34.492646675868016,77.56799240907033,Two year,DSL,Credit card (automatic),75.15,3480.35
0644-OQMDK,0.807198,High Risk,4,0.0,80.99453605766122,11.306767265001932,Month-to-month,Fiber optic,Electronic check,70.65,293.85
4077-CROMM,0.73072654,High Risk,31,0.6666666666666666,14.289260000608706,39.713672995567315,Month-to-month,Fiber optic,Electronic check,104.2,3243.45
3154-CFSZG,0.45824274,Medium Risk,47,0.5,40.586100679157596,56.6711946328481,Month-to-month,Fiber optic,Electronic check,90.05,4137.2
2868-MZAGQ,0.90767235,High Risk,1,0.16666666666666666,57.95296951208529,8.366382718086243,Month-to-month,Fiber optic,Electronic check,79.25,79.25
4847-QNOKA,0.7514136,High Risk,1,0.0,80.99453605766122,12.84598747889201,Month-to-month,DSL,Bank transfer (automatic),44.9,44.9
2220-IAHLS,0.44316825,Medium Risk,1,0.0,0.0,28.25825254122416,Month-to-month,No,Credit card (automatic),19.4,19.4
1658-XUHBX,0.45903704,Medium Risk,59,0.3333333333333333,43.73176525760063,58.29814672470093,Month-to-month,Fiber optic,Credit card (automatic),88.75,5348.65
6379-RXJRQ,0.78109276,High Risk,10,0.0,80.99453605766122,15.11202851931254,Month-to-month,Fiber optic,Electronic check,70.1,659.65
2378-HTWFW,0.5064138,Medium Risk,35,0.3333333333333333,54.80730493364226,45.929309129714966,Month-to-month,Fiber optic,Credit card (automatic),91.0,3180.5
8650-RHRKE,0.7170661,High Risk,4,0.16666666666666666,66.77333180317656,19.146694540977478,Month-to-month,DSL,Electronic check,29.65,118.5
4377-VDHYI,0.38912943,Medium Risk,32,0.5,43.66370951147658,53.876863320668534,One year,Fiber optic,Electronic check,90.8,3023.85
0475-RIJEP,0.67014325,High Risk,43,0.16666666666666666,69.85094063549555,37.74283766746521,Month-to-month,Fiber optic,Electronic check,77.85,3365.85
1260-TTRXI,0.67627066,High Risk,4,0.16666666666666666,57.95296951208529,21.186466813087463,Month-to-month,DSL,Electronic check,54.3,195.3
3719-TDVQB,0.08250509,Low Risk,54,0.0,0.0,68.37474465370178,Two year,No,Mailed check,18.95,1031.1
6328-ZPBGN,0.842683,High Risk,11,0.3333333333333333,34.60391825838295,19.115849137306213,Month-to-month,Fiber optic,Bank transfer (automatic),95.15,997.65
0201-MIBOL,0.18319224,Low Risk,66,0.5,31.458253679939915,78.34038734436034,Two year,Fiber optic,Bank transfer (automatic),102.4,6471.85
4937-QPZPO,0.5271994,Medium Risk,61,0.5,20.382714003898286,59.056697289148964,One year,Fiber optic,Electronic check,99.9,6241.35
2925-VDZHY,0.039914265,Low Risk,72,1.0,0.0,98.00428748130798,Two year,DSL,Credit card (automatic),88.7,6501.35
6981-TDRFT,0.3049746,Medium Risk,44,0.6666666666666666,14.289260000608706,66.41793886820476,One year,DSL,Electronic check,54.3,2317.1
3413-CSSTH,0.3205604,Medium Risk,41,0.16666666666666666,66.77333180317656,54.388646880785615,Month-to-month,DSL,Bank transfer (automatic),55.7,2237.55
8033-VCZGH,0.5598797,Medium Risk,50,0.6666666666666666,17.237049425455254,56.17268065611521,One year,Fiber optic,Electronic check,103.95,5231.3
4789-KWMXN,0.4890818,Medium Risk,47,0.8333333333333334,11.143595422165674,61.79591000080109,One year,Fiber optic,Credit card (automatic),110.85,5275.8
0224-NIJLP,0.06632992,Low Risk,8,0.0,0.0,50.0168385108312,Two year,No,Mailed check,20.15,165.5
7542-CYDDM,0.20441344,Low Risk,18,0.0,0.0,47.27932929992676,Month-to-month,No,Mailed check,20.05,358.5
4718-WXBGI,0.04117683,Low Risk,72,1.0,0.0,97.94115722179413,Two year,DSL,Credit card (automatic),91.95,6614.9
2867-UIMSS,0.8736878,High Risk,1,0.16666666666666666,57.95296951208529,10.065609812736511,Month-to-month,Fiber optic,Electronic check,80.5,80.5
8495-PRWFH,0.4194804,Medium Risk,42,0.16666666666666666,66.77333180317656,49.85931118329366,Month-to-month,DSL,Electronic check,55.65,2421.75
0439-IFYUN,0.7254464,High Risk,18,0.16666666666666666,69.85094063549555,24.56101318200429,Month-to-month,Fiber optic,Electronic check,74.7,1294.6
5716-LIBJC,0.57822096,Medium Risk,13,0.6666666666666666,9.239118581732612,39.83895182609558,One year,Fiber optic,Credit card (automatic),104.15,1299.1
2868-LLSKM,0.17099881,Low Risk,68,0.3333333333333333,63.75748663220597,76.45005941390991,One year,Fiber optic,Bank transfer (automatic),83.65,5733.4
8111-RKSPX,0.8155609,High Risk,4,0.0,80.99453605766122,10.888622800509134,Month-to-month,Fiber optic,Bank transfer (automatic),72.2,305.55
2988-QRAJY,0.2513629,Low Risk,69,0.8333333333333334,6.09345400328958,82.84852067629495,Two year,Fiber optic,Credit card (automatic),110.05,7430.75
1585-MQSSU,0.34186548,Medium Risk,17,0.16666666666666666,74.90108205437164,43.32339266935984,Month-to-month,DSL,Mailed check,51.5,900.5
0071-NDAFP,0.064559765,Low Risk,25,0.0,0.0,57.188678781191506,Two year,No,Credit card (automatic),25.5,630.6
2856-NNASM,0.6120371,High Risk,43,0.3333333333333333,34.60391825838295,43.98147722085317,Month-to-month,Fiber optic,Mailed check,89.55,3856.75
7328-ZJAJO,0.0592739,Low Risk,59,0.0,0.0,71.61963840325673,Two year,No,Credit card (automatic),19.5,1222.65
6458-CYIDZ,0.66635907,High Risk,5,0.3333333333333333,66.70527605705252,25.432046651840214,Month-to-month,Fiber optic,Electronic check,80.7,374.8
8559-CIZFV,0.19183227,Low Risk,21,0.6666666666666666,37.26277080006059,62.49171813329061,One year,DSL,Mailed check,77.5,1625.0
1090-PYKCI,0.17655869,Low Risk,69,0.8333333333333334,23.041566545575932,86.58873299757639,One year,Fiber optic,Credit card (automatic),105.1,7234.8
3058-WQDRE,0.45124435,Medium Risk,13,0.0,80.99453605766122,32.85444895426432,Month-to-month,DSL,Bank transfer (automatic),25.15,331.85
7547-EKNFS,0.57904816,Medium Risk,42,0.5,32.280685127308544,48.54759216308594,Month-to-month,Fiber optic,Bank transfer (automatic),95.25,3959.35
2279-AXJJK,0.47271284,Medium Risk,52,0.5,40.715920086630035,58.03102294603983,Month-to-month,Fiber optic,Credit card (automatic),95.65,5088.4
6769-DYBQN,0.5592,Medium Risk,46,0.3333333333333333,54.80730493364226,47.873333891232804,Month-to-month,Fiber optic,Electronic check,85.0,3969.4
0909-SELIE,0.0674236,Low Risk,61,0.8333333333333334,23.349051253702342,88.71215422948202,Two year,DSL,Bank transfer (automatic),80.8,4860.85
3417-TSCIC,0.18490174,Low Risk,29,0.0,80.99453605766122,52.83824761708578,One year,DSL,Mailed check,24.85,788.05
1042-HFUCW,0.16653082,Low Risk,25,0.3333333333333333,63.75748663220597,58.756790955861405,One year,DSL,Credit card (automatic),54.75,1266.35
4439-JMPMT,0.82762367,High Risk,5,0.3333333333333333,51.5520308006693,17.36881673336029,Month-to-month,Fiber optic,Electronic check,85.75,470.95
6537-OTKMY,0.45827052,Medium Risk,15,0.5,20.382714003898286,43.336472511291504,One year,DSL,Electronic check,50.75,688.2
8999-EXMNO,0.05655382,Low Risk,19,0.0,0.0,55.088974634806306,Two year,No,Mailed check,20.15,387.7
6725-TPKJO,0.05336838,Low Risk,44,0.0,0.0,65.66491385300954,Two year,No,Mailed check,20.05,845.25
2446-BEGGB,0.89490676,High Risk,6,0.5,23.460322836217273,17.754662036895752,Month-to-month,Fiber optic,Electronic check,98.25,560.6
7162-WPHPM,0.056141164,Low Risk,58,0.6666666666666666,46.390617799278274,84.69294309616089,Two year,DSL,Credit card (automatic),71.6,4230.25
1599-MMYRQ,0.12584004,Low Risk,62,0.3333333333333333,66.70527605705252,76.20799660682678,One year,Fiber optic,Credit card (automatic),81.45,4983.05
8821-KVZKQ,0.17823777,Low Risk,70,0.8333333333333334,3.145664578443032,86.92144354184468,One year,DSL,Bank transfer (automatic),58.4,4113.15
1496-GGSUK,0.80104154,High Risk,1,0.0,80.99453605766122,10.36458949247996,Month-to-month,DSL,Mailed check,25.7,25.7
6434-TTGJP,0.069768,Low Risk,10,0.8333333333333334,23.349051253702342,67.34493275483449,Two year,DSL,Credit card (automatic),53.7,521.0
0042-JVWOJ,0.07745666,Low Risk,26,0.0,0.0,56.96050067742665,One year,No,Bank transfer (automatic),19.6,471.85
0130-SXOUN,0.39917514,Medium Risk,66,0.3333333333333333,46.809374089919615,64.20790831247965,Month-to-month,Fiber optic,Credit card (automatic),89.4,5976.9
2575-GFSOE,0.7793701,High Risk,7,0.0,80.99453605766122,13.94816021124522,Month-to-month,Fiber optic,Electronic check,69.0,506.9
2330-PQGDQ,0.16768616,Low Risk,51,0.3333333333333333,63.75748663220597,69.53235844771068,One year,Fiber optic,Bank transfer (automatic),84.2,4299.75
1452-UZOSF,0.13973388,Low Risk,72,0.8333333333333334,23.041566545575932,89.67997113863629,Two year,Fiber optic,Credit card (automatic),106.1,7548.6
2097-YVPKN,0.050967682,Low Risk,65,0.0,0.0,74.53494866689046,Two year,No,Mailed check,25.75,1654.75
2842-JTCCU,0.67715245,High Risk,2,0.0,80.99453605766122,16.97571059068044,Month-to-month,DSL,Bank transfer (automatic),46.05,80.35
8597-CTXVJ,0.09393365,Low Risk,70,0.5,60.611822053762936,84.46998457113901,One year,DSL,Bank transfer (automatic),64.95,4551.5
6631-HMANX,0.04927645,Low Risk,72,0.8333333333333334,3.145664578443032,94.20284310976666,Two year,DSL,Credit card (automatic),85.45,6227.5
9962-BFPDU,0.5956547,Medium Risk,1,0.0,0.0,20.63393036524455,Month-to-month,No,Mailed check,20.05,20.05
3296-SILRA,0.8847486,High Risk,1,0.16666666666666666,69.85094063549555,9.512571096420288,Month-to-month,Fiber optic,Mailed check,76.4,76.4
9681-OXGVC,0.8949244,High Risk,5,0.5,20.382714003898286,17.337113221486412,Month-to-month,Fiber optic,Electronic check,100.5,514.0
6394-HHHZM,0.3388504,Medium Risk,3,0.0,0.0,34.30748105049133,Month-to-month,No,Mailed check,20.7,57.5
5995-LFTLE,0.064074256,Low Risk,58,0.0,0.0,70.96295277277629,Two year,No,Credit card (automatic),25.3,1474.35
5180-UCIIQ,0.4891239,Medium Risk,22,0.3333333333333333,54.80730493364226,41.37713630994161,Month-to-month,DSL,Mailed check,40.05,880.2
1932-UEDCX,0.70547414,High Risk,33,0.5,23.460322836217273,38.47629308700561,Month-to-month,Fiber optic,Bank transfer (automatic),100.6,3270.25
7153-OANIO,0.86195916,High Risk,1,0.0,80.99453605766122,7.318708697954814,Month-to-month,Fiber optic,Electronic check,69.95,69.95
5188-HGMLP,0.4709293,Medium Risk,54,0.0,80.99453605766122,48.95353674888611,Month-to-month,Fiber optic,Bank transfer (automatic),74.0,3919.15
0665-XHDJU,0.18410015,Low Risk,72,0.5,23.460322836217273,80.79499244689941,Two year,Fiber optic,Electronic check,99.4,7285.7
6521-YYTYI,0.91689706,High Risk,1,0.3333333333333333,34.60391825838295,11.23848040898641,Month-to-month,Fiber optic,Electronic check,93.3,93.3
8878-HMWBV,0.7472877,High Risk,3,0.16666666666666666,66.77333180317656,17.21894880135854,Month-to-month,DSL,Electronic check,49.15,169.05
8265-HKSOW,0.08285726,Low Risk,72,0.8333333333333334,23.349051253702342,92.52380410830182,Two year,Fiber optic,Credit card (automatic),107.45,7658.3
3544-FBCAS,0.04602708,Low Risk,72,0.8333333333333334,6.09345400328958,94.36531345049542,Two year,DSL,Credit card (automatic),83.6,5959.3
5331-RGMTT,0.6576381,High Risk,54,0.5,20.382714003898286,49.61809635162353,Month-to-month,Fiber optic,Credit card (automatic),99.05,5295.7
4759-PXTAN,0.2543358,Low Risk,59,0.6666666666666666,17.366868832927693,75.1998786131541,One year,DSL,Electronic check,80.1,4693.2
7054-DMVAS,0.06227102,Low Risk,54,0.5,43.35622480335017,79.38645005226135,Two year,DSL,Bank transfer (automatic),65.3,3512.9
3428-MMGUB,0.24648178,Low Risk,60,0.3333333333333333,43.42428054947422,69.34257785479228,Two year,Fiber optic,Electronic check,89.55,5231.2
6549-BTYPG,0.052298054,Low Risk,60,0.8333333333333334,3.145664578443032,89.05176321665446,Two year,DSL,Credit card (automatic),60.8,3603.45
7823-JSOAG,0.78508997,High Risk,3,0.0,80.99453605766122,11.995501518249512,Month-to-month,Fiber optic,Electronic check,74.5,217.45
3705-RHRFR,0.12340462,Low Risk,69,0.5,31.458253679939915,82.5797688961029,Two year,Fiber optic,Bank transfer (automatic),99.15,6875.35
9374-YOLBJ,0.47445387,Medium Risk,1,0.0,0.0,26.693973342577614,Month-to-month,No,Electronic check,19.25,19.25
9074-KGVOX,0.3147119,Medium Risk,50,0.3333333333333333,54.49982022551585,61.764403581619256,Month-to-month,DSL,Credit card (automatic),39.45,2021.35
6128-DAFVY,0.40581208,Medium Risk,56,0.3333333333333333,34.60391825838295,59.70939576625825,Month-to-month,DSL,Credit card (automatic),44.85,2564.95
9933-QRGTX,0.14769469,Low Risk,60,0.6666666666666666,25.364799676650335,80.94859798749287,Two year,Fiber optic,Electronic check,97.2,5611.75
4476-OSWTN,0.4297078,Medium Risk,69,0.8333333333333334,11.143595422165674,73.93127838770548,One year,Fiber optic,Mailed check,110.55,7610.1
3751-KTZEL,0.72477037,High Risk,1,0.16666666666666666,57.95296951208529,17.511481642723083,Month-to-month,DSL,Mailed check,35.05,35.05
1977-STDKI,0.8892364,High Risk,1,0.16666666666666666,69.85094063549555,9.288180470466614,Month-to-month,Fiber optic,Electronic check,73.0,73.0
5066-GFJMM,0.35758665,Medium Risk,3,0.0,0.0,33.37066888809204,Month-to-month,No,Mailed check,19.9,45.75
2661-GKBTK,0.07448233,Low Risk,60,0.6666666666666666,17.366868832927693,84.60921724637349,Two year,DSL,Bank transfer (automatic),76.95,4543.95
0458-HEUZG,0.08739149,Low Risk,13,0.3333333333333333,60.67987779988698,57.71375854810079,Two year,DSL,Mailed check,35.4,450.4
7268-WNTCP,0.045917593,Low Risk,62,0.0,0.0,73.53745480378468,Two year,No,Bank transfer (automatic),20.45,1297.35
0824-VWDPO,0.28279147,Low Risk,45,0.5,43.66370951147658,64.61042523384094,One year,Fiber optic,Bank transfer (automatic),96.75,4442.75
8409-WQJUX,0.21870826,Low Risk,25,0.6666666666666666,14.289260000608706,62.81458616256713,One year,DSL,Electronic check,54.2,1423.15
2578-JQPHZ,0.11460328,Low Risk,44,0.6666666666666666,14.289260000608706,75.93650261561076,Two year,Fiber optic,Bank transfer (automatic),100.1,4378.35
3278-FSIXX,0.7286791,High Risk,2,0.0,80.99453605766122,14.399377306302389,Month-to-month,DSL,Mailed check,45.25,74.2
5813-UECBU,0.6116131,High Risk,33,0.3333333333333333,55.629736381010886,39.8360119263331,Month-to-month,Fiber optic,Credit card (automatic),83.85,2716.3
0328-GRPMV,0.89121884,High Risk,1,0.0,80.99453605766122,5.855724612871806,Month-to-month,Fiber optic,Electronic check,70.1,70.1
9746-UGFAC,0.10409093,Low Risk,22,0.0,0.0,53.96212021509806,One year,No,Bank transfer (automatic),20.85,450.65
2946-KIQSP,0.36311993,Medium Risk,35,0.3333333333333333,60.67987779988698,53.09400200843811,Month-to-month,DSL,Mailed check,33.45,1175.85
0625-AFOHS,0.05020831,Low Risk,29,0.0,0.0,59.57291682561239,Two year,No,Mailed check,20.2,558.8
6726-WEXXK,0.39087152,Medium Risk,27,0.3333333333333333,63.62766722473353,48.37309042612711,One year,Fiber optic,Electronic check,85.9,2220.1
4636-OLWOE,0.18095854,Low Risk,54,0.5,49.53628237772131,73.45207452774048,One year,DSL,Electronic check,61.0,3283.05
4342-HENTK,0.8174749,High Risk,2,0.0,80.99453605766122,9.959588249524435,Month-to-month,Fiber optic,Electronic check,70.65,142.35
4685-ERGHK,0.45510608,Medium Risk,57,0.16666666666666666,57.64548480395888,54.32802935441335,One year,Fiber optic,Electronic check,86.9,4939.25
0885-HMGPY,0.052886263,Low Risk,62,0.6666666666666666,46.390617799278274,86.52235428492227,Two year,DSL,Bank transfer (automatic),69.4,4237.5
5003-OKNNK,0.12363612,Low Risk,15,0.0,0.0,50.068193674087524,One year,No,Credit card (automatic),20.35,335.95
4195-SMMNX,0.407564,Medium Risk,2,0.0,0.0,30.455131133397423,Month-to-month,No,Mailed check,20.35,33.2
7208-PSIHR,0.24043179,Low Risk,70,0.6666666666666666,14.289260000608706,80.4784107208252,Two year,Fiber optic,Bank transfer (automatic),104.3,7188.5
4012-ZTHBR,0.5346936,Medium Risk,21,0.0,80.99453605766122,32.01532006263733,Month-to-month,DSL,Electronic check,44.95,926.25
0489-WMEMG,0.2570864,Low Risk,23,0.16666666666666666,74.90108205437164,50.062346855799355,One year,DSL,Electronic check,49.45,1119.35
7435-ZNUYY,0.118880965,Low Risk,6,0.0,0.0,46.55595064163208,One year,No,Mailed check,20.6,116.6
1354-YZFNB,0.0649215,Low Risk,4,0.0,0.0,48.42059175173441,Two year,No,Credit card (automatic),19.55,68.8
6956-SMUCM,0.843005,High Risk,3,0.6666666666666666,17.237049425455254,22.433083256085713,Month-to-month,Fiber optic,Credit card (automatic),99.0,287.4
2985-FMWYF,0.78755987,High Risk,23,0.3333333333333333,34.60391825838295,26.872006654739376,Month-to-month,Fiber optic,Electronic check,93.5,2341.55
2812-ENYMO,0.18918914,Low Risk,26,0.6666666666666666,25.364799676650335,64.70720986525217,One year,DSL,Credit card (automatic),54.55,1362.85
2717-HVIZY,0.26126096,Low Risk,8,0.0,0.0,40.270284016927086,Month-to-month,No,Mailed check,20.05,163.6
3223-WZWJM,0.75371397,High Risk,26,0.16666666666666666,57.95296951208529,26.48096839586894,Month-to-month,Fiber optic,Electronic check,83.95,2254.2
3422-GALYP,0.87243336,High Risk,2,0.16666666666666666,69.85094063549555,10.54499844710032,Month-to-month,Fiber optic,Electronic check,79.45,145.15
9053-JZFKV,0.48075658,Medium Risk,67,1.0,0.0,73.87883762518565,Two year,Fiber optic,Credit card (automatic),116.2,7752.3
2530-ENDWQ,0.34560946,Medium Risk,71,0.3333333333333333,34.60391825838295,68.96952867507935,Two year,Fiber optic,Bank transfer (automatic),93.7,6585.35
2890-WFBHU,0.19480956,Low Risk,59,0.8333333333333334,23.349051253702342,81.50952219963075,One year,DSL,Credit card (automatic),79.85,4786.1
0327-WFZSY,0.49184898,Medium Risk,39,0.5,20.382714003898286,51.657552719116204,One year,Fiber optic,Electronic check,100.0,3835.55
7977-HXJKU,0.06832131,Low Risk,21,0.0,0.0,55.333935618400574,Two year,No,Mailed check,19.6,397.0
6615-ZGEDR,0.55759186,Medium Risk,1,0.0,0.0,22.537073890368145,Month-to-month,No,Mailed check,19.7,19.7
7033-CLAMM,0.053358477,Low Risk,48,0.0,0.0,67.33207523822784,Two year,No,Bank transfer (automatic),20.2,1027.25
4023-RTIQM,0.26987585,Low Risk,31,0.6666666666666666,29.44250525699192,62.75620579719543,One year,DSL,Credit card (automatic),50.4,1580.1
0864-FVJNJ,0.24706116,Low Risk,64,1.0,0.0,84.31360999743143,One year,Fiber optic,Electronic check,113.35,7222.75
7356-IWLFW,0.5176519,Medium Risk,46,0.16666666666666666,69.85094063549555,46.6174042224884,Month-to-month,Fiber optic,Bank transfer (automatic),80.0,3769.7
9541-PWTWO,0.0664026,Low Risk,52,0.6666666666666666,14.289260000608706,81.67986929416656,Two year,DSL,Bank transfer (automatic),80.95,4233.95
3967-VQOGC,0.049809206,Low Risk,67,0.0,0.0,75.42620579401652,Two year,No,Mailed check,24.9,1680.25
7872-RDDLZ,0.324328,Medium Risk,67,0.16666666666666666,69.85094063549555,65.03359973430634,Month-to-month,DSL,Electronic check,54.9,3725.5
9250-WYPLL,0.7801037,High Risk,5,0.0,80.99453605766122,13.07814915974935,Month-to-month,Fiber optic,Electronic check,75.55,413.65
6308-CQRBU,0.32469594,Medium Risk,71,0.8333333333333334,3.145664578443032,80.01520276069643,Two year,Fiber optic,Electronic check,109.25,7707.7
2754-XBHTB,0.74841696,High Risk,9,0.16666666666666666,57.64548480395888,19.662485321362812,Month-to-month,Fiber optic,Bank transfer (automatic),77.65,714.15
1597-LHYNC,0.7269392,High Risk,26,0.5,43.66370951147658,34.48637326558431,Month-to-month,Fiber optic,Electronic check,95.0,2497.2
0186-CAERR,0.36760926,Medium Risk,71,1.0,0.0,81.2028702100118,One year,Fiber optic,Bank transfer (automatic),116.3,8309.55
3043-SUDUA,0.16895728,Low Risk,32,0.0,0.0,54.885468681653336,Month-to-month,No,Bank transfer (automatic),19.9,601.55
5442-BHQNG,0.7642391,High Risk,2,0.0,80.99453605766122,12.621379693349203,Month-to-month,Fiber optic,Electronic check,70.35,139.25
2169-RRLFW,0.045666244,Low Risk,71,0.0,0.0,77.30002244313559,Two year,No,Credit card (automatic),25.6,1888.25
5872-OEQNH,0.26027462,Low Risk,60,0.5,40.586100679157596,71.98626756668091,One year,DSL,Electronic check,44.45,2773.9
3162-KKZXO,0.56251806,Medium Risk,55,0.5,20.382714003898286,54.79076365629831,One year,Fiber optic,Electronic check,100.15,5409.75
7055-VKGDA,0.51070476,Medium Risk,54,0.8333333333333334,14.221204254484661,63.631428877512604,One year,Fiber optic,Credit card (automatic),105.4,5643.4
0754-UKWQP,0.8702306,High Risk,2,0.5,20.382714003898286,17.321802576382954,Month-to-month,Fiber optic,Electronic check,95.85,197.7
8873-GLDMH,0.80859196,High Risk,6,0.0,80.99453605766122,12.070401906967163,Month-to-month,Fiber optic,Mailed check,73.85,401.3
5696-JVVQY,0.065364055,Low Risk,48,0.6666666666666666,29.44250525699192,80.06513019402821,Two year,DSL,Credit card (automatic),70.1,3238.4
8946-BFWSG,0.045463845,Low Risk,63,0.0,0.0,73.97680699825287,Two year,No,Mailed check,25.25,1573.05
7493-TPUWZ,0.91451734,High Risk,1,0.16666666666666666,69.85094063549555,8.02413284778595,Month-to-month,Fiber optic,Electronic check,79.15,79.15
0547-HURJB,0.25438282,Low Risk,12,0.0,0.0,42.2808575630188,Month-to-month,No,Credit card (automatic),21.05,235.8
8904-OPDCK,0.3468106,Medium Risk,54,0.0,80.99453605766122,55.15947103500366,Month-to-month,DSL,Bank transfer (automatic),24.95,1364.75
8845-LWKGE,0.18915667,Low Risk,30,0.5,37.33082654618464,63.04216742515564,One year,DSL,Electronic check,64.5,1985.15
1577-HKTFG,0.19989778,Low Risk,30,0.0,0.0,52.50511169433594,Month-to-month,No,Bank transfer (automatic),19.65,655.85
8752-STIVR,0.84195346,High Risk,4,0.16666666666666666,57.64548480395888,12.90232717990875,Month-to-month,Fiber optic,Electronic check,79.0,303.15
0691-NIKRI,0.5026649,Medium Risk,40,0.6666666666666666,14.289260000608706,54.86675381660461,One year,Fiber optic,Credit card (automatic),105.95,4335.2
5022-JNQEQ,0.7579331,High Risk,9,0.16666666666666666,74.90108205437164,19.1866793235143,Month-to-month,Fiber optic,Electronic check,75.85,647.5
4558-FANTW,0.6624294,High Risk,17,0.5,48.40636622222627,33.96186371644338,Month-to-month,Fiber optic,Electronic check,91.85,1574.45
3249-VHRIP,0.07813095,Low Risk,62,0.5,32.588169835434954,81.92678531010945,Two year,DSL,Credit card (automatic),43.6,2748.7
3736-BLEPA,0.24057609,Low Risk,28,0.5,40.408435378503626,59.6378622452418,One year,Fiber optic,Bank transfer (automatic),91.25,2483.65
4701-LKOZD,0.059071124,Low Risk,70,1.0,0.0,96.21311048666637,Two year,DSL,Credit card (automatic),89.75,6367.2
6603-QWSPR,0.24691962,Low Risk,46,0.8333333333333334,3.145664578443032,73.48735173543295,Two year,Fiber optic,Bank transfer (automatic),104.4,4904.2
9921-QFQUL,0.5872181,Medium Risk,23,0.3333333333333333,43.73176525760063,36.88909471035004,Month-to-month,Fiber optic,Mailed check,90.15,2044.95
1929-ZCBHE,0.15565039,Low Risk,47,0.5,57.53421322144395,71.80081446965535,One year,DSL,Electronic check,40.3,1794.8
4378-MYPGO,0.1749586,Low Risk,68,0.8333333333333334,6.09345400328958,86.2520706653595,Two year,Fiber optic,Bank transfer (automatic),105.25,7173.15
8651-ENBZX,0.5185044,Medium Risk,60,0.6666666666666666,14.289260000608706,62.40811427434285,One year,Fiber optic,Electronic check,106.0,6441.4
4129-LYCOI,0.2541184,Low Risk,67,0.6666666666666666,17.366868832927693,78.54407787322998,Two year,Fiber optic,Electronic check,104.0,7039.05
7798-JVXYM,0.5391792,Medium Risk,14,0.5,28.510464255093368,38.874373038609825,Month-to-month,DSL,Electronic check,69.65,921.4
8647-SDTWQ,0.5976373,Medium Risk,57,0.0,80.99453605766122,43.86813521385193,Month-to-month,Fiber optic,Electronic check,74.3,4018.35
2696-ECXKC,0.31379944,Medium Risk,55,0.5,31.458253679939915,67.22669462362924,One year,Fiber optic,Mailed check,100.9,5448.6
2081-KJSQF,0.603325,High Risk,1,0.0,0.0,20.250416199366253,Month-to-month,No,Mailed check,20.25,20.25
7623-TRNQN,0.6625807,High Risk,1,0.16666666666666666,74.90108205437164,20.62096357345581,Month-to-month,DSL,Mailed check,49.9,49.9
3323-CPBWR,0.60359544,High Risk,23,0.5,37.33082654618464,39.403561552365616,Month-to-month,Fiber optic,Credit card (automatic),96.9,2085.45
9330-IJWIO,0.84503806,High Risk,13,0.5,31.458253679939915,23.16476384798686,Month-to-month,Fiber optic,Electronic check,100.35,1358.85
3384-CTMSF,0.739651,High Risk,47,0.6666666666666666,9.239118581732612,45.934115449587495,Month-to-month,Fiber optic,Electronic check,104.1,5135.15
0902-RFHOF,0.07161692,Low Risk,38,0.0,0.0,62.2524889310201,One year,No,Mailed check,20.1,730.1
9286-DOJGF,0.59258413,Medium Risk,38,0.0,80.99453605766122,36.20412667592367,Month-to-month,Fiber optic,Bank transfer (automatic),74.95,2869.85
6048-QBXKL,0.7423611,High Risk,2,0.16666666666666666,69.85094063549555,17.04861025015513,Month-to-month,DSL,Credit card (automatic),56.55,118.25
9661-MHUMO,0.6999011,High Risk,1,0.16666666666666666,74.90108205437164,18.754944801330566,Month-to-month,DSL,Credit card (automatic),49.25,49.25
7718-RXDGG,0.664334,High Risk,15,0.0,80.99453605766122,23.033300042152405,Month-to-month,Fiber optic,Bank transfer (automatic),68.6,1108.6
1025-FALIX,0.5432548,Medium Risk,26,0.0,80.99453605766122,33.67059369881948,Month-to-month,Fiber optic,Credit card (automatic),69.05,1815.65
3451-VAWLI,0.06183675,Low Risk,35,0.0,0.0,61.491497357686356,Two year,No,Credit card (automatic),19.7,730.4
3407-QGWLG,0.36133775,Medium Risk,3,0.0,0.0,33.18311095237732,Month-to-month,No,Mailed check,20.05,75.45
1842-EZJMK,0.61791277,High Risk,50,0.6666666666666666,17.366868832927693,53.27102820078532,Month-to-month,Fiber optic,Electronic check,103.7,5071.05
2347-WKKAE,0.6102438,High Risk,42,0.5,40.586100679157596,46.987810134887695,Month-to-month,Fiber optic,Electronic check,94.4,4014.6
8735-DCXNF,0.38644242,Medium Risk,10,0.3333333333333333,71.75541747592861,41.51121218999227,Month-to-month,DSL,Credit card (automatic),54.95,568.85
3214-IYUUQ,0.20781304,Low Risk,61,0.6666666666666666,37.570255508187,78.3593487739563,One year,Fiber optic,Bank transfer (automatic),93.7,5860.7
1936-UAFEH,0.16602217,Low Risk,68,0.8333333333333334,14.221204254484661,86.69889092445374,Two year,Fiber optic,Credit card (automatic),110.25,7279.35
3587-PMCOY,0.6352309,High Risk,10,0.6666666666666666,17.237049425455254,35.738455057144165,One year,Fiber optic,Electronic check,98.9,1064.95
8079-XRJRS,0.318161,Medium Risk,65,0.5,52.484071802567854,71.17528279622395,One year,Fiber optic,Electronic check,89.75,5769.6
1027-LKKQQ,0.041830007,Low Risk,72,0.8333333333333334,11.143595422165674,94.57516650358838,Two year,DSL,Bank transfer (automatic),80.45,5886.85
7148-XZPHA,0.43077058,Medium Risk,55,0.3333333333333333,63.75748663220597,58.04480453332265,Month-to-month,Fiber optic,Electronic check,79.4,4238.45
8073-IJDCM,0.6094934,High Risk,1,0.0,0.0,19.94199792544047,Month-to-month,No,Mailed check,20.3,20.3
5309-TAIKL,0.42181793,Medium Risk,7,0.5,37.63831125431105,41.825771729151406,Month-to-month,DSL,Bank transfer (automatic),62.8,418.3
6856-RAURS,0.83409446,High Risk,2,0.0,80.99453605766122,9.128610094388327,Month-to-month,Fiber optic,Mailed check,74.9,136.05
8778-LMWTJ,0.7591084,High Risk,9,0.16666666666666666,77.84887147921819,19.127912123998005,Month-to-month,Fiber optic,Electronic check,74.85,708.2
9717-IOAAF,0.07633565,Low Risk,27,0.0,0.0,57.43321657180787,Two year,No,Credit card (automatic),25.85,788.55
8884-ADFVN,0.8880006,High Risk,7,0.5,20.382714003898286,18.51663629213969,Month-to-month,Fiber optic,Electronic check,101.95,700.85
2845-KDHVX,0.05843044,Low Risk,64,0.6666666666666666,26.494715832145374,87.07847833633421,Two year,DSL,Mailed check,68.3,4378.8
0848-SOMKO,0.061844677,Low Risk,70,0.6666666666666666,34.492646675868016,89.40776467323303,Two year,DSL,Bank transfer (automatic),48.4,3442.8
2720-WGKHP,0.8953632,High Risk,2,0.3333333333333333,34.60391825838295,12.731839418411257,Month-to-month,Fiber optic,Electronic check,94.0,181.7
6734-FQAJX,0.20351835,Low Risk,67,0.8333333333333334,14.221204254484661,84.40741678078969,Two year,Fiber optic,Electronic check,105.05,7171.7
2869-ADAWR,0.5641488,Medium Risk,45,0.3333333333333333,46.501889381793205,47.20922748247782,Month-to-month,Fiber optic,Credit card (automatic),89.3,4016.85
1535-VTJOQ,0.080687694,Low Risk,24,0.0,0.0,55.965614914894104,Two year,No,Credit card (automatic),25.15,553.0
6368-TZZDT,0.063838534,Low Risk,4,0.0,0.0,48.47473959128062,Two year,No,Credit card (automatic),19.5,96.85
0943-ZQPXH,0.56384027,Medium Risk,44,0.5,20.382714003898286,50.141319831212364,Month-to-month,Fiber optic,Bank transfer (automatic),92.95,4122.9
1293-BSEUN,0.039787672,Low Risk,72,0.0,0.0,78.01061749458313,Two year,No,Mailed check,20.7,1482.3
9894-EZEWG,0.85115635,High Risk,1,0.16666666666666666,69.85094063549555,11.192182302474976,Month-to-month,Fiber optic,Credit card (automatic),74.3,74.3
1302-TPUBN,0.086081974,Low Risk,66,0.0,0.0,73.19590091705321,Two year,No,Bank transfer (automatic),19.35,1240.8
7851-FLGGQ,0.68541527,High Risk,1,0.5,40.715920086630035,26.14590326944987,Month-to-month,DSL,Mailed check,44.65,44.65
0637-UBJRP,0.6986278,High Risk,13,0.3333333333333333,54.80730493364226,27.151941855748497,Month-to-month,Fiber optic,Electronic check,84.05,1095.3
0940-OUQEC,0.77926743,High Risk,10,0.16666666666666666,69.85094063549555,18.536628484725952,Month-to-month,Fiber optic,Bank transfer (automatic),80.7,788.8
2378-VTKDH,0.65411973,High Risk,65,0.6666666666666666,9.239118581732612,57.71068016688029,Month-to-month,Fiber optic,Electronic check,104.35,6578.55
0927-CNGRH,0.52460116,Medium Risk,1,0.0,0.0,24.18660859266917,Month-to-month,No,Mailed check,19.55,19.55
8608-OZTLB,0.23665643,Low Risk,38,0.8333333333333334,23.041566545575932,70.66717863082886,One year,DSL,Electronic check,74.05,2802.3
2335-GSODA,0.07016734,Low Risk,23,0.5,57.53421322144395,66.07496519883473,Two year,DSL,Mailed check,40.1,857.75
1952-DVVSW,0.15039906,Low Risk,10,0.0,0.0,46.646712223688766,One year,No,Mailed check,20.1,184.4
0702-PGIBZ,0.88471484,High Risk,4,0.5,23.460322836217273,17.4309245745341,Month-to-month,Fiber optic,Electronic check,101.7,364.55
6656-GULJQ,0.04535094,Low Risk,72,0.8333333333333334,11.143595422165674,94.39912120501202,Two year,DSL,Credit card (automatic),83.55,6093.3
9853-JFZDU,0.2679567,Low Risk,35,0.3333333333333333,63.75748663220597,57.85216331481933,Month-to-month,DSL,Electronic check,56.85,1861.1
1963-VAUKV,0.5426386,Medium Risk,1,0.0,0.0,23.284736673037212,Month-to-month,No,Mailed check,20.4,20.4
3777-XROBG,0.06738258,Low Risk,58,0.0,0.0,70.79753796259563,Two year,No,Credit card (automatic),19.55,1079.65
6994-FGRHH,0.38084635,Medium Risk,70,0.8333333333333334,3.145664578443032,76.79101427396138,One year,Fiber optic,Electronic check,106.15,7475.1
4000-VGMQP,0.29361573,Low Risk,38,0.6666666666666666,9.239118581732612,64.48588172594705,One year,DSL,Credit card (automatic),78.95,2862.55
3999-WRNGR,0.4762797,Medium Risk,60,0.5,23.460322836217273,61.18601322174072,Month-to-month,DSL,Electronic check,49.75,3069.45
3466-RITXD,0.5986745,Medium Risk,26,0.5,43.35622480335017,40.899609525998436,Month-to-month,Fiber optic,Credit card (automatic),92.4,2349.8
2680-XKKNJ,0.20219997,Low Risk,8,0.5,60.611822053762936,53.22333653767903,One year,DSL,Bank transfer (automatic),58.2,469.25
3058-HJCUY,0.60864073,High Risk,41,0.6666666666666666,14.289260000608706,49.98463014761606,One year,Fiber optic,Electronic check,102.6,4213.35
2974-GGUXS,0.5973444,Medium Risk,36,0.3333333333333333,46.501889381793205,41.79944674173991,Month-to-month,Fiber optic,Credit card (automatic),91.95,3301.05
7994-XIRTR,0.22174062,Low Risk,54,0.5,37.63831125431105,71.41296982765198,One year,DSL,Bank transfer (automatic),65.25,3529.95
3259-FDWOY,0.5806773,Medium Risk,71,0.6666666666666666,9.239118581732612,63.88280312220256,Two year,Fiber optic,Bank transfer (automatic),106.0,7723.7
2101-RANCD,0.62351006,High Risk,55,0.0,80.99453605766122,41.741163531939186,Month-to-month,Fiber optic,Electronic check,73.1,4144.9
7921-BEPCI,0.04949104,Low Risk,72,0.3333333333333333,66.70527605705252,84.19211427370708,Two year,DSL,Bank transfer (automatic),59.75,4265.0
0807-ZABDG,0.58045346,Medium Risk,3,0.3333333333333333,71.75541747592861,28.893993894259136,Month-to-month,DSL,Mailed check,55.1,154.65
8510-TMWYB,0.06965444,Low Risk,54,0.3333333333333333,55.629736381010886,75.68394343058267,Two year,DSL,Bank transfer (automatic),59.8,3246.45
3258-ZKPAI,0.060662173,Low Risk,72,1.0,0.0,96.96689248085022,Two year,Fiber optic,Bank transfer (automatic),116.6,8337.45
1428-IEDPR,0.539077,Medium Risk,52,0.8333333333333334,11.143595422165674,61.37948413689931,Two year,Fiber optic,Electronic check,109.3,5731.4
5298-GSTLM,0.38429543,Medium Risk,60,0.5,31.458253679939915,65.78522682189941,One year,Fiber optic,Bank transfer (automatic),101.4,6176.6
4450-YOOHP,0.43149891,Medium Risk,39,0.5,20.382714003898286,54.67505574226379,Month-to-month,DSL,Credit card (automatic),50.65,1905.4
6728-CZFEI,0.22637656,Low Risk,15,0.16666666666666666,57.64548480395888,48.2645066579183,One year,DSL,Mailed check,56.15,931.9
5748-RNCJT,0.59708554,Medium Risk,69,0.6666666666666666,14.289260000608706,62.22905655701955,Two year,Fiber optic,Bank transfer (automatic),106.5,7348.8
3653-NCRDJ,0.07632926,Low Risk,43,0.0,0.0,64.10020510355632,One year,No,Mailed check,19.2,776.25
6121-TNHBO,0.15389325,Low Risk,63,0.8333333333333334,23.041566545575932,85.22200504938762,One year,DSL,Bank transfer (automatic),83.0,5243.05
5119-NZPTV,0.7683718,High Risk,2,0.0,80.99453605766122,12.414742310841879,Month-to-month,Fiber optic,Electronic check,70.1,141.65
6519-ZHPXP,0.12171802,Low Risk,72,1.0,0.0,93.91409754753113,Two year,Fiber optic,Bank transfer (automatic),108.3,7679.65
7739-LAXOG,0.61590266,High Risk,32,0.3333333333333333,43.73176525760063,39.20486688613891,Month-to-month,Fiber optic,Bank transfer (automatic),91.05,2954.5
3472-QPRCH,0.05905566,Low Risk,40,0.0,0.0,63.7138823668162,Two year,No,Credit card (automatic),25.25,1006.9
8224-UAXBZ,0.23890331,Low Risk,58,0.5,43.35622480335017,72.22150246302287,One year,DSL,Electronic check,45.35,2540.1
9610-WCESF,0.2194763,Low Risk,67,0.5,48.40636622222627,76.94285253683726,Two year,DSL,Electronic check,43.9,3097.2
9776-CLUJA,0.58645004,Medium Risk,51,0.16666666666666666,77.84887147921819,45.26083131631216,Month-to-month,Fiber optic,Electronic check,77.5,3807.35
2486-WYVVE,0.33406743,Medium Risk,31,0.6666666666666666,14.289260000608706,59.54662680625915,One year,DSL,Mailed check,79.3,2484.0
3865-ZYKAD,0.35680777,Medium Risk,69,0.3333333333333333,66.70527605705252,67.5762782494227,Month-to-month,Fiber optic,Credit card (automatic),84.9,5785.65
1422-DGUBX,0.37560946,Medium Risk,32,0.16666666666666666,74.90108205437164,47.886193792025246,One year,Fiber optic,Electronic check,79.25,2619.15
2999-AANRQ,0.0759689,Low Risk,21,0.6666666666666666,37.26277080006059,68.28488727410634,Two year,DSL,Credit card (automatic),71.05,1524.85
8668-KNZTI,0.19098851,Low Risk,52,0.3333333333333333,63.62766722473353,68.78390630086263,One year,DSL,Electronic check,53.75,2790.65
0480-KYJVA,0.039072115,Low Risk,72,0.0,0.0,78.04639518260956,Two year,No,Credit card (automatic),24.25,1784.5
6034-ZRYCV,0.4220618,Medium Risk,72,0.6666666666666666,9.239118581732612,72.23024328549702,Two year,DSL,Electronic check,54.2,3937.45
9746-YKGXB,0.20578511,Low Risk,52,0.5,40.586100679157596,71.37741188208263,One year,DSL,Bank transfer (automatic),44.25,2276.1
3926-YZVVX,0.12889963,Low Risk,41,0.16666666666666666,74.90108205437164,63.97168497244516,One year,DSL,Bank transfer (automatic),50.05,2029.05
6000-UKLWI,0.053812303,Low Risk,41,0.0,0.0,64.39271708329518,Two year,No,Mailed check,20.15,802.35
2079-FBMZK,0.75042015,High Risk,6,0.0,80.99453605766122,14.978992342948914,Month-to-month,Fiber optic,Mailed check,69.25,418.4
6332-FBZRI,0.11601844,Low Risk,67,0.6666666666666666,46.390617799278274,85.44907927513123,One year,DSL,Credit card (automatic),69.35,4653.25
2096-XOTMO,0.21644148,Low Risk,16,0.0,0.0,45.84459106127421,Month-to-month,No,Mailed check,19.35,275.9
3266-FTKHB,0.07434818,Low Risk,17,0.0,0.0,53.36592276891072,Two year,No,Mailed check,19.15,343.45
8221-EQDGL,0.22283415,Low Risk,35,0.5,52.484071802567854,63.441624840100594,Month-to-month,DSL,Mailed check,61.0,2130.45
2346-LOCWC,0.049495023,Low Risk,58,0.0,0.0,71.69191459814708,Two year,No,Credit card (automatic),20.5,1191.4
6608-QQLVK,0.8129555,High Risk,1,0.16666666666666666,66.77333180317656,13.102225065231323,Month-to-month,DSL,Electronic check,50.5,50.5
0298-XACET,0.063872084,Low Risk,52,0.6666666666666666,26.187231124018965,81.80639505386353,Two year,DSL,Mailed check,50.2,2554.0
7560-QJAVJ,0.06670271,Low Risk,70,0.8333333333333334,11.143595422165674,92.49819715817769,Two year,DSL,Bank transfer (automatic),79.6,5589.45
2995-YWTCD,0.076221354,Low Risk,19,0.0,0.0,54.10559932390848,Two year,No,Bank transfer (automatic),24.9,467.7
3551-HUAZH,0.908193,High Risk,1,0.0,80.99453605766122,5.007017056147258,Month-to-month,Fiber optic,Electronic check,74.4,74.4
9137-UIYPG,0.5358696,Medium Risk,35,0.8333333333333334,11.143595422165674,54.456520080566406,Month-to-month,Fiber optic,Electronic check,106.9,3756.45
2809-ZMYOQ,0.76537526,High Risk,32,0.5,20.382714003898286,35.06457050641377,Month-to-month,Fiber optic,Electronic check,101.35,3334.9
5084-OOVCJ,0.35329303,Medium Risk,17,0.3333333333333333,71.75541747592861,46.08534693717956,Month-to-month,DSL,Credit card (automatic),55.35,920.5
0254-WWRKD,0.11278421,Low Risk,67,0.16666666666666666,69.85094063549555,75.6107896566391,One year,DSL,Credit card (automatic),50.55,3431.75
7727-SHVZV,0.25866812,Low Risk,9,0.0,0.0,40.81659376621246,Month-to-month,No,Bank transfer (automatic),19.5,150.35
6302-JGYRJ,0.34470612,Medium Risk,31,0.6666666666666666,17.366868832927693,59.01469409465789,One year,DSL,Mailed check,79.45,2587.7
5339-PXDVH,0.7247526,High Risk,4,0.3333333333333333,54.49982022551585,22.09570308526357,Month-to-month,Fiber optic,Electronic check,90.65,367.95
2205-LPVGL,0.14035368,Low Risk,58,0.5,60.611822053762936,77.14898268381755,One year,Fiber optic,Bank transfer (automatic),89.85,5125.75
8782-NUUOL,0.1939237,Low Risk,60,0.8333333333333334,11.143595422165674,81.97048107783,One year,DSL,Mailed check,79.0,4801.1
3685-YLCMQ,0.6203407,High Risk,58,0.6666666666666666,14.289260000608706,56.482964754104614,One year,Fiber optic,Electronic check,104.65,6219.6
7601-WFVZV,0.5374081,Medium Risk,1,0.0,0.0,23.546260992685955,Month-to-month,No,Mailed check,19.55,19.55
4609-KNNWG,0.050410073,Low Risk,27,0.0,0.0,58.729495406150825,Two year,No,Mailed check,19.9,550.1
4868-AADLV,0.30470818,Medium Risk,66,1.0,0.0,82.26459085941313,One year,Fiber optic,Electronic check,116.25,7862.25
9529-OFXHY,0.66713476,High Risk,15,0.3333333333333333,54.49982022551585,29.559928576151528,Month-to-month,Fiber optic,Bank transfer (automatic),87.75,1242.2
8634-MPHTR,0.76019466,High Risk,47,0.5,20.382714003898286,41.573600371678666,Month-to-month,Fiber optic,Electronic check,100.05,4871.05
2669-QVCRG,0.49828747,Medium Risk,41,0.16666666666666666,77.84887147921819,45.50229469935098,Month-to-month,Fiber optic,Credit card (automatic),81.3,3190.65
2478-EEWWM,0.55246043,Medium Risk,59,0.3333333333333333,34.60391825838295,53.626978397369385,Month-to-month,DSL,Electronic check,44.3,2666.75
9174-IHETN,0.095483474,Low Risk,50,0.0,80.99453605766122,66.0591592391332,Two year,Fiber optic,Credit card (automatic),70.35,3533.6
2233-TXSIU,0.22064544,Low Risk,17,0.5,40.278615971031186,56.05106194814046,One year,DSL,Credit card (automatic),44.45,792.15
9644-UMGQA,0.61837775,High Risk,6,0.16666666666666666,77.84887147921819,24.914446075757343,Month-to-month,DSL,Electronic check,49.15,295.65
3256-EZDBI,0.39834958,Medium Risk,51,0.16666666666666666,69.85094063549555,54.66585417588552,Month-to-month,DSL,Credit card (automatic),29.45,1459.35
8761-NSOBC,0.60203445,High Risk,44,0.6666666666666666,17.366868832927693,51.56494418780009,Month-to-month,Fiber optic,Electronic check,100.55,4398.15
0419-YAAPX,0.5224083,Medium Risk,49,0.3333333333333333,46.501889381793205,50.96291800340017,Month-to-month,Fiber optic,Credit card (automatic),85.3,4297.95
8413-VONUO,0.8090509,High Risk,2,0.5,23.460322836217273,20.38078745206197,Month-to-month,Fiber optic,Electronic check,95.65,167.3
0872-CASZJ,0.17901988,Low Risk,59,0.5,48.71385093035268,75.63233991463979,One year,DSL,Mailed check,69.1,4096.9
4726-DLWQN,0.2734806,Low Risk,50,0.5,43.35622480335017,67.1593036254247,Month-to-month,DSL,Bank transfer (automatic),70.35,3454.6
8164-OCKUJ,0.04863316,Low Risk,59,0.0,0.0,72.15167542298634,Two year,No,Mailed check,20.6,1286.0
3094-JOJAI,0.53518903,Medium Risk,18,0.0,80.99453605766122,30.740548372268677,Month-to-month,Fiber optic,Mailed check,74.15,1387.0
9494-MRNYX,0.7351877,High Risk,10,0.0,80.99453605766122,17.40728120009104,Month-to-month,Fiber optic,Electronic check,75.05,786.3
2599-CZABP,0.253842,Low Risk,14,0.0,80.99453605766122,43.14123352368673,One year,DSL,Electronic check,44.6,641.25
7945-PRBVF,0.064242885,Low Risk,35,0.0,0.0,61.37118836243947,Two year,No,Bank transfer (automatic),21.45,705.45
4544-RXFMG,0.33676124,Medium Risk,8,0.0,80.99453605766122,36.49527152379354,One year,DSL,Mailed check,43.45,345.5
0859-YGKFW,0.11205869,Low Risk,18,0.0,0.0,51.897065043449395,One year,No,Bank transfer (automatic),20.05,345.9
1150-FTQGN,0.15795858,Low Risk,60,0.5,43.35622480335017,77.10207164287567,One year,Fiber optic,Bank transfer (automatic),94.15,5811.8
9223-UCPVT,0.8802825,High Risk,1,0.5,20.382714003898286,16.40254060427348,Month-to-month,Fiber optic,Electronic check,94.4,94.4
7196-LIWRH,0.07080748,Low Risk,6,0.0,0.0,48.95962715148926,Two year,No,Mailed check,19.55,124.45
5448-VWNAM,0.29122543,Low Risk,19,0.6666666666666666,37.26277080006059,56.68872833251953,Month-to-month,DSL,Mailed check,75.9,1375.6
1177-XZBJL,0.10943899,Low Risk,53,0.5,60.611822053762936,76.61138256390889,One year,DSL,Bank transfer (automatic),64.15,3491.55
3518-FSTWG,0.08418992,Low Risk,72,0.8333333333333334,6.09345400328958,92.45717207590741,Two year,Fiber optic,Bank transfer (automatic),109.55,7920.7
9330-VOFSZ,0.20698944,Low Risk,60,0.8333333333333334,3.145664578443032,81.31719628969829,Two year,Fiber optic,Credit card (automatic),110.8,6640.7
4351-QLCSU,0.7636203,High Risk,1,0.16666666666666666,57.64548480395888,15.568984150886536,Month-to-month,DSL,Credit card (automatic),55.0,55.0
0939-EREMR,0.36488572,Medium Risk,13,0.3333333333333333,60.67987779988698,43.83904894193013,Month-to-month,DSL,Mailed check,53.45,718.1
9389-ACWBI,0.71612704,High Risk,5,0.0,80.99453605766122,16.276981433232628,Month-to-month,Fiber optic,Credit card (automatic),69.95,320.4
5419-JPRRN,0.92053217,High Risk,1,0.5,20.382714003898286,14.390058318773907,Month-to-month,Fiber optic,Electronic check,101.45,101.45
3644-QXEHN,0.72888523,High Risk,13,0.5,20.382714003898286,28.972404996554058,Month-to-month,Fiber optic,Electronic check,97.0,1334.45
2911-IJORQ,0.2610492,Low Risk,37,1.0,0.0,72.36420611540477,One year,DSL,Bank transfer (automatic),90.6,3358.65
5921-NGYRH,0.28585422,Low Risk,64,0.16666666666666666,77.84887147921819,65.70728898048401,Month-to-month,Fiber optic,Mailed check,73.55,4764.0
2100-BDNSN,0.5384973,Medium Risk,5,0.5,37.33082654618464,35.15846689542135,Month-to-month,DSL,Bank transfer (automatic),67.95,350.3
5998-DZLYR,0.1375485,Low Risk,61,0.5,40.715920086630035,78.53924135367075,Two year,Fiber optic,Bank transfer (automatic),94.35,5703.0
0488-GSLFR,0.8946113,High Risk,1,0.0,80.99453605766122,5.6861017147699995,Month-to-month,Fiber optic,Electronic check,69.5,69.5
9318-NKNFC,0.54896295,Medium Risk,1,0.0,0.0,22.96851913134257,Month-to-month,No,Mailed check,18.85,18.85
3985-HOYPM,0.07031155,Low Risk,26,0.0,0.0,57.31775601704915,One year,No,Mailed check,19.4,525.55
9728-FTTVZ,0.8946113,High Risk,1,0.0,80.99453605766122,5.6861017147699995,Month-to-month,Fiber optic,Electronic check,69.2,69.2
9548-LERKT,0.059603527,Low Risk,24,0.0,0.0,57.019824385643005,Two year,No,Mailed check,19.75,483.15
6576-FBXOJ,0.37183824,Medium Risk,17,0.6666666666666666,14.289260000608706,51.824756066004426,One year,DSL,Electronic check,54.6,934.8
4310-KEDTB,0.42030767,Medium Risk,26,0.16666666666666666,66.77333180317656,43.15128485361735,Month-to-month,DSL,Mailed check,29.8,786.5
7254-IQWOZ,0.8947189,High Risk,1,0.0,80.99453605766122,5.6807223955790205,Month-to-month,Fiber optic,Electronic check,69.65,69.65
2474-BRUCM,0.68319213,High Risk,40,0.5,31.458253679939915,42.507059971491486,Month-to-month,Fiber optic,Electronic check,101.85,4086.3
4062-HBMOS,0.7363797,High Risk,52,0.6666666666666666,9.239118581732612,48.181015849113464,Month-to-month,Fiber optic,Electronic check,103.05,5364.8
0742-NXBGR,0.9016278,High Risk,1,0.3333333333333333,55.629736381010886,12.001944382985434,Month-to-month,Fiber optic,Electronic check,82.3,82.3
2676-ISHSF,0.5488068,Medium Risk,1,0.0,0.0,22.976327339808147,Month-to-month,No,Mailed check,20.3,20.3
9236-NDUCW,0.080220476,Low Risk,21,0.3333333333333333,71.75541747592861,61.40564362208048,Two year,DSL,Mailed check,35.1,770.4
4753-PADAS,0.4282465,Medium Risk,67,0.6666666666666666,9.239118581732612,69.83767509460449,One year,Fiber optic,Bank transfer (automatic),105.7,6816.95
6103-QCKFX,0.2282761,Low Risk,44,0.3333333333333333,71.75541747592861,63.586193323135376,Month-to-month,DSL,Bank transfer (automatic),56.25,2419.55
7781-EWARA,0.23899776,Low Risk,70,0.8333333333333334,3.145664578443032,83.88344546159108,One year,DSL,Electronic check,60.35,4138.7
6110-OHIHY,0.792772,High Risk,3,0.16666666666666666,57.64548480395888,14.944733579953512,Month-to-month,Fiber optic,Electronic check,79.25,267.6
7018-FPXHH,0.054298665,Low Risk,56,0.5,52.484071802567854,80.61840136845908,Two year,DSL,Bank transfer (automatic),59.8,3457.45
5889-LFOLL,0.83737075,High Risk,13,0.16666666666666666,57.95296951208529,16.881462335586548,Month-to-month,Fiber optic,Electronic check,84.6,1115.2
5708-EVONK,0.39400813,Medium Risk,58,0.5,43.66370951147658,64.46625868479411,Month-to-month,Fiber optic,Bank transfer (automatic),93.4,5435.6
8708-XPXHZ,0.73018926,High Risk,42,0.3333333333333333,34.60391825838295,37.65720347563426,Month-to-month,Fiber optic,Electronic check,94.2,4186.3
0616-ATFGB,0.78870124,High Risk,1,0.0,80.99453605766122,10.981604854265848,Month-to-month,DSL,Electronic check,25.05,25.05
0572-ZJKLT,0.12266737,Low Risk,46,0.6666666666666666,34.492646675868016,76.36663138866425,Two year,Fiber optic,Mailed check,99.65,4630.2
5135-RDDQL,0.053281333,Low Risk,63,0.16666666666666666,77.84887147921819,76.91926797231038,Two year,DSL,Bank transfer (automatic),50.65,3221.25
1353-LJWEM,0.46893996,Medium Risk,11,0.5,49.53628237772131,41.13633533318838,Month-to-month,DSL,Electronic check,60.9,688.5
1794-SWWKL,0.41458926,Medium Risk,15,0.3333333333333333,60.67987779988698,42.18720237414042,Month-to-month,DSL,Bank transfer (automatic),59.65,867.1
6166-YIPFO,0.14106339,Low Risk,72,1.0,0.0,92.94683039188385,Two year,DSL,Electronic check,64.7,4746.05
7016-BPGEU,0.4109918,Medium Risk,29,0.0,80.99453605766122,41.533743937810264,Month-to-month,DSL,Credit card (automatic),25.1,712.85
6876-ADESB,0.7532907,High Risk,1,0.16666666666666666,66.77333180317656,16.085464358329773,Month-to-month,DSL,Electronic check,48.95,48.95
9332-GYWLO,0.59906846,Medium Risk,6,0.16666666666666666,57.64548480395888,25.87991019090017,Month-to-month,DSL,Electronic check,54.85,355.1
1963-SVUCV,0.75037676,High Risk,1,0.0,80.99453605766122,12.897828618685406,Month-to-month,DSL,Electronic check,45.3,45.3
4184-VODJZ,0.4146472,Medium Risk,63,0.3333333333333333,46.809374089919615,62.18430558840433,One year,Fiber optic,Electronic check,91.35,5764.7
0220-EBGCE,0.8574411,High Risk,2,0.3333333333333333,43.73176525760063,14.62794363498688,Month-to-month,Fiber optic,Electronic check,85.85,167.3
1092-WPIVQ,0.07092957,Low Risk,18,0.0,0.0,53.95352065563201,Two year,No,Mailed check,25.1,428.45
7233-IOQNP,0.28305805,Low Risk,43,0.3333333333333333,71.75541747592861,60.4304309686025,Month-to-month,DSL,Bank transfer (automatic),34.0,1505.35
2834-JKOOW,0.19073498,Low Risk,15,0.6666666666666666,46.390617799278274,60.04658420880635,One year,DSL,Mailed check,45.9,693.45
2754-VDLTR,0.8093209,High Risk,10,0.3333333333333333,34.60391825838295,20.367287000020344,Month-to-month,Fiber optic,Electronic check,95.2,930.4
2400-FEQME,0.049128808,Low Risk,55,0.0,0.0,70.46022514502206,Two year,No,Mailed check,20.5,1177.95
3190-XFANI,0.46990117,Medium Risk,49,0.5,28.510464255093368,56.92160646120708,One year,Fiber optic,Bank transfer (automatic),100.6,5069.65
7551-DACSP,0.5326247,Medium Risk,6,0.3333333333333333,55.629736381010886,32.535430590311684,Month-to-month,DSL,Mailed check,55.3,324.25
4957-SREEC,0.041332915,Low Risk,70,0.0,0.0,77.10002164045969,Two year,No,Credit card (automatic),20.35,1458.1
7235-NXZCP,0.83692217,High Risk,2,0.0,80.99453605766122,8.987224896748861,Month-to-month,Fiber optic,Mailed check,74.85,156.4
0230-UBYPQ,0.1168376,Low Risk,63,0.3333333333333333,71.75541747592861,77.07478562990823,One year,DSL,Bank transfer (automatic),36.1,2298.9
4923-ADWXJ,0.29390937,Low Risk,25,0.5,40.715920086630035,55.721198121706635,Month-to-month,DSL,Bank transfer (automatic),65.8,1679.65
1763-KUAAW,0.11736923,Low Risk,18,0.0,0.0,51.631538271903985,One year,No,Bank transfer (automatic),20.35,369.6
1104-TNLZA,0.74280864,High Risk,28,0.6666666666666666,17.366868832927693,37.85956799983978,Month-to-month,Fiber optic,Electronic check,105.8,2998.0
5195-KPUNQ,0.29496014,Low Risk,53,0.6666666666666666,37.570255508187,70.66865960756937,One year,Fiber optic,Mailed check,96.75,5206.55
0520-FDVVT,0.52553153,Medium Risk,35,0.6666666666666666,9.239118581732612,51.64009014765421,One year,Fiber optic,Bank transfer (automatic),102.35,3626.1
3439-GVUSX,0.6833793,High Risk,1,0.0,80.99453605766122,16.24770204226176,Month-to-month,DSL,Mailed check,24.4,24.4
1444-VVSGW,0.4098443,Medium Risk,70,1.0,0.0,78.67445270220439,One year,Fiber optic,Credit card (automatic),115.65,7968.85
5712-PTIWW,0.8240372,High Risk,2,0.3333333333333333,60.67987779988698,16.298140287399292,Month-to-month,Fiber optic,Electronic check,79.85,152.45
5949-HGVJL,0.37366444,Medium Risk,26,0.6666666666666666,17.366868832927693,55.48344473044078,Month-to-month,DSL,Electronic check,73.05,1959.5
5203-XEHAX,0.1688823,Low Risk,34,0.5,43.66370951147658,65.72255114714304,One year,DSL,Electronic check,64.35,2053.05
1635-HDGFT,0.06190989,Low Risk,19,0.0,0.0,54.821170965830476,Two year,No,Mailed check,20.5,398.55
3315-TOTBP,0.70163184,High Risk,15,0.0,80.99453605766122,21.168407797813416,Month-to-month,Fiber optic,Mailed check,76.0,1130.85
8050-XGRVL,0.09772383,Low Risk,62,0.3333333333333333,63.62766722473353,77.61380791664124,One year,DSL,Credit card (automatic),54.75,3425.35
6661-HBGWL,0.7033237,High Risk,42,0.6666666666666666,9.239118581732612,45.66714723904928,Month-to-month,Fiber optic,Bank transfer (automatic),104.75,4323.45
1518-VOWAV,0.5745907,Medium Risk,9,0.6666666666666666,20.31465825777424,38.35379918416341,Month-to-month,DSL,Electronic check,74.65,703.55
9828-QHFBK,0.39586937,Medium Risk,24,0.16666666666666666,77.84887147921819,43.53986461957295,Month-to-month,DSL,Electronic check,51.15,1275.7
3908-MKIMJ,0.21007109,Low Risk,68,0.5,52.484071802567854,77.82977898915608,Two year,DSL,Electronic check,41.95,2965.75
5012-YSPJJ,0.23115914,Low Risk,31,0.3333333333333333,60.67987779988698,58.02537580331166,Month-to-month,DSL,Mailed check,54.35,1647.0
5909-ECHUI,0.81624496,High Risk,1,0.16666666666666666,57.95296951208529,12.93775200843811,Month-to-month,DSL,Electronic check,56.25,56.25
1309-BXVOQ,0.7962478,High Risk,21,0.6666666666666666,14.289260000608706,32.27094431718191,Month-to-month,Fiber optic,Electronic check,106.1,2249.95
6728-VOIFY,0.43999055,Medium Risk,63,0.5,23.460322836217273,64.25047397613525,One year,Fiber optic,Electronic check,96.0,6109.75
9317-WZPGV,0.8419113,High Risk,2,0.16666666666666666,57.95296951208529,12.071100870768229,Month-to-month,Fiber optic,Bank transfer (automatic),79.75,159.4
4891-NLUBA,0.0469555,Low Risk,61,0.8333333333333334,3.145664578443032,89.73555703957877,Two year,DSL,Bank transfer (automatic),61.45,3751.15
2856-HYAPG,0.8653959,High Risk,1,0.0,80.99453605766122,7.1468714872996015,Month-to-month,Fiber optic,Electronic check,68.65,68.65
8969-PRHFK,0.08639249,Low Risk,18,0.0,0.0,53.180373907089226,One year,No,Mailed check,19.65,411.25
0661-KQHNK,0.10510851,Low Risk,6,0.0,0.0,47.24457502365112,One year,No,Credit card (automatic),19.0,105.5
8709-KRDVL,0.7468139,High Risk,33,0.5,23.460322836217273,36.40930533409118,Month-to-month,Fiber optic,Electronic check,100.0,3320.6
4488-PSYCG,0.25165325,Low Risk,16,0.0,0.0,44.084003965059914,Month-to-month,No,Bank transfer (automatic),20.25,327.45
1427-VERSM,0.57012844,Medium Risk,56,0.6666666666666666,14.289260000608706,58.16024462381999,Month-to-month,Fiber optic,Electronic check,98.7,5669.5
9801-NOSHQ,0.078328565,Low Risk,23,0.0,0.0,55.66690584023794,One year,No,Mailed check,19.8,465.45
6339-YPSAH,0.7887123,High Risk,9,0.16666666666666666,66.77333180317656,17.647717197736103,Month-to-month,Fiber optic,Electronic check,73.8,704.3
3621-CEOVK,0.84741974,High Risk,14,0.5,23.460322836217273,23.462346394856773,Month-to-month,Fiber optic,Electronic check,100.2,1369.8
6906-ANDWJ,0.7055731,High Risk,15,0.0,80.99453605766122,20.971345901489258,Month-to-month,Fiber optic,Bank transfer (automatic),74.9,1107.25
2159-TURXX,0.31351,Medium Risk,5,0.0,0.0,36.40783329804738,Month-to-month,No,Credit card (automatic),20.05,95.55
1548-FEHVL,0.5231691,Medium Risk,61,0.6666666666666666,20.31465825777424,62.59154498577117,Month-to-month,Fiber optic,Electronic check,106.2,6375.2
3795-CAWEX,0.10757407,Low Risk,70,1.0,0.0,93.78796438376109,Two year,Fiber optic,Credit card (automatic),116.55,8152.3
6215-NQCPY,0.8100713,High Risk,15,0.5,31.458253679939915,25.74643552303314,Month-to-month,Fiber optic,Electronic check,99.7,1566.75
5647-URDKA,0.06962029,Low Risk,8,0.0,0.0,49.852317770322166,Two year,No,Mailed check,19.7,130.25
2229-DPMBI,0.063013025,Low Risk,8,0.0,0.0,50.182682474454246,Two year,No,Mailed check,19.5,162.15
9626-WEQRM,0.5629161,Medium Risk,4,0.16666666666666666,77.84887147921819,26.85419499874115,Month-to-month,DSL,Mailed check,29.15,110.05
2188-SXWVT,0.12348266,Low Risk,34,0.3333333333333333,66.70527605705252,64.65920110543568,One year,DSL,Mailed check,55.0,1885.15
6258-PVZWJ,0.05517901,Low Risk,68,1.0,0.0,95.57438333829245,Two year,DSL,Credit card (automatic),90.8,6302.85
1094-BKOSX,0.20367315,Low Risk,45,0.6666666666666666,26.494715832145374,71.8996771176656,One year,DSL,Bank transfer (automatic),51.0,2264.5
6969-MVBAI,0.85712624,High Risk,9,0.3333333333333333,43.42428054947422,17.560354868570965,Month-to-month,Fiber optic,Electronic check,90.1,816.8
2978-XXSOG,0.3280866,Medium Risk,22,0.3333333333333333,71.75541747592861,49.4290026028951,Month-to-month,DSL,Mailed check,59.05,1253.5
2342-CKIAO,0.34085277,Medium Risk,2,0.0,0.0,33.790696461995445,Month-to-month,No,Mailed check,20.3,41.2
6953-PBDIN,0.113072716,Low Risk,70,0.6666666666666666,26.187231124018965,86.84636533260345,Two year,DSL,Bank transfer (automatic),72.95,5265.55
3898-BSJYF,0.29482943,Low Risk,10,0.6666666666666666,34.492646675868016,52.75852859020234,One year,DSL,Credit card (automatic),73.55,693.3
3938-YFPXD,0.04879245,Low Risk,72,0.8333333333333334,11.143595422165674,94.22704259554547,Two year,DSL,Credit card (automatic),84.3,5997.1
7696-AMHOD,0.22074834,Low Risk,49,0.6666666666666666,9.239118581732612,72.712584733963,One year,DSL,Credit card (automatic),78.0,3824.2
2453-SAFNS,0.13246217,Low Risk,54,0.5,40.408435378503626,75.87689280509949,One year,DSL,Mailed check,72.1,3886.05
9558-IHEZX,0.20247783,Low Risk,71,0.8333333333333334,6.09345400328958,86.12610936164857,Two year,Fiber optic,Credit card (automatic),106.75,7283.25
9617-UDPEU,0.09226803,Low Risk,22,0.0,0.0,54.55326418081919,One year,No,Mailed check,19.25,412.55
6340-DACFT,0.056948725,Low Risk,50,0.0,0.0,67.98589726289113,Two year,No,Credit card (automatic),20.55,1070.25
4955-VCWBI,0.0737917,Low Risk,43,0.0,0.0,64.22708253065746,One year,No,Mailed check,20.0,817.95
6813-GZQCG,0.06981197,Low Risk,45,0.0,0.0,65.25940299034119,Two year,No,Credit card (automatic),24.65,1171.3
7426-GSWPO,0.47171608,Medium Risk,64,0.6666666666666666,20.31465825777424,66.41419768333434,Month-to-month,Fiber optic,Bank transfer (automatic),103.5,6548.65
3389-KTRXV,0.058179505,Low Risk,23,0.0,0.0,56.674358447392784,Two year,No,Mailed check,23.85,625.65
3118-UHVVQ,0.047836732,Low Risk,68,0.0,0.0,75.94149728616078,Two year,No,Credit card (automatic),25.8,1911.5
1031-IIDEO,0.89234966,High Risk,1,0.0,80.99453605766122,5.799183646837871,Month-to-month,Fiber optic,Electronic check,70.85,70.85
5832-XKAES,0.7868523,High Risk,2,0.0,80.99453605766122,11.490718324979147,Month-to-month,Fiber optic,Credit card (automatic),69.8,134.7
3205-MXZRA,0.14244959,Low Risk,26,0.3333333333333333,51.5520308006693,60.37751913070678,One year,DSL,Credit card (automatic),59.45,1507.0
4701-AHWMW,0.29644012,Low Risk,55,0.6666666666666666,14.289260000608706,71.42799377441406,Month-to-month,DSL,Bank transfer (automatic),54.55,2978.3
8317-BVKSO,0.31091708,Medium Risk,14,0.0,0.0,40.28747936089834,Month-to-month,No,Electronic check,20.05,299.3
5702-KVQRD,0.07410847,Low Risk,71,0.8333333333333334,11.143595422165674,92.54457592964174,Two year,DSL,Electronic check,82.55,5832.65
0083-PIVIK,0.20088352,Low Risk,64,0.8333333333333334,23.041566545575932,83.2891579469045,One year,DSL,Electronic check,81.25,5567.55
9210-IAHGH,0.5110449,Medium Risk,7,0.5,28.510464255093368,37.364420692125954,Month-to-month,DSL,Credit card (automatic),70.75,450.8
6169-PGNCD,0.057969987,Low Risk,57,0.8333333333333334,23.041566545575932,87.51816729704541,Two year,DSL,Credit card (automatic),74.3,4166.35
0023-XUOPT,0.75156575,High Risk,13,0.5,32.280685127308544,27.83837894598643,Month-to-month,Fiber optic,Electronic check,94.1,1215.6
4592-IWTJI,0.5662229,Medium Risk,3,0.16666666666666666,77.84887147921819,26.272188027699787,Month-to-month,DSL,Credit card (automatic),29.7,91.7
4909-JOUPP,0.08917489,Low Risk,72,0.8333333333333334,3.145664578443032,92.20792333285016,Two year,Fiber optic,Credit card (automatic),109.7,7898.45
4657-FWVFY,0.5908719,Medium Risk,40,0.5,32.280685127308544,47.12307314078012,Month-to-month,Fiber optic,Credit card (automatic),96.35,3915.4
2257-BOVXD,0.4269956,Medium Risk,14,0.3333333333333333,51.5520308006693,41.15021824836731,Month-to-month,DSL,Credit card (automatic),66.6,979.5
7729-JTEEC,0.7649955,High Risk,2,0.0,80.99453605766122,12.583557566006979,Month-to-month,DSL,Electronic check,44.5,90.05
7632-MNYOY,0.4918857,Medium Risk,66,0.8333333333333334,3.145664578443032,69.5723835627238,One year,Fiber optic,Credit card (automatic),110.9,7432.05
6518-LGAOV,0.7412826,High Risk,38,0.6666666666666666,14.289260000608706,42.10253755251566,Month-to-month,Fiber optic,Electronic check,105.0,4026.4
7242-QZLXF,0.81211483,High Risk,1,0.0,80.99453605766122,9.810924927393595,Month-to-month,DSL,Electronic check,25.3,25.3
4576-CSAJH,0.25198102,Low Risk,22,0.3333333333333333,63.75748663220597,53.23428233464559,One year,DSL,Credit card (automatic),55.15,1193.05
1000-AJSLD,0.6764762,High Risk,1,0.0,0.0,16.592857638994854,Month-to-month,No,Mailed check,20.1,20.1
9696-RMYBA,0.81265104,High Risk,5,0.16666666666666666,57.64548480395888,14.784114758173624,Month-to-month,Fiber optic,Mailed check,80.1,398.55
8690-UPCZI,0.12347888,Low Risk,29,0.5,48.40636622222627,65.90938886006673,One year,DSL,Bank transfer (automatic),69.05,1958.45
1062-LHZOD,0.8696082,High Risk,1,0.0,80.99453605766122,6.93625549475352,Month-to-month,Fiber optic,Mailed check,69.9,69.9
9770-LXDBK,0.33228475,Medium Risk,3,0.0,0.0,34.63576257228851,Month-to-month,No,Mailed check,20.4,63.15
4086-WITJG,0.04974193,Low Risk,71,0.0,0.0,77.09623714288077,Two year,No,Credit card (automatic),19.7,1301.1
8344-WFMFH,0.5804756,Medium Risk,9,0.16666666666666666,69.85094063549555,28.05955191453298,Month-to-month,DSL,Electronic check,50.1,484.05
9600-NAXZN,0.7628562,High Risk,43,0.5,23.460322836217273,39.773857394854225,Month-to-month,Fiber optic,Electronic check,101.4,4528.0
8822-KNBHV,0.2587856,Low Risk,48,0.8333333333333334,6.09345400328958,73.72738639513652,One year,DSL,Credit card (automatic),83.45,3887.85
8404-FYDIB,0.520958,Medium Risk,26,0.3333333333333333,66.70527605705252,41.452099680900574,Month-to-month,Fiber optic,Credit card (automatic),86.65,2208.75
2791-SFVEW,0.2965819,Low Risk,9,0.0,0.0,38.92090678215027,Month-to-month,No,Bank transfer (automatic),20.15,238.15
6457-USBER,0.9045838,High Risk,1,0.16666666666666666,57.95296951208529,8.520809412002563,Month-to-month,Fiber optic,Electronic check,80.8,80.8
6762-NSODU,0.05812751,Low Risk,46,0.0,0.0,66.26029054323833,Two year,No,Credit card (automatic),19.4,958.15
4662-EKDPQ,0.62020576,High Risk,2,0.16666666666666666,57.95296951208529,23.156378666559853,Month-to-month,DSL,Bank transfer (automatic),62.05,118.3
9248-OJYKK,0.91397023,High Risk,1,0.0,80.99453605766122,4.718155066172282,Month-to-month,Fiber optic,Electronic check,76.45,76.45
9888-ZCUMM,0.05222164,Low Risk,64,0.8333333333333334,11.143595422165674,90.72225054105122,Two year,DSL,Bank transfer (automatic),60.05,3845.45
3398-FSHON,0.84925354,High Risk,12,0.3333333333333333,46.501889381793205,19.20398990313212,Month-to-month,Fiber optic,Electronic check,91.3,1094.5
3319-DWOEP,0.8628809,High Risk,6,0.5,20.382714003898286,19.355955719947815,Month-to-month,Fiber optic,Electronic check,95.75,573.75
1074-WVEVG,0.07818366,Low Risk,59,0.0,0.0,70.67415078481038,One year,No,Mailed check,20.35,1267.0
9979-RGMZT,0.66969717,High Risk,7,0.5,23.460322836217273,29.431808392206825,One year,Fiber optic,Mailed check,94.05,633.45
6437-UDQJM,0.06618223,Low Risk,72,0.8333333333333334,6.09345400328958,93.35755387941998,Two year,DSL,Credit card (automatic),84.1,6129.65
1226-IENZN,0.75835943,High Risk,16,0.16666666666666666,57.95296951208529,22.082028388977047,Month-to-month,Fiber optic,Electronic check,78.75,1218.25
2108-GLPQB,0.3099945,Medium Risk,25,0.16666666666666666,66.77333180317656,48.25027704238891,Month-to-month,DSL,Credit card (automatic),55.55,1405.3
9259-PACGQ,0.2922167,Low Risk,34,0.5,60.611822053762936,59.555833737055465,Month-to-month,DSL,Electronic check,62.65,2274.9
4415-IJZTP,0.9060705,High Risk,1,0.0,80.99453605766122,5.113143126169841,Month-to-month,Fiber optic,Electronic check,74.5,74.5
1465-VINDH,0.8484598,High Risk,10,0.6666666666666666,9.239118581732612,25.077010989189148,Month-to-month,Fiber optic,Credit card (automatic),102.1,1068.85
5474-LAMUQ,0.07708446,Low Risk,24,0.0,0.0,56.1457759141922,One year,No,Mailed check,20.1,533.9
3468-DRVQJ,0.2820378,Low Risk,10,0.5,43.35622480335017,50.064776937166855,One year,DSL,Electronic check,70.3,676.15
1122-YJBCS,0.10926277,Low Risk,69,0.3333333333333333,66.70527605705252,79.95352844397226,One year,DSL,Credit card (automatic),53.65,3804.4
4990-ALDGW,0.057477366,Low Risk,57,0.0,0.0,70.87613224983215,Two year,No,Mailed check,20.75,1118.8
4816-OKWNX,0.43029493,Medium Risk,50,0.8333333333333334,3.145664578443032,65.9852534532547,One year,Fiber optic,Bank transfer (automatic),103.4,5236.4
3315-IKYZQ,0.12745228,Low Risk,28,0.6666666666666666,34.18516196774161,68.62738728523254,One year,DSL,Mailed check,50.8,1386.8
2810-FTLEM,0.56068206,Medium Risk,16,0.16666666666666666,77.84887147921819,31.965897083282467,Month-to-month,DSL,Electronic check,50.15,762.25
4747-LCAQL,0.24867767,Low Risk,25,0.8333333333333334,14.221204254484661,64.64944978555043,Month-to-month,DSL,Mailed check,79.0,1902.0
3411-WLRSQ,0.8003209,High Risk,3,0.16666666666666666,69.85094063549555,14.567287166913351,Month-to-month,Fiber optic,Bank transfer (automatic),74.6,239.05
0898-XCGTF,0.45578152,Medium Risk,61,0.3333333333333333,34.60391825838295,59.29425736268361,One year,Fiber optic,Bank transfer (automatic),96.5,5673.7
8006-PYCSW,0.3458554,Medium Risk,2,0.0,0.0,33.54056258996328,Month-to-month,No,Mailed check,20.1,39.8
8249-THVEC,0.07863563,Low Risk,51,0.0,0.0,67.31821835041046,One year,No,Mailed check,19.4,997.75
8722-PRFDV,0.06608885,Low Risk,71,0.6666666666666666,17.237049425455254,89.61222390333812,Two year,DSL,Credit card (automatic),77.55,5574.35
2164-SOQXL,0.1826855,Low Risk,20,0.0,0.0,49.1990586121877,Month-to-month,No,Mailed check,20.05,406.05
4020-KIUDI,0.28689873,Low Risk,6,0.0,0.0,38.15506339073181,Month-to-month,No,Credit card (automatic),19.85,138.85
5850-BDWCY,0.27753952,Low Risk,6,0.0,0.0,38.62302541732788,Month-to-month,No,Mailed check,20.2,123.65
2038-YSEZE,0.2059262,Low Risk,29,0.5,60.611822053762936,61.78702433904012,Month-to-month,DSL,Mailed check,67.45,1801.1
0827-ITJPH,0.07457141,Low Risk,36,0.0,0.0,61.2714284658432,Two year,No,Credit card (automatic),18.55,689.0
8799-OXZMD,0.44004408,Medium Risk,28,0.16666666666666666,66.77333180317656,42.99779772758484,Month-to-month,DSL,Mailed check,29.75,790.7
1925-TIBLE,0.8680704,High Risk,7,0.16666666666666666,57.64548480395888,12.846478819847107,Month-to-month,Fiber optic,Electronic check,86.5,582.5
1705-GUHPV,0.04915024,Low Risk,63,0.0,0.0,73.79248857498169,Two year,No,Mailed check,24.2,1618.2
4779-ZGICK,0.05572203,Low Risk,48,0.0,0.0,67.21389710903168,Two year,No,Mailed check,23.55,1173.35
0048-PIHNL,0.07740485,Low Risk,49,0.0,0.0,66.54642383257547,One year,No,Bank transfer (automatic),20.45,900.9
0818-OCPZO,0.73213756,High Risk,27,0.16666666666666666,69.85094063549555,27.976455291112263,Month-to-month,Fiber optic,Electronic check,81.45,2122.05
3967-KXAPS,0.042078197,Low Risk,72,1.0,0.0,97.89609014987946,Two year,DSL,Credit card (automatic),92.3,6719.9
1447-GIQMR,0.8945734,High Risk,1,0.0,80.99453605766122,5.687997142473857,Month-to-month,Fiber optic,Electronic check,69.15,69.15
3704-IEAXF,0.05652424,Low Risk,72,0.6666666666666666,17.366868832927693,90.50712247689565,Two year,DSL,Credit card (automatic),53.65,3784.0
6810-VCAEX,0.13013414,Low Risk,47,0.5,60.611822053762936,73.07662804921468,One year,DSL,Credit card (automatic),39.65,1798.65
0674-EYYZV,0.81207025,High Risk,1,0.16666666666666666,57.64548480395888,13.146487474441528,Month-to-month,DSL,Electronic check,54.65,54.65
4480-MBMLB,0.5108071,Medium Risk,36,0.6666666666666666,9.239118581732612,52.792978485425316,One year,Fiber optic,Bank transfer (automatic),104.8,3886.45
1395-OFUWC,0.3937833,Medium Risk,43,0.16666666666666666,69.85094063549555,51.56083345413208,Month-to-month,DSL,Credit card (automatic),29.3,1224.05
0822-QGCXA,0.3839144,Medium Risk,27,0.8333333333333334,3.145664578443032,58.72094611326853,Month-to-month,DSL,Electronic check,83.85,2310.2
0872-NXJYS,0.81528765,High Risk,9,0.16666666666666666,57.95296951208529,16.31895085175832,Month-to-month,Fiber optic,Electronic check,79.55,723.4
2832-KJCRD,0.7380086,High Risk,38,0.6666666666666666,14.289260000608706,42.266235748926796,Month-to-month,Fiber optic,Electronic check,103.65,3988.5
3588-WSTTJ,0.69661146,High Risk,35,0.5,31.458253679939915,39.75276013215383,Month-to-month,Fiber optic,Electronic check,99.05,3554.6
4075-WKNIU,0.09604316,Low Risk,0,0.6666666666666666,26.187231124018965,58.53117485841115,Two year,DSL,Mailed check,73.35,0.0
5090-EMGTC,0.11771694,Low Risk,59,0.6666666666666666,17.366868832927693,82.03082124392192,Two year,Fiber optic,Mailed check,100.05,6034.85
2346-CZYIL,0.058182552,Low Risk,27,0.0,0.0,58.34087312221528,Two year,No,Credit card (automatic),20.35,531.6
3798-EPWRR,0.73265225,High Risk,2,0.0,80.99453605766122,14.20072098573049,Month-to-month,DSL,Electronic check,43.95,85.1
6258-NGCNG,0.2904345,Low Risk,7,0.0,0.0,38.39494268099467,Month-to-month,No,Mailed check,23.5,173.0
4186-ZBUEW,0.28209025,Low Risk,36,0.5,40.715920086630035,60.895487666130066,One year,DSL,Mailed check,70.7,2511.95
5274-XHAKY,0.50710446,Medium Risk,41,0.5,43.35622480335017,51.72811051209767,Month-to-month,Fiber optic,Bank transfer (automatic),94.3,3893.6
1442-BQPVU,0.5065259,Medium Risk,13,0.16666666666666666,69.85094063549555,33.42370629310608,Month-to-month,DSL,Electronic check,29.15,357.15
3978-YNKDD,0.06232321,Low Risk,19,0.0,0.0,54.80050603548685,Two year,No,Credit card (automatic),20.85,467.5
4940-KHCWD,0.052939408,Low Risk,60,0.5,60.611822053762936,82.35302925109863,Two year,DSL,Bank transfer (automatic),37.7,2288.7
9412-ARGBX,0.16249794,Low Risk,48,0.6666666666666666,26.187231124018965,75.20843644936879,Two year,Fiber optic,Mailed check,95.5,4627.85
1389-CXMLU,0.8378929,High Risk,3,0.3333333333333333,43.42428054947422,16.022022167841595,Month-to-month,Fiber optic,Electronic check,91.05,289.1
9589-ABEPT,0.09542715,Low Risk,69,0.5,40.408435378503626,83.9786422252655,Two year,Fiber optic,Mailed check,92.45,6460.55
9388-ZEYVT,0.20823312,Low Risk,43,0.5,37.63831125431105,67.50501076380412,One year,DSL,Electronic check,44.15,1931.3
0305-SQECB,0.19934951,Low Risk,11,0.3333333333333333,71.75541747592861,51.28252387046815,One year,DSL,Mailed check,36.05,402.6
7605-SNLQG,0.3063756,Medium Risk,45,0.16666666666666666,66.77333180317656,56.764552195866905,Month-to-month,DSL,Credit card (automatic),50.25,2221.55
4670-TABXH,0.12865068,Low Risk,72,0.8333333333333334,3.145664578443032,90.23413340250653,Two year,Fiber optic,Credit card (automatic),109.75,7758.9
5561-NWEVX,0.83210987,High Risk,2,0.16666666666666666,66.77333180317656,12.561173240343729,Month-to-month,Fiber optic,Electronic check,79.2,172.85
0064-SUDOG,0.066133395,Low Risk,12,0.0,0.0,51.693331003189094,Two year,No,Bank transfer (automatic),20.3,224.5
8561-NMTBD,0.30401793,Medium Risk,67,0.8333333333333334,3.145664578443032,79.38243826230367,One year,Fiber optic,Credit card (automatic),112.35,7388.45
5161-XEUVX,0.12491051,Low Risk,37,0.5,37.33082654618464,69.17113999525706,Two year,Fiber optic,Mailed check,94.3,3460.95
8292-FRFZQ,0.13391931,Low Risk,39,0.5,60.611822053762936,69.55403506755829,One year,DSL,Bank transfer (automatic),41.15,1700.9
8591-NXRCV,0.26825383,Low Risk,41,0.6666666666666666,34.492646675868016,67.00397650400797,Month-to-month,DSL,Bank transfer (automatic),74.65,3090.65
7895-VONWT,0.5147653,Medium Risk,25,0.5,20.382714003898286,44.67840055624643,Month-to-month,DSL,Electronic check,48.25,1293.8
4526-RMTLL,0.08240147,Low Risk,8,0.6666666666666666,37.570255508187,62.54659394423167,Two year,DSL,Credit card (automatic),76.15,645.8
6253-GNHWH,0.0773342,Low Risk,71,0.6666666666666666,46.390617799278274,89.04995540777843,Two year,DSL,Mailed check,71.1,5224.95
4566-NECEV,0.8049916,High Risk,5,0.5,32.588169835434954,21.833753188451134,Month-to-month,Fiber optic,Electronic check,96.55,500.1
8080-POTJR,0.25994924,Low Risk,30,0.6666666666666666,17.237049425455254,62.83587296803792,One year,DSL,Credit card (automatic),79.3,2427.1
6906-MPARY,0.35680854,Medium Risk,40,0.5,40.715920086630035,58.826239506403596,One year,Fiber optic,Credit card (automatic),89.6,3488.15
3662-FXJFO,0.06516393,Low Risk,54,0.0,0.0,69.24180448055267,Two year,No,Mailed check,20.5,1035.7
8107-RZLNV,0.30136776,Medium Risk,72,0.6666666666666666,9.239118581732612,78.26494534810384,Two year,Fiber optic,Bank transfer (automatic),106.3,7565.35
0516-OOHAR,0.41927978,Medium Risk,28,0.6666666666666666,9.239118581732612,54.036009311676025,One year,Fiber optic,Bank transfer (automatic),100.35,2799.0
2027-CWDNU,0.6852748,High Risk,18,0.3333333333333333,51.85951550879571,29.90292767683665,Month-to-month,Fiber optic,Electronic check,85.6,1601.5
2737-WFVYW,0.81823707,High Risk,2,0.3333333333333333,34.60391825838295,16.588146686553955,Month-to-month,DSL,Electronic check,45.25,85.5
9912-OMZDS,0.4927438,Medium Risk,59,0.6666666666666666,9.239118581732612,63.27947715918223,One year,Fiber optic,Electronic check,106.15,6256.2
3733-ZEECP,0.49482256,Medium Risk,22,0.16666666666666666,74.90108205437164,37.75887191295624,Month-to-month,DSL,Electronic check,51.1,1232.9
7878-RTCZG,0.59330964,Medium Risk,1,0.0,0.0,20.751184622446697,Month-to-month,No,Mailed check,19.9,19.9
2452-MRMZF,0.0480078,Low Risk,72,0.0,0.0,77.59961068630219,Two year,No,Credit card (automatic),25.7,1937.4
2272-QAGFO,0.8079636,High Risk,14,0.0,80.99453605766122,15.435152848561607,Month-to-month,Fiber optic,Electronic check,74.3,1096.25
7103-IPXPJ,0.45246705,Medium Risk,50,0.5,28.510464255093368,58.209979136784874,One year,Fiber optic,Electronic check,99.4,5059.75
4342-HFXWS,0.12664144,Low Risk,48,0.6666666666666666,34.18516196774161,77.00126071770985,One year,DSL,Bank transfer (automatic),69.7,3023.65
3545-CNWRG,0.69091773,High Risk,49,0.5,23.460322836217273,45.87078015009563,Month-to-month,Fiber optic,Electronic check,98.35,4889.2
1785-BPHTP,0.639226,High Risk,28,0.3333333333333333,43.42428054947422,36.372032364209495,Month-to-month,Fiber optic,Electronic check,85.45,2289.9
4989-LIXVT,0.5762305,Medium Risk,68,0.5,32.588169835434954,59.52180703481038,Month-to-month,Fiber optic,Electronic check,95.9,6503.2
7315-WYOAW,0.7523446,High Risk,13,0.5,28.510464255093368,27.79943625132243,Month-to-month,Fiber optic,Electronic check,100.75,1313.25
1173-XZPYF,0.83524394,High Risk,11,0.3333333333333333,43.42428054947422,19.487802982330322,Month-to-month,Fiber optic,Electronic check,89.2,990.3
9850-OWRHQ,0.8189036,High Risk,3,0.0,80.99453605766122,10.304818749427795,Month-to-month,Fiber optic,Credit card (automatic),74.1,228.0
3768-NLUBH,0.66235507,High Risk,57,0.5,20.382714003898286,50.63224673271179,Month-to-month,Fiber optic,Electronic check,100.6,5746.15
8676-TRMJS,0.7674465,High Risk,3,0.0,80.99453605766122,12.877674102783205,Month-to-month,Fiber optic,Mailed check,75.0,209.1
2509-TFPJU,0.043227497,Low Risk,72,0.0,0.0,77.8386253118515,Two year,No,Credit card (automatic),25.75,1864.2
9530-GRMJG,0.08222094,Low Risk,70,0.8333333333333334,3.145664578443032,91.72228773434956,Two year,DSL,Electronic check,84.1,5979.7
6898-RBTLU,0.061236735,Low Risk,49,0.6666666666666666,17.366868832927693,80.68816304206847,Two year,DSL,Bank transfer (automatic),79.3,3902.45
5481-NTDOH,0.34051564,Medium Risk,67,0.6666666666666666,17.237049425455254,74.22421932220459,One year,Fiber optic,Credit card (automatic),107.05,7142.5
2068-WWXQZ,0.05796229,Low Risk,46,0.0,0.0,66.2685517470042,Two year,No,Bank transfer (automatic),20.05,902.0
7359-SSBJK,0.24890384,Low Risk,64,0.6666666666666666,37.26277080006059,77.55480647087096,Two year,DSL,Credit card (automatic),70.2,4481.0
2061-VVFST,0.17428786,Low Risk,37,0.0,0.0,56.702273885409035,Month-to-month,No,Bank transfer (automatic),19.5,805.2
0685-MLYYM,0.7737686,High Risk,2,0.0,80.99453605766122,12.14490314324697,Month-to-month,Fiber optic,Electronic check,70.75,154.85
0749-IRGQE,0.6529423,High Risk,13,0.3333333333333333,34.60391825838295,29.436218341191612,Month-to-month,DSL,Electronic check,45.3,528.45
2380-DAMQP,0.057063356,Low Risk,72,1.0,0.0,97.14683294296265,Two year,Fiber optic,Electronic check,115.15,8349.7
2256-YLYLP,0.120722674,Low Risk,68,0.6666666666666666,14.289260000608706,85.63053409258524,Two year,DSL,Bank transfer (automatic),72.95,4953.25
1272-ILHFG,0.10576658,Low Risk,15,0.0,0.0,50.96167027950287,One year,No,Mailed check,19.65,332.65
0164-XAIRP,0.0652808,Low Risk,24,0.0,0.0,56.735960245132446,Two year,No,Bank transfer (automatic),19.55,470.2
5666-CYCYZ,0.7199443,High Risk,24,0.3333333333333333,51.85951550879571,30.66945175329844,Month-to-month,Fiber optic,Electronic check,89.55,2259.35
4011-ARPHK,0.22470264,Low Risk,27,0.16666666666666666,77.84887147921819,53.34820051987966,Month-to-month,DSL,Mailed check,50.35,1411.35
8182-PNAGI,0.38878214,Medium Risk,12,0.16666666666666666,74.90108205437164,38.894226153691605,Month-to-month,DSL,Bank transfer (automatic),50.25,593.75
6365-HITVU,0.04266236,Low Risk,71,1.0,0.0,97.4502142270406,Two year,DSL,Credit card (automatic),87.25,6328.7
7558-IMLMT,0.043247245,Low Risk,67,0.0,0.0,75.75430552164714,Two year,No,Mailed check,20.8,1411.9
9488-FYQAU,0.29505932,Low Risk,63,0.8333333333333334,3.145664578443032,78.16370050112407,Two year,Fiber optic,Bank transfer (automatic),109.25,6841.4
3590-TCXTB,0.53749305,Medium Risk,1,0.0,0.0,23.54201416174571,Month-to-month,No,Mailed check,20.35,20.35
6994-KERXL,0.7003429,High Risk,4,0.16666666666666666,57.95296951208529,19.982855319976807,Month-to-month,DSL,Electronic check,55.9,238.5
7957-RYHQD,0.5074082,Medium Risk,40,0.3333333333333333,66.70527605705252,47.9629232486089,Month-to-month,Fiber optic,Credit card (automatic),79.2,3233.85
2180-DXNEG,0.8398468,High Risk,12,0.5,20.382714003898286,23.007660508155823,Month-to-month,Fiber optic,Electronic check,96.0,1062.1
1960-UOTYM,0.08053566,Low Risk,52,0.8333333333333334,6.09345400328958,84.30655082066853,Two year,DSL,Electronic check,79.2,4016.3
2740-JFBOK,0.3163544,Medium Risk,10,0.0,0.0,38.3489469687144,Month-to-month,No,Electronic check,24.0,226.55
6500-JVEGC,0.19252309,Low Risk,68,0.6666666666666666,29.135020548865512,82.0405105749766,One year,Fiber optic,Bank transfer (automatic),101.35,7110.75
5515-AKOAJ,0.69080216,High Risk,54,0.5,28.510464255093368,47.95989215373992,Month-to-month,Fiber optic,Electronic check,100.1,5440.9
8976-OQHGT,0.5113273,Medium Risk,4,0.3333333333333333,63.75748663220597,32.76696701844533,Month-to-month,DSL,Mailed check,56.5,235.1
5245-VDBUR,0.13349508,Low Risk,52,0.3333333333333333,63.62766722473353,71.65857871373494,One year,DSL,Mailed check,35.45,1958.95
6230-BSUXY,0.9084113,High Risk,1,0.3333333333333333,43.73176525760063,11.662767132123312,Month-to-month,Fiber optic,Electronic check,85.0,85.0
8469-SNFFH,0.15540017,Low Risk,70,0.8333333333333334,23.041566545575932,88.0633254845937,One year,DSL,Bank transfer (automatic),79.4,5528.9
2144-ESWKO,0.16225283,Low Risk,43,0.3333333333333333,63.62766722473353,66.47069116433461,One year,DSL,Credit card (automatic),35.2,1463.7
1241-FPMOF,0.07151679,Low Risk,52,0.0,0.0,68.09082607428233,Two year,No,Mailed check,19.65,1025.05
9928-BZVLZ,0.085582525,Low Risk,12,0.6666666666666666,34.492646675868016,64.05420859654744,Two year,DSL,Mailed check,49.85,552.1
4114-QMKVN,0.15625891,Low Risk,56,0.5,43.66370951147658,75.52038629849753,One year,DSL,Bank transfer (automatic),68.75,3815.4
2775-SEFEE,0.08778132,Low Risk,0,0.5,60.611822053762936,55.6109344959259,Two year,DSL,Bank transfer (automatic),61.9,0.0
9003-CPATH,0.6139029,High Risk,42,0.16666666666666666,66.77333180317656,40.13818701108297,Month-to-month,Fiber optic,Electronic check,79.9,3313.4
1754-GKYPY,0.6994769,High Risk,22,0.3333333333333333,34.60391825838295,30.85948844750722,Month-to-month,Fiber optic,Bank transfer (automatic),89.75,1938.9
5294-CDGWY,0.35843825,Medium Risk,51,0.8333333333333334,6.09345400328958,69.99475399653117,One year,DSL,Electronic check,59.3,3014.65
7956-XQWGU,0.17639098,Low Risk,27,0.0,0.0,52.430449724197395,Month-to-month,No,Credit card (automatic),19.4,460.25
1591-MQJTP,0.36797556,Medium Risk,51,0.5,40.586100679157596,62.85122036933899,One year,Fiber optic,Bank transfer (automatic),93.65,4839.15
5295-PCJOO,0.68677115,High Risk,4,0.16666666666666666,77.84887147921819,20.661442279815674,Month-to-month,DSL,Electronic check,49.4,184.4
2369-FEVNO,0.6673961,High Risk,1,0.0,0.0,17.046860257784527,Month-to-month,No,Mailed check,19.9,19.9
9863-JZAIC,0.28629294,Low Risk,35,0.16666666666666666,57.64548480395888,53.60202113787332,Month-to-month,DSL,Mailed check,55.0,2010.55
7471-MQPOS,0.22492376,Low Risk,71,0.6666666666666666,26.494715832145374,81.6704801718394,One year,DSL,Bank transfer (automatic),72.9,5139.65
7660-HDPJV,0.8946113,High Risk,1,0.0,80.99453605766122,5.6861017147699995,Month-to-month,Fiber optic,Electronic check,69.2,69.2
5115-SQAAU,0.047213558,Low Risk,69,0.0,0.0,76.38932228088379,Two year,No,Bank transfer (automatic),25.6,1673.4
9845-QOMAD,0.11394506,Low Risk,14,0.0,0.0,50.13607998689016,One year,No,Mailed check,19.75,309.35
7672-VFMXZ,0.27799755,Low Risk,57,0.3333333333333333,71.75541747592861,66.51678899923961,Month-to-month,DSL,Electronic check,55.7,3171.6
9739-JLPQJ,0.06823554,Low Risk,72,1.0,0.0,96.58822417259216,Two year,Fiber optic,Credit card (automatic),117.5,8670.1
9916-AYHTC,0.06099585,Low Risk,48,0.0,0.0,66.95020616054535,Two year,No,Credit card (automatic),19.85,916.0
3855-ONCAR,0.8102782,High Risk,4,0.16666666666666666,57.64548480395888,14.486091136932371,Month-to-month,Fiber optic,Mailed check,78.9,299.75
1488-SYSFC,0.19825126,Low Risk,31,0.0,0.0,53.00410429636637,Month-to-month,No,Electronic check,20.65,702.05
7931-PXHFC,0.30154195,Medium Risk,38,0.5,37.63831125431105,60.75623710950215,One year,DSL,Mailed check,62.3,2354.8
3990-QYKBE,0.724778,High Risk,37,0.3333333333333333,34.60391825838295,35.84443350632986,Month-to-month,Fiber optic,Electronic check,92.5,3473.4
0970-QXPXW,0.5526616,Medium Risk,1,0.0,0.0,22.783586780230205,Month-to-month,No,Mailed check,19.65,19.65
3259-KNMRR,0.1311891,Low Risk,57,0.6666666666666666,9.239118581732612,80.52387793858846,Two year,DSL,Bank transfer (automatic),79.75,4438.2
6120-RJKLU,0.18729676,Low Risk,62,0.8333333333333334,11.143595422165674,83.1351625919342,Two year,DSL,Credit card (automatic),79.95,4819.75
9572-WUKSB,0.7309807,High Risk,3,0.16666666666666666,74.90108205437164,18.03429861863454,Month-to-month,DSL,Electronic check,29.9,92.25
5893-KCLGT,0.05443329,Low Risk,72,0.0,0.0,77.27833569049835,Two year,No,Mailed check,19.75,1567.0
0076-LVEPS,0.2812563,Low Risk,29,0.6666666666666666,46.390617799278274,61.353850762049355,Month-to-month,DSL,Mailed check,45.0,1242.45
3640-JQGJG,0.37330046,Medium Risk,13,0.0,80.99453605766122,36.75164500872294,Month-to-month,DSL,Bank transfer (automatic),44.8,559.2
4919-MOAVT,0.7449388,High Risk,3,0.0,80.99453605766122,14.003060460090639,Month-to-month,Fiber optic,Electronic check,69.65,220.1
1596-OQSPS,0.4506377,Medium Risk,11,0.16666666666666666,69.85094063549555,35.38478175799052,Month-to-month,DSL,Electronic check,51.1,531.15
9867-XOBQA,0.08085088,Low Risk,21,0.8333333333333334,23.041566545575932,71.37412170569102,Two year,DSL,Mailed check,53.15,1183.2
9546-KDTRB,0.20630313,Low Risk,19,0.0,0.0,47.60151068369547,Month-to-month,No,Bank transfer (automatic),24.7,465.85
3090-HAWSU,0.4425981,Medium Risk,61,0.8333333333333334,11.143595422165674,69.95342810948691,Two year,Fiber optic,Credit card (automatic),111.6,6876.05
9820-RMCQV,0.35795915,Medium Risk,11,0.16666666666666666,77.84887147921819,40.018709103266396,Month-to-month,DSL,Credit card (automatic),48.55,501.0
3174-RKMOW,0.62873614,High Risk,35,0.8333333333333334,3.145664578443032,49.81319308280945,Month-to-month,Fiber optic,Electronic check,109.95,3782.4
1760-CAZHT,0.15666626,Low Risk,25,0.0,0.0,52.5833527247111,Month-to-month,No,Mailed check,20.8,460.2
7839-QRKXN,0.67043823,High Risk,1,0.0,0.0,16.894755164782207,Month-to-month,No,Mailed check,20.2,20.2
8441-SHIPE,0.05151514,Low Risk,67,0.0,0.0,75.3409085671107,Two year,No,Bank transfer (automatic),25.6,1790.35
5204-QZXPU,0.67469305,High Risk,19,0.3333333333333333,43.42428054947422,30.848680933316547,Month-to-month,DSL,Electronic check,39.65,733.35
4597-ELFTS,0.16841595,Low Risk,56,0.0,0.0,64.91253515084586,One year,No,Electronic check,24.9,1334.0
1320-GVNHT,0.07941493,Low Risk,72,0.8333333333333334,6.09345400328958,92.69592146078747,Two year,Fiber optic,Credit card (automatic),108.4,7767.25
1047-RNXZV,0.06313969,Low Risk,43,0.0,0.0,64.7596828142802,Two year,No,Mailed check,19.55,876.15
3541-ZNUHK,0.44108745,Medium Risk,55,0.3333333333333333,66.70527605705252,57.52895911534627,Month-to-month,Fiber optic,Electronic check,85.1,4600.95
8450-JOVAH,0.55697215,Medium Risk,2,0.16666666666666666,77.84887147921819,26.31805936495463,Month-to-month,DSL,Mailed check,56.7,113.55
8725-JEDFD,0.5330894,Medium Risk,27,0.0,80.99453605766122,34.59553003311157,Month-to-month,Fiber optic,Mailed check,69.05,1793.25
7562-UXTPG,0.6951,High Risk,13,0.0,80.99453605766122,20.66166619459788,Month-to-month,Fiber optic,Mailed check,70.15,886.7
8071-SBTRN,0.27818826,Low Risk,70,0.8333333333333334,6.09345400328958,81.92392190297444,Two year,Fiber optic,Mailed check,111.15,7737.55
1113-IUJYX,0.60130113,High Risk,14,0.8333333333333334,14.221204254484661,42.434943318367004,One year,Fiber optic,Mailed check,105.95,1348.9
6668-CNMFP,0.39497155,Medium Risk,19,0.3333333333333333,51.85951550879571,44.83475585778554,One year,Fiber optic,Bank transfer (automatic),89.35,1686.85
5626-MGTUK,0.5970589,Medium Risk,20,0.3333333333333333,54.49982022551585,35.14705538749695,Month-to-month,Fiber optic,Bank transfer (automatic),89.1,1879.25
5681-LLOEI,0.1712214,Low Risk,43,0.5,57.53421322144395,69.35559789339702,One year,Fiber optic,Credit card (automatic),91.25,4013.8
8212-DJRCH,0.77700067,High Risk,5,0.5,40.586100679157596,23.233300050099693,Month-to-month,Fiber optic,Mailed check,90.35,434.5
4323-OHFOW,0.37948844,Medium Risk,70,0.6666666666666666,17.366868832927693,73.5255765914917,One year,Fiber optic,Bank transfer (automatic),105.55,7195.35
4933-BSAIP,0.058942366,Low Risk,40,0.0,0.0,63.7195477883021,Two year,No,Mailed check,19.1,780.1
2030-BTZRO,0.07111821,Low Risk,6,0.0,0.0,48.94408822059631,Two year,No,Credit card (automatic),20.4,107.6
1116-DXXDF,0.1957397,Low Risk,39,0.6666666666666666,17.237049425455254,69.79634900887807,Two year,Fiber optic,Electronic check,100.45,3801.7
9274-CNFMO,0.79028773,High Risk,4,0.0,80.99453605766122,12.15228001276652,Month-to-month,Fiber optic,Electronic check,74.95,308.7
7758-XKCBS,0.6126887,High Risk,15,0.16666666666666666,74.90108205437164,28.94889732201894,Month-to-month,DSL,Electronic check,29.7,438.25
8992-JQYUN,0.8448042,High Risk,1,0.5,20.382714003898286,18.17645529905955,Month-to-month,DSL,Electronic check,50.35,50.35
6563-VNPMN,0.36445677,Medium Risk,45,0.5,60.611822053762936,60.52716135978699,Month-to-month,Fiber optic,Bank transfer (automatic),85.7,3778.1
0617-AQNWT,0.27573913,Low Risk,64,0.6666666666666666,34.492646675868016,76.2130433320999,Two year,DSL,Electronic check,47.85,3147.5
2267-WTPYD,0.44916907,Medium Risk,57,0.5,32.588169835434954,61.291548013687134,Month-to-month,Fiber optic,Credit card (automatic),94.0,5438.95
0270-THENM,0.06613038,Low Risk,72,0.6666666666666666,46.390617799278274,90.02681334813435,Two year,DSL,Bank transfer (automatic),69.85,5102.35
2446-PLQVO,0.8911799,High Risk,1,0.0,80.99453605766122,5.857670704523723,Month-to-month,Fiber optic,Electronic check,70.3,70.3
4707-MAXGU,0.043227497,Low Risk,72,0.0,0.0,77.8386253118515,Two year,No,Credit card (automatic),25.85,1872.2
2710-WYVXG,0.083916485,Low Risk,3,0.6666666666666666,37.570255508187,60.387509067853294,Two year,DSL,Mailed check,71.1,213.35
3005-NFMTA,0.6305523,High Risk,55,0.5,31.458253679939915,51.3890520731608,Month-to-month,Fiber optic,Electronic check,98.8,5617.75
6300-BWMJX,0.4900293,Medium Risk,59,0.5,37.33082654618464,60.0818665822347,Month-to-month,Fiber optic,Electronic check,93.35,5386.5
8784-CGILN,0.7142192,High Risk,18,0.5,28.510464255093368,31.78903937339783,Month-to-month,Fiber optic,Bank transfer (automatic),99.85,1776.95
5389-FFVKB,0.63269174,High Risk,32,0.16666666666666666,57.95296951208529,35.03207961718241,Month-to-month,Fiber optic,Credit card (automatic),80.3,2483.05
7009-LGECI,0.552431,Medium Risk,4,0.16666666666666666,77.84887147921819,27.378450632095337,Month-to-month,DSL,Bank transfer (automatic),50.55,235.65
8444-WRIDW,0.44603315,Medium Risk,66,0.16666666666666666,69.85094063549555,58.5316773255666,Month-to-month,Fiber optic,Credit card (automatic),80.45,5224.35
5022-KVDQT,0.7297447,High Risk,27,0.16666666666666666,66.77333180317656,28.096099694569904,Month-to-month,Fiber optic,Electronic check,81.3,2272.8
7976-CICYS,0.3241842,Medium Risk,4,0.0,0.0,35.45745770136515,Month-to-month,No,Credit card (automatic),20.7,83.75
1036-GUDCL,0.17358157,Low Risk,60,0.8333333333333334,14.221204254484661,82.98758665720622,Month-to-month,DSL,Credit card (automatic),79.05,4663.4
2005-DWQZJ,0.061605275,Low Risk,8,0.0,0.0,50.253069599469505,Two year,No,Mailed check,19.05,201.7
8148-WOCMK,0.06596324,Low Risk,8,0.0,0.0,50.03516991933187,Two year,No,Credit card (automatic),19.6,125.0
7815-PDTHL,0.05844024,Low Risk,35,0.0,0.0,61.6613229115804,Two year,No,Mailed check,20.2,684.4
9451-LPGOO,0.86891025,High Risk,7,0.16666666666666666,57.95296951208529,12.804487347602844,Month-to-month,Fiber optic,Electronic check,86.8,620.35
9173-IVZVP,0.054713596,Low Risk,53,0.0,0.0,69.34765299161275,Two year,No,Mailed check,20.9,1146.05
9129-UXERG,0.7128272,High Risk,18,0.6666666666666666,17.366868832927693,35.19197305043539,Month-to-month,Fiber optic,Credit card (automatic),103.6,1806.35
3635-JBPSG,0.10448954,Low Risk,15,0.3333333333333333,46.809374089919615,57.69218842188517,Two year,DSL,Mailed check,38.8,603.0
7964-ZRKKG,0.22562265,Low Risk,67,0.3333333333333333,46.501889381793205,73.30220063527425,One year,Fiber optic,Bank transfer (automatic),88.4,5798.3
5868-YWPDW,0.8405183,High Risk,6,0.3333333333333333,46.809374089919615,17.140751878420513,Month-to-month,Fiber optic,Electronic check,84.2,519.15
6229-LSCKB,0.83803743,High Risk,6,0.16666666666666666,57.64548480395888,13.931461771329243,Month-to-month,Fiber optic,Electronic check,79.7,497.6
2025-JKFWI,0.78538597,High Risk,13,0.5,28.510464255093368,26.14736835161845,Month-to-month,Fiber optic,Mailed check,99.0,1301.7
4078-SAYYN,0.87306374,High Risk,11,0.5,20.382714003898286,20.930146177609764,Month-to-month,Fiber optic,Electronic check,100.75,1129.75
1724-IQWNM,0.54972607,Medium Risk,1,0.0,0.0,22.930363217989605,Month-to-month,No,Mailed check,19.3,19.3
8217-QYOHV,0.495657,Medium Risk,5,0.3333333333333333,71.75541747592861,33.9671516418457,Month-to-month,DSL,Mailed check,55.75,266.95
5546-QUERU,0.111522995,Low Risk,13,0.0,0.0,49.84051803747813,One year,No,Mailed check,19.95,257.0
9940-HPQPG,0.7334882,High Risk,9,0.5,52.484071802567854,27.075589895248413,Month-to-month,Fiber optic,Bank transfer (automatic),91.75,865.8
6897-UUBNU,0.4439035,Medium Risk,29,0.5,40.408435378503626,49.88815804322561,Month-to-month,Fiber optic,Mailed check,89.65,2623.65
6127-IYJOZ,0.7839664,High Risk,1,0.0,80.99453605766122,11.218345562616983,Month-to-month,DSL,Mailed check,45.85,45.85
6618-RYATB,0.9011672,High Risk,1,0.16666666666666666,66.77333180317656,8.691639304161072,Month-to-month,Fiber optic,Mailed check,79.55,79.55
8930-XOTDP,0.36988068,Medium Risk,18,0.16666666666666666,57.64548480395888,42.33929951985677,Month-to-month,DSL,Mailed check,55.95,1082.8
5916-QEWPT,0.6408633,High Risk,2,0.5,20.382714003898286,28.79016836484273,Month-to-month,DSL,Credit card (automatic),69.0,147.8
5060-TQUQN,0.5145299,Medium Risk,30,0.3333333333333333,63.75748663220597,43.44017247358958,Month-to-month,Fiber optic,Bank transfer (automatic),83.55,2570.2
0531-XBKMM,0.05675714,Low Risk,66,0.5,60.611822053762936,84.66214239597319,Two year,DSL,Bank transfer (automatic),65.7,4378.9
8465-SBRXP,0.13982654,Low Risk,38,0.5,37.33082654618464,68.84200652440389,Two year,Fiber optic,Bank transfer (automatic),94.9,3616.25
2408-PSJVE,0.24310918,Low Risk,44,0.5,49.53628237772131,66.17787500222524,Month-to-month,DSL,Mailed check,61.9,2924.05
9079-YEXQJ,0.58816427,Medium Risk,54,0.8333333333333334,3.145664578443032,59.758453170458466,Month-to-month,Fiber optic,Electronic check,111.1,6014.85
9700-ZCLOT,0.40708467,Medium Risk,2,0.0,0.0,30.479098161061607,Month-to-month,No,Mailed check,20.0,32.7
8738-JOKAR,0.21786125,Low Risk,42,0.6666666666666666,37.570255508187,69.94027157624562,One year,DSL,Mailed check,67.7,2882.25
4534-WGCIR,0.051671162,Low Risk,58,0.0,0.0,71.58310929934184,Two year,No,Credit card (automatic),25.15,1509.9
1930-WNXSB,0.54668754,Medium Risk,58,0.5,23.460322836217273,56.832289497057594,Month-to-month,Fiber optic,Electronic check,92.85,5305.05
2685-SREOM,0.7445614,High Risk,25,0.3333333333333333,43.73176525760063,29.855264623959858,Month-to-month,Fiber optic,Electronic check,89.1,2368.4
3508-CFVZL,0.06728768,Low Risk,71,1.0,0.0,96.2189491589864,Two year,Fiber optic,Mailed check,111.3,7985.9
0402-CQAJN,0.68300265,High Risk,37,0.6666666666666666,9.239118581732612,44.59986746311188,Month-to-month,Fiber optic,Bank transfer (automatic),101.9,3545.35
6692-UDPJC,0.7875873,High Risk,14,0.3333333333333333,51.5520308006693,23.120635747909546,Month-to-month,Fiber optic,Electronic check,91.65,1301.0
1273-MTETI,0.8812659,High Risk,4,0.3333333333333333,43.73176525760063,14.270039399464924,Month-to-month,Fiber optic,Electronic check,88.85,372.45
0657-DOGUM,0.12863205,Low Risk,48,0.3333333333333333,71.75541747592861,70.235063234965,One year,DSL,Bank transfer (automatic),60.6,2985.25
5480-HPRRX,0.7363373,High Risk,3,0.0,80.99453605766122,14.433134794235231,Month-to-month,DSL,Electronic check,25.3,77.75
8792-AOROI,0.07798576,Low Risk,8,0.5,48.71385093035268,59.434045155843094,Two year,DSL,Mailed check,65.5,564.35
0295-PPHDO,0.91945046,High Risk,1,0.3333333333333333,34.60391825838295,11.110810240109762,Month-to-month,Fiber optic,Electronic check,95.45,95.45
5146-YYFRZ,0.05113425,Low Risk,67,0.0,0.0,75.35995523134868,Two year,No,Bank transfer (automatic),19.95,1311.75
1195-OIYEJ,0.82651854,High Risk,13,0.3333333333333333,34.60391825838295,20.757406552632652,Month-to-month,Fiber optic,Electronic check,91.1,1135.7
5906-CVLHP,0.16921972,Low Risk,45,0.3333333333333333,63.75748663220597,66.95568005243938,One year,DSL,Credit card (automatic),54.15,2319.8
3452-SRFEG,0.51451683,Medium Risk,49,0.0,80.99453605766122,44.69082514444987,Month-to-month,Fiber optic,Bank transfer (automatic),74.6,3720.35
4070-OKWVH,0.4816985,Medium Risk,52,0.5,32.280685127308544,57.58174101511637,Month-to-month,Fiber optic,Bank transfer (automatic),94.6,5025.8
5297-MDOIR,0.124394886,Low Risk,63,0.3333333333333333,63.62766722473353,76.69692198435465,One year,Fiber optic,Credit card (automatic),81.15,5224.5
6369-MCAKO,0.05378916,Low Risk,68,1.0,0.0,95.64387639363608,Two year,DSL,Bank transfer (automatic),89.05,6185.8
4926-UMJZD,0.26266694,Low Risk,31,0.16666666666666666,74.90108205437164,53.116652965545654,Month-to-month,DSL,Mailed check,49.2,1498.55
6848-HJTXY,0.059092134,Low Risk,64,0.0,0.0,73.71205846468607,Two year,No,Credit card (automatic),19.45,1208.6
6341-AEVKX,0.3567588,Medium Risk,62,0.8333333333333334,11.143595422165674,74.66205835342407,One year,Fiber optic,Electronic check,104.3,6613.65
4501-EQDRN,0.8507664,High Risk,1,0.0,80.99453605766122,7.878345648447673,Month-to-month,Fiber optic,Bank transfer (automatic),69.7,69.7
2990-HWIML,0.8520787,High Risk,6,0.3333333333333333,34.60391825838295,16.562732855478924,Month-to-month,Fiber optic,Electronic check,89.5,573.3
0682-USIXD,0.71997863,High Risk,21,0.3333333333333333,51.5520308006693,29.41773513952891,Month-to-month,Fiber optic,Electronic check,86.05,1818.9
6976-BWGLQ,0.040671013,Low Risk,72,0.0,0.0,77.96645045280457,Two year,No,Bank transfer (automatic),25.2,1787.35
7078-NVFAM,0.42887753,Medium Risk,32,0.3333333333333333,66.70527605705252,48.55612337589263,Month-to-month,DSL,Electronic check,35.15,1051.05
8065-QBYTO,0.13144073,Low Risk,71,0.6666666666666666,37.26277080006059,86.34462873140971,One year,Fiber optic,Credit card (automatic),99.65,7181.25
2133-TSRRM,0.5623749,Medium Risk,34,0.8333333333333334,6.09345400328958,52.71458884080251,Month-to-month,Fiber optic,Bank transfer (automatic),105.35,3688.6
7384-GHBPI,0.797601,High Risk,3,0.16666666666666666,57.95296951208529,14.703284104665121,Month-to-month,DSL,Electronic check,35.15,99.75
7603-USHJS,0.7268503,High Risk,12,0.0,80.99453605766122,18.65748643875122,Month-to-month,Fiber optic,Credit card (automatic),73.75,871.4
7234-FECYN,0.85647714,High Risk,8,0.5,20.382714003898286,20.50947626431783,Month-to-month,Fiber optic,Electronic check,101.35,780.5
2511-ALLCS,0.055931497,Low Risk,35,0.0,0.0,61.78675790627797,Two year,No,Bank transfer (automatic),24.3,821.6
3191-CSNMG,0.8406759,High Risk,3,0.16666666666666666,57.64548480395888,12.549538811047872,Month-to-month,Fiber optic,Electronic check,80.7,239.45
7952-OBOYL,0.8287349,High Risk,3,0.5,37.33082654618464,19.81325626373291,Month-to-month,Fiber optic,Mailed check,89.85,244.45
7470-DYNOE,0.30180398,Medium Risk,53,0.3333333333333333,43.73176525760063,63.65980267524719,One year,DSL,Electronic check,61.1,3357.9
7853-OETYL,0.67887366,High Risk,4,0.16666666666666666,77.84887147921819,21.05631709098816,Month-to-month,DSL,Electronic check,29.05,129.6
1545-ACTAS,0.38340107,Medium Risk,48,0.6666666666666666,17.237049425455254,64.16328152020772,One year,Fiber optic,Bank transfer (automatic),99.7,4977.2
5876-HZVZM,0.40132496,Medium Risk,6,0.3333333333333333,66.70527605705252,39.10041729609171,Month-to-month,DSL,Credit card (automatic),55.9,365.35
1400-MMYXY,0.87603164,High Risk,3,0.6666666666666666,9.239118581732612,20.78175147374471,Month-to-month,Fiber optic,Electronic check,105.9,334.65
5126-RCXYW,0.062385175,Low Risk,54,0.5,37.63831125431105,79.38073992729187,Two year,DSL,Credit card (automatic),46.0,2424.05
3085-QUOZK,0.69321203,High Risk,1,0.0,80.99453605766122,15.756065050760906,Month-to-month,DSL,Mailed check,43.95,43.95
2363-BJLSL,0.19152449,Low Risk,62,0.8333333333333334,3.145664578443032,82.92377471923828,Month-to-month,DSL,Bank transfer (automatic),80.4,4981.15
1956-YIFGE,0.570514,Medium Risk,22,0.6666666666666666,9.239118581732612,43.97429883480072,One year,Fiber optic,Mailed check,100.05,2090.25
3926-CUQZX,0.752685,High Risk,1,0.0,80.99453605766122,12.782416145006817,Month-to-month,DSL,Bank transfer (automatic),45.1,45.1
7921-LMDFQ,0.4501688,Medium Risk,51,0.5,20.382714003898286,58.74156057834625,One year,Fiber optic,Bank transfer (automatic),94.0,4905.75
2925-MXLSX,0.17410654,Low Risk,30,0.5,32.280685127308544,63.79467308521271,One year,DSL,Credit card (automatic),68.95,2038.7
5820-PTRYM,0.115284264,Low Risk,56,0.6666666666666666,46.390617799278274,80.90245346228282,One year,DSL,Credit card (automatic),68.45,4014.0
9609-BENEA,0.26100796,Low Risk,35,0.5,40.408435378503626,61.53293510278065,One year,DSL,Electronic check,69.0,2441.7
6211-WHMYA,0.41704822,Medium Risk,64,0.5,40.408435378503626,65.81425587336221,Month-to-month,DSL,Electronic check,43.85,2751.0
4459-BBGHE,0.445669,Medium Risk,30,0.3333333333333333,34.60391825838295,46.883216897646584,Month-to-month,DSL,Electronic check,44.5,1307.8
9945-PSVIP,0.0619419,Low Risk,25,0.0,0.0,57.31957058111826,Two year,No,Mailed check,18.7,383.65
1041-RXHRA,0.49931204,Medium Risk,41,0.0,80.99453605766122,42.11773117383321,Month-to-month,Fiber optic,Bank transfer (automatic),70.25,2868.05
1750-CSKKM,0.5826506,Medium Risk,9,0.16666666666666666,57.64548480395888,27.95080324014028,Month-to-month,DSL,Electronic check,55.35,449.75
9108-EJFJP,0.68557084,High Risk,1,0.3333333333333333,66.70527605705252,22.80479152997335,Month-to-month,DSL,Mailed check,53.55,53.55
0530-IJVDB,0.09335911,Low Risk,70,1.0,0.0,94.49871102968852,Two year,Fiber optic,Electronic check,114.6,7882.5
0508-SQWPL,0.05874578,Low Risk,57,0.0,0.0,70.8127099275589,Two year,No,Bank transfer (automatic),20.1,1087.7
2215-ZAFGX,0.8486708,High Risk,9,0.16666666666666666,57.64548480395888,14.649794300397238,Month-to-month,Fiber optic,Electronic check,85.5,791.7
8213-TAZPM,0.32547593,Medium Risk,69,0.8333333333333334,3.145664578443032,79.14287010828653,One year,Fiber optic,Bank transfer (automatic),108.75,7493.05
7142-HVGBG,0.77105844,High Risk,43,0.6666666666666666,9.239118581732612,42.69707798957825,Month-to-month,Fiber optic,Electronic check,103.0,4414.3
1304-SEGFY,0.19167742,Low Risk,72,0.5,20.382714003898286,80.4161274433136,Two year,Fiber optic,Electronic check,97.85,6841.3
7242-EDTYC,0.06367604,Low Risk,44,0.0,0.0,65.14953037103017,Two year,No,Bank transfer (automatic),19.55,819.95
2904-GGUAZ,0.061315365,Low Risk,72,0.3333333333333333,66.70527605705252,83.60089878241222,Two year,Fiber optic,Bank transfer (automatic),84.05,6052.25
8267-ZNYVZ,0.5347953,Medium Risk,33,0.8333333333333334,11.143595422165674,53.67690245310466,One year,Fiber optic,Electronic check,103.75,3361.05
5136-GFPMB,0.48899788,Medium Risk,54,0.3333333333333333,43.73176525760063,54.71677283445994,Month-to-month,Fiber optic,Credit card (automatic),89.4,4869.5
2595-KIWPV,0.06353704,Low Risk,27,0.0,0.0,58.073146939277656,Two year,No,Credit card (automatic),19.7,509.3
5243-SAOTC,0.4933621,Medium Risk,54,0.16666666666666666,69.85094063549555,51.165229876836136,Month-to-month,Fiber optic,Bank transfer (automatic),79.85,4308.25
9398-MMQTO,0.7091661,High Risk,3,0.16666666666666666,69.85094063549555,19.125027855237324,Month-to-month,Fiber optic,Credit card (automatic),74.45,221.1
7619-PLRLP,0.18471885,Low Risk,53,0.6666666666666666,29.44250525699192,76.18072430292764,One year,DSL,Bank transfer (automatic),74.1,3833.95
6457-GIRWB,0.8945734,High Risk,1,0.0,80.99453605766122,5.687997142473857,Month-to-month,Fiber optic,Electronic check,69.35,69.35
6508-NJYRO,0.09105402,Low Risk,15,0.0,0.0,51.697298884391785,One year,No,Mailed check,18.8,294.95
1450-SKCVI,0.55562216,Medium Risk,56,0.16666666666666666,69.85094063549555,48.88555864493052,Month-to-month,Fiber optic,Electronic check,73.85,4092.85
4710-NKCAW,0.38101032,Medium Risk,5,0.5,60.611822053762936,43.03281863530477,Month-to-month,DSL,Credit card (automatic),64.4,316.9
5306-BVTKJ,0.18198334,Low Risk,48,0.3333333333333333,55.629736381010886,67.56749908129373,One year,DSL,Credit card (automatic),55.8,2651.2
0357-NVCRI,0.16557929,Low Risk,25,0.0,0.0,52.13770071665446,Month-to-month,No,Credit card (automatic),20.05,471.7
5570-PTWEH,0.8217865,High Risk,3,0.0,80.99453605766122,10.16067385673523,Month-to-month,Fiber optic,Credit card (automatic),75.15,216.75
2371-KFUOG,0.34827462,Medium Risk,58,0.6666666666666666,20.31465825777424,70.086270570755,One year,Fiber optic,Bank transfer (automatic),99.15,5720.95
0463-ZSDNT,0.46538752,Medium Risk,10,0.16666666666666666,57.95296951208529,34.230623841285706,Month-to-month,DSL,Bank transfer (automatic),56.75,503.25
6502-MJQAE,0.8947189,High Risk,1,0.0,80.99453605766122,5.6807223955790205,Month-to-month,Fiber optic,Electronic check,69.6,69.6
6257-DTAYD,0.26616997,Low Risk,71,0.6666666666666666,17.366868832927693,79.6081684033076,Two year,Fiber optic,Credit card (automatic),104.15,7365.3
4616-ULAOA,0.1579524,Low Risk,65,0.8333333333333334,3.145664578443032,85.85237860679626,Two year,Fiber optic,Credit card (automatic),110.8,7245.9
7693-LCKZL,0.85867506,High Risk,5,0.16666666666666666,69.85094063549555,12.482913533846537,Month-to-month,Fiber optic,Electronic check,80.15,385.0
7746-AWNQW,0.36222556,Medium Risk,28,0.3333333333333333,60.67987779988698,50.22205670674642,Month-to-month,DSL,Mailed check,35.75,961.4
5996-EBTKM,0.0905409,Low Risk,67,0.5,37.63831125431105,83.38962237040202,Two year,DSL,Bank transfer (automatic),69.9,4615.9
2758-RNWXS,0.37874272,Medium Risk,35,0.5,48.71385093035268,55.64619859059652,One year,Fiber optic,Electronic check,89.2,3251.3
2314-TNDJQ,0.03994279,Low Risk,72,0.8333333333333334,23.349051253702342,94.6695266167323,Two year,DSL,Credit card (automatic),55.65,3880.05
2405-LBMUW,0.16435194,Low Risk,61,0.6666666666666666,37.570255508187,80.53240299224854,One year,DSL,Bank transfer (automatic),50.7,3088.75
3454-JFUBC,0.050109718,Low Risk,68,0.0,0.0,75.8278461297353,Two year,No,Credit card (automatic),20.0,1396.0
0032-PGELS,0.64164615,High Risk,1,0.16666666666666666,77.84887147921819,21.6676926612854,Month-to-month,DSL,Bank transfer (automatic),30.5,30.5
9039-ZVJDC,0.29322174,Low Risk,3,0.0,0.0,36.58891439437866,Month-to-month,No,Mailed check,19.1,53.05
6797-LNAQX,0.13510846,Low Risk,70,0.5,23.460322836217273,82.41124312082925,Two year,Fiber optic,Bank transfer (automatic),98.3,6859.5
9013-AQORL,0.3892734,Medium Risk,48,0.5,32.588169835434954,60.53632974624633,Month-to-month,DSL,Credit card (automatic),45.55,2108.35
2898-MRKPI,0.41724545,Medium Risk,68,0.5,23.460322836217273,67.4710609515508,One year,Fiber optic,Credit card (automatic),101.05,6770.5
2750-BJLSB,0.46487427,Medium Risk,47,0.8333333333333334,11.143595422165674,63.00628662109376,One year,Fiber optic,Electronic check,103.7,4730.6
3648-GZPHF,0.18004462,Low Risk,32,0.3333333333333333,60.67987779988698,60.997767448425286,One year,DSL,Mailed check,36.25,1151.05
2075-RMJIK,0.53112805,Medium Risk,5,0.16666666666666666,77.84887147921819,28.860264221827187,Month-to-month,DSL,Mailed check,49.4,232.55
9588-YRFHY,0.06082583,Low Risk,49,0.0,0.0,67.37537542978922,Two year,No,Credit card (automatic),19.9,1022.6
6394-MFYNG,0.6609513,High Risk,48,0.6666666666666666,9.239118581732612,50.28576751550038,Month-to-month,Fiber optic,Bank transfer (automatic),107.4,5121.3
1564-NTYXF,0.8344921,High Risk,13,0.16666666666666666,57.95296951208529,17.02539563179016,Month-to-month,Fiber optic,Electronic check,82.0,1127.2
9364-YKUVW,0.2608708,Low Risk,15,0.0,0.0,43.206459283828735,Month-to-month,No,Mailed check,19.8,309.4
5392-AKEMH,0.56542706,Medium Risk,12,0.0,80.99453605766122,26.728646755218506,Month-to-month,DSL,Electronic check,45.05,523.1
2451-YMUXS,0.06757359,Low Risk,67,0.5,60.611822053762936,84.53798631827037,Two year,DSL,Bank transfer (automatic),64.55,4250.1
3914-FDRHP,0.7342636,High Risk,9,0.3333333333333333,51.5520308006693,23.703486720720928,Month-to-month,Fiber optic,Electronic check,86.25,770.5
3078-ZKNTS,0.07593853,Low Risk,13,0.0,0.0,51.619740525881454,Two year,No,Bank transfer (automatic),19.75,246.7
1024-KPRBB,0.42196354,Medium Risk,38,0.3333333333333333,34.60391825838295,51.40182137489319,One year,Fiber optic,Mailed check,89.1,3342.0
4690-PKDQG,0.7163313,High Risk,42,0.5,32.280685127308544,41.68343484401703,Month-to-month,Fiber optic,Electronic check,95.55,3930.6
8155-IBNHG,0.59175134,Medium Risk,24,0.0,80.99453605766122,30.412433147430416,Month-to-month,Fiber optic,Credit card (automatic),75.4,1747.85
0886-QGENL,0.74022835,High Risk,27,0.6666666666666666,17.237049425455254,37.57191558678945,Month-to-month,Fiber optic,Electronic check,101.25,2754.45
9547-ITEFG,0.8421875,High Risk,9,0.6666666666666666,9.239118581732612,24.973957141240437,Month-to-month,Fiber optic,Credit card (automatic),102.6,897.75
1264-FUHCX,0.2722047,Low Risk,49,0.6666666666666666,17.366868832927693,70.13976514339446,One year,DSL,Credit card (automatic),56.3,2780.6
7789-CRUVC,0.29623738,Low Risk,61,0.6666666666666666,46.390617799278274,73.93813252449036,Month-to-month,Fiber optic,Credit card (automatic),94.2,5895.45
6598-KELSS,0.1550269,Low Risk,50,0.5,43.35622480335017,73.08198769887288,One year,DSL,Bank transfer (automatic),43.05,2208.05
8739-WWKDU,0.77170354,High Risk,25,0.3333333333333333,46.501889381793205,28.498156269391377,Month-to-month,Fiber optic,Electronic check,89.5,2196.15
8685-WHQPW,0.6335607,High Risk,22,0.0,80.99453605766122,27.488630811373394,Month-to-month,Fiber optic,Bank transfer (automatic),74.4,1692.6
4745-LSPLO,0.60432667,High Risk,1,0.0,0.0,20.20033339659373,Month-to-month,No,Mailed check,20.5,20.5
8083-YTZES,0.846759,High Risk,4,0.0,80.99453605766122,9.328715602556864,Month-to-month,Fiber optic,Electronic check,74.35,265.35
7240-FQLHE,0.6904617,High Risk,18,0.5,28.510464255093368,32.97691524028779,Month-to-month,Fiber optic,Bank transfer (automatic),99.75,1836.25
6664-FPDAC,0.4881765,Medium Risk,56,0.8333333333333334,3.145664578443032,65.59117674827576,One year,Fiber optic,Electronic check,111.95,6418.9
9972-VAFJJ,0.35710615,Medium Risk,53,0.6666666666666666,26.187231124018965,67.56135920683542,One year,Fiber optic,Electronic check,94.0,4871.45
0422-UXFAP,0.5147902,Medium Risk,51,0.5,20.382714003898286,55.510491132736206,One year,Fiber optic,Electronic check,98.85,4947.55
1904-WAJAA,0.09668014,Low Risk,24,0.5,52.484071802567854,65.16599178314209,Two year,DSL,Electronic check,64.35,1558.65
5130-YPIRV,0.05769964,Low Risk,62,0.6666666666666666,29.135020548865512,86.28168563048044,Two year,DSL,Credit card (automatic),72.0,4284.2
2843-CQMEG,0.35778183,Medium Risk,24,0.16666666666666666,69.85094063549555,45.4442419608434,Month-to-month,DSL,Mailed check,49.7,1218.25
6439-PKTRR,0.07523104,Low Risk,70,0.8333333333333334,23.041566545575932,92.0717825492223,Two year,DSL,Electronic check,80.7,5617.95
5351-QESIO,0.6800722,High Risk,1,0.0,80.99453605766122,16.41305724779765,Month-to-month,DSL,Mailed check,24.2,24.2
0786-VSSUD,0.5446845,Medium Risk,16,0.3333333333333333,46.501889381793205,36.09910686810811,Month-to-month,DSL,Mailed check,39.0,679.85
5568-DMXZS,0.51986647,Medium Risk,8,0.5,40.408435378503626,37.34001000722249,Month-to-month,DSL,Electronic check,65.45,554.45
8468-FZTOE,0.06802353,Low Risk,72,0.8333333333333334,23.349051253702342,93.26548854509991,Two year,DSL,Electronic check,74.35,5237.4
6633-SYEUS,0.4414095,Medium Risk,23,0.5,49.53628237772131,47.512859900792435,Month-to-month,Fiber optic,Bank transfer (automatic),83.2,2032.3
6447-GORXK,0.3582149,Medium Risk,31,0.0,80.99453605766122,45.005920926729836,Month-to-month,DSL,Credit card (automatic),25.0,789.2
6967-PEJLL,0.1678076,Low Risk,37,0.5,57.53421322144395,67.0262877146403,One year,DSL,Electronic check,40.2,1525.35
3976-BWUCK,0.5571993,Medium Risk,30,0.5,40.408435378503626,44.64003503322601,Month-to-month,Fiber optic,Credit card (automatic),94.1,2804.45
5981-ZVXOT,0.47328803,Medium Risk,35,0.8333333333333334,6.09345400328958,57.58559703826904,One year,Fiber optic,Electronic check,108.35,3726.15
1684-FLBGS,0.28933254,Low Risk,23,0.5,40.408435378503626,55.1167078812917,Month-to-month,DSL,Credit card (automatic),69.5,1652.1
1389-WNUIB,0.22642754,Low Risk,20,0.5,31.458253679939915,57.01195557912191,One year,DSL,Bank transfer (automatic),76.0,1588.75
0376-OIWME,0.5972205,Medium Risk,36,0.5,31.458253679939915,45.138975977897644,Month-to-month,Fiber optic,Electronic check,93.6,3366.05
3585-ISXZP,0.84027886,High Risk,8,0.3333333333333333,34.60391825838295,17.98605680465698,Month-to-month,Fiber optic,Bank transfer (automatic),95.65,778.1
0218-QNVAS,0.2364147,Low Risk,71,0.5,23.460322836217273,77.76259978612265,One year,Fiber optic,Bank transfer (automatic),100.55,7113.75
6583-QGCSI,0.70063096,High Risk,50,0.3333333333333333,46.501889381793205,42.46845185756683,Month-to-month,Fiber optic,Electronic check,88.05,4367.35
0804-YGEQV,0.09649636,Low Risk,43,0.0,0.0,63.09184948603313,One year,No,Bank transfer (automatic),24.45,993.15
7164-BPTUT,0.064862445,Low Risk,57,1.0,0.0,90.50687849521637,Two year,DSL,Mailed check,89.55,5012.35
4174-LPGTI,0.2677511,Low Risk,41,0.5,40.715920086630035,63.69577844937642,One year,DSL,Bank transfer (automatic),66.5,2728.6
2523-EWWZL,0.66870934,High Risk,27,0.16666666666666666,69.85094063549555,31.14786644776662,Month-to-month,Fiber optic,Electronic check,76.1,2093.4
0928-XUTSN,0.79207826,High Risk,13,0.16666666666666666,57.95296951208529,19.146087169647217,Month-to-month,Fiber optic,Electronic check,80.5,1011.8
2108-XWMPY,0.65537363,High Risk,3,0.3333333333333333,66.70527605705252,25.147985021273296,Month-to-month,DSL,Mailed check,35.45,106.85
0052-YNYOT,0.099610426,Low Risk,67,0.0,0.0,72.93614427248637,One year,No,Electronic check,20.55,1343.4
6304-IJFSQ,0.6622543,High Risk,3,0.16666666666666666,69.85094063549555,21.470619638760883,Month-to-month,DSL,Mailed check,49.9,130.1
9586-JGQKH,0.18134592,Low Risk,64,0.6666666666666666,17.366868832927693,80.93270301818846,Two year,Fiber optic,Bank transfer (automatic),105.4,6794.75
4501-VCPFK,0.40857777,Medium Risk,26,0.3333333333333333,60.67987779988698,47.071110010147095,Month-to-month,DSL,Electronic check,35.75,1022.5
6075-SLNIL,0.5936865,Medium Risk,38,0.5,32.588169835434954,46.14900728066762,Month-to-month,Fiber optic,Credit card (automatic),95.1,3691.2
9347-AERRL,0.07824478,Low Risk,23,0.0,0.0,55.67109306653341,One year,No,Credit card (automatic),19.3,486.2
0093-XWZFY,0.68456626,High Risk,40,0.6666666666666666,9.239118581732612,45.77168703079223,Month-to-month,Fiber optic,Credit card (automatic),104.5,4036.85
2274-XUATA,0.06859861,Low Risk,72,1.0,0.0,96.57006859779358,Two year,DSL,Bank transfer (automatic),63.1,4685.55
1980-KXVPM,0.8275502,High Risk,3,0.0,80.99453605766122,9.872491359710693,Month-to-month,Fiber optic,Credit card (automatic),75.05,256.25
7703-ZEKEF,0.7441222,High Risk,23,0.16666666666666666,66.77333180317656,25.710556308428444,Month-to-month,Fiber optic,Electronic check,81.0,1917.1
0723-DRCLG,0.9076647,High Risk,1,0.0,80.99453605766122,5.033430854479472,Month-to-month,Fiber optic,Electronic check,74.45,74.45
5482-NUPNA,0.47086474,Medium Risk,4,0.5,60.611822053762936,38.12342802683513,Month-to-month,DSL,Mailed check,60.4,272.15
6691-CCIHA,0.08393263,Low Risk,62,0.8333333333333334,14.221204254484661,88.30336809158325,Two year,DSL,Electronic check,84.95,5150.55
1685-BQULA,0.565049,Medium Risk,40,0.5,32.280685127308544,48.41421703497568,Month-to-month,Fiber optic,Bank transfer (automatic),93.4,3756.4
9053-EJUNL,0.6953655,High Risk,41,0.3333333333333333,46.501889381793205,38.98172557353973,Month-to-month,Fiber optic,Electronic check,89.2,3645.75
0666-UXTJO,0.59116185,Medium Risk,34,0.3333333333333333,43.42428054947422,41.27524097760518,Month-to-month,Fiber optic,Credit card (automatic),85.2,2874.45
1471-GIQKQ,0.71330905,High Risk,1,0.16666666666666666,69.85094063549555,18.084547519683838,Month-to-month,DSL,Electronic check,49.95,49.95
4807-IZYOZ,0.05980745,Low Risk,51,0.0,0.0,68.25962901115417,Two year,No,Bank transfer (automatic),20.65,1020.75
1122-JWTJW,0.8691907,High Risk,1,0.0,80.99453605766122,6.957132021586101,Month-to-month,Fiber optic,Mailed check,70.65,70.65
9710-NJERN,0.054424357,Low Risk,39,0.0,0.0,63.52878272533417,Two year,No,Mailed check,20.15,826.0
9837-FWLCH,0.30402938,Medium Risk,12,0.0,0.0,39.79853272438049,Month-to-month,No,Electronic check,19.2,239.0
1699-HPSBG,0.3432747,Medium Risk,12,0.3333333333333333,51.5520308006693,44.50293103853861,One year,DSL,Electronic check,59.8,727.8
7203-OYKCT,0.4040708,Medium Risk,72,0.6666666666666666,9.239118581732612,73.12979360421498,One year,Fiber optic,Electronic check,104.95,7544.3
1035-IPQPU,0.6261382,High Risk,63,0.6666666666666666,9.239118581732612,58.27642281850179,Month-to-month,Fiber optic,Electronic check,103.5,6479.4
7398-LXGYX,0.4583789,Medium Risk,44,0.3333333333333333,63.62766722473353,52.08105444908142,Month-to-month,Fiber optic,Credit card (automatic),84.8,3626.35
2823-LKABH,0.6228586,High Risk,18,0.5,37.63831125431105,36.35707080364228,Month-to-month,Fiber optic,Bank transfer (automatic),95.05,1679.4
8775-CEBBJ,0.49815995,Medium Risk,9,0.0,80.99453605766122,28.84200274944305,Month-to-month,DSL,Bank transfer (automatic),44.2,403.35
0550-DCXLH,0.34449786,Medium Risk,13,0.6666666666666666,17.366868832927693,51.52510702610016,Month-to-month,DSL,Mailed check,73.35,931.55
9281-CEDRU,0.05313068,Low Risk,68,0.5,40.408435378503626,85.67679901917775,Two year,DSL,Bank transfer (automatic),64.1,4326.25
2235-DWLJU,0.7254675,High Risk,6,0.3333333333333333,34.60391825838295,22.893291513125103,Month-to-month,DSL,Electronic check,44.4,263.05
0871-OPBXW,0.3838497,Medium Risk,2,0.0,0.0,31.64084633191427,Month-to-month,No,Mailed check,20.05,39.25
3605-JISKB,0.14237048,Low Risk,55,0.3333333333333333,66.70527605705252,72.4648102124532,One year,DSL,Credit card (automatic),60.0,3316.1
6894-LFHLY,0.91344094,High Risk,1,0.0,80.99453605766122,4.744619528452556,Month-to-month,Fiber optic,Electronic check,75.75,75.75
9767-FFLEM,0.53550106,Medium Risk,38,0.0,80.99453605766122,39.058280189832054,Month-to-month,Fiber optic,Credit card (automatic),69.5,2625.25
0639-TSIQW,0.46314672,Medium Risk,67,0.6666666666666666,29.135020548865512,68.09266567230225,Month-to-month,Fiber optic,Credit card (automatic),102.95,6886.25
8456-QDAVC,0.6372343,High Risk,19,0.16666666666666666,57.64548480395888,29.388286471366882,Month-to-month,Fiber optic,Bank transfer (automatic),78.7,1495.1
7750-EYXWZ,0.36292872,Medium Risk,12,0.8333333333333334,3.145664578443032,53.52022926012675,One year,DSL,Electronic check,60.65,743.3
2569-WGERO,0.042450033,Low Risk,72,0.0,0.0,77.87749946117401,Two year,No,Bank transfer (automatic),21.15,1419.4
6840-RESVB,0.2609884,Low Risk,24,0.8333333333333334,11.143595422165674,63.6172459522883,One year,DSL,Mailed check,84.8,1990.5
2234-XADUH,0.24007119,Low Risk,72,0.6666666666666666,9.239118581732612,81.32977445920308,One year,Fiber optic,Credit card (automatic),103.2,7362.9
4801-JZAZL,0.5842144,Medium Risk,11,0.16666666666666666,77.84887147921819,28.705947200457256,Month-to-month,DSL,Electronic check,29.6,346.45
8361-LTMKD,0.8234316,High Risk,4,0.0,80.99453605766122,10.495086113611857,Month-to-month,Fiber optic,Mailed check,74.4,306.6
3186-AJIEK,0.25015166,Low Risk,66,0.8333333333333334,11.143595422165674,81.65908495585124,Two year,Fiber optic,Bank transfer (automatic),105.65,6844.5
